61,46,4.9008,1e+06,18,34
142,108,3.432,3.1364,93,94
138,49,3.1796,3.1231,34,29
128,120,3.1505,5.9552,39,18
98,59,3.1094,3.4977,28,15
118,78,3.0164,2.897,21,17
122,74,3.0116,3.6505,28,18
134,112,2.9544,5.2824,18,15
100,91,2.8518,2.6172,16,22
118,76,2.8452,2.9211,21,45
102,91,2.7475,3.5275,14,22
98,62,2.7279,3.5429,28,29
130,118,2.6954,3.6225,33,21
128,118,2.6882,5.6753,39,21
138,47,2.6393,1e+06,34,26
132,114,2.6161,3.569,28,16
99,92,2.581,3.9041,48,54
122,72,2.5529,2.9691,28,18
103,89,2.5505,3.6469,23,17
58,52,2.5245,3.4066,34,24
75,65,2.4926,2.9417,87,32
97,75,2.4129,3.6536,86,87
134,114,2.395,3.2234,18,16
87,79,2.3839,6.3467,16,31
120,76,2.3668,5.0013,18,45
110,89,2.3521,6.6346,16,17
94,74,2.3466,3.2511,27,18
116,78,2.3165,2.902,20,17
132,116,2.3119,3.481,28,20
136,47,2.2954,1e+06,21,26
130,116,2.2867,4.2271,33,20
89,80,2.2762,6.6867,17,20
88,80,2.2731,6.9723,16,20
140,51,2.2353,4.2329,38,54
137,105,2.2314,3.9144,63,72
95,72,2.1997,4.2716,13,18
95,74,2.1932,3.8735,13,18
88,79,2.1858,6.7002,16,31
87,80,2.1706,6.2853,16,20
136,112,2.165,4.4635,21,15
87,81,2.1469,4.2673,16,25
136,130,2.1393,17.093,21,33
101,52,2.1379,4.6186,27,24
122,89,2.1311,24.468,28,17
102,89,2.1282,2.7047,14,17
100,59,2.1203,2.9897,16,15
119,73,2.1066,3.7086,85,37
113,89,2.0931,4.3011,54,17
98,91,2.0685,3.8875,28,22
132,112,2.0163,9.083,28,15
112,88,2.005,13.102,15,16
120,74,1.9962,2.6989,18,18
88,81,1.9831,3.5377,16,25
130,78,1.9746,6.0572,33,17
110,87,1.9694,8.1804,16,16
126,120,1.9655,4.2783,36,18
95,67,1.9639,10.505,13,22
142,107,1.9464,6.038,93,63
89,81,1.9392,2.9112,17,25
116,110,1.9337,13.213,20,16
89,79,1.9176,7.7226,17,31
139,106,1.9125,7.0329,95,92
112,67,1.9089,27.41,15,22
100,93,1.9042,2.9861,16,43
132,124,1.9033,18.426,28,34
110,104,1.9014,8.3929,16,21
89,78,1.8966,9.972,17,17
109,89,1.8781,8.8097,24,17
112,102,1.8714,13.802,15,14
102,88,1.8697,2.6602,14,16
139,107,1.8618,2.904,95,63
139,108,1.8616,2.7459,95,94
142,106,1.8594,4.347,93,92
89,72,1.8434,23.916,17,18
102,87,1.8385,6.0935,14,16
138,132,1.8366,16.781,34,28
112,95,1.8339,24.018,15,13
87,78,1.8311,9.2594,16,17
148,89,1.8303,30.556,21,17
124,98,1.8258,19.047,34,28
104,51,1.8224,4.2658,21,54
130,122,1.8155,15.315,33,28
56,49,1.8131,7.3116,19,29
110,98,1.8122,18.872,16,28
102,95,1.8106,14.49,14,13
149,69,1.8098,60.585,31,10
112,78,1.8084,10.807,15,17
89,74,1.8049,17.515,17,18
136,98,1.8047,15.407,21,28
149,87,1.7997,33.957,31,16
149,124,1.798,56.369,31,34
148,110,1.7965,21.749,21,16
124,78,1.7933,13.478,34,17
122,95,1.7927,8.4403,28,13
145,137,1.7889,18.23,98,63
149,128,1.7848,51.488,31,39
116,87,1.7823,12.684,20,16
133,99,1.7811,4.1514,49,48
148,127,1.7796,51.962,21,47
118,89,1.7791,14.429,21,17
124,95,1.7777,13.161,34,13
95,81,1.7728,16.946,13,25
109,103,1.772,7.9822,24,23
64,56,1.766,20.992,15,19
98,92,1.7658,3.2501,28,54
104,89,1.7647,5.3907,21,17
136,110,1.7591,6.8135,21,16
114,104,1.7591,14.395,16,21
95,76,1.7583,7.5296,13,45
110,72,1.7582,31.066,16,18
134,74,1.7579,17.649,18,18
116,91,1.7557,9.3573,20,22
124,112,1.7551,28.253,34,15
110,88,1.7533,10.118,16,16
122,110,1.7526,31.149,28,16
133,117,1.7514,3.7944,49,45
95,78,1.7496,13.769,13,17
67,59,1.7493,20.981,22,15
88,78,1.7493,9.0033,16,17
126,80,1.7492,18.759,36,20
124,116,1.7463,14.853,34,20
134,128,1.7457,15.396,18,39
124,89,1.745,23.828,34,17
124,102,1.7427,24.212,34,14
148,132,1.741,35.236,21,28
104,56,1.7399,3.5449,21,19
148,69,1.7392,57.783,21,10
118,111,1.7369,19.888,21,15
95,89,1.7368,16.433,13,17
104,98,1.736,15.721,21,28
95,80,1.7358,19.705,13,20
146,124,1.735,50.361,23,34
69,59,1.7349,21.331,10,15
88,64,1.7339,19.237,16,15
124,74,1.7333,6.9121,34,18
124,88,1.7313,22.123,34,16
121,66,1.7225,10.571,87,91
109,95,1.7215,28.805,24,13
120,78,1.7205,9.5745,18,17
124,80,1.7197,21.435,34,20
123,71,1.7192,7.4854,61,38
140,104,1.7187,9.9189,38,21
123,70,1.7184,7.2832,61,61
101,89,1.7133,3.3878,27,17
135,90,1.7107,3.6887,49,87
130,47,1.7098,1e+06,33,26
116,109,1.7089,17.635,20,24
98,67,1.7077,14.692,28,22
112,89,1.7046,9.5946,15,17
98,89,1.7042,10.107,28,17
88,56,1.7023,8.8991,16,19
104,80,1.702,11.995,21,20
124,114,1.7017,21.334,34,16
110,81,1.701,6.1464,16,25
110,80,1.7009,6.1304,16,20
134,80,1.7002,9.4135,18,20
145,139,1.6974,11.141,98,95
109,87,1.6953,10.72,24,16
130,80,1.6943,12.4,33,20
132,110,1.6936,13.827,28,16
114,72,1.6936,23.536,16,18
110,91,1.6919,13.18,16,22
78,69,1.6909,21.355,17,10
89,59,1.6896,9.5645,17,15
110,78,1.6896,12.159,16,17
116,79,1.6892,5.1056,20,31
124,110,1.6871,29.148,34,16
120,67,1.687,7.8701,18,22
104,88,1.6863,8.9679,21,16
59,47,1.6855,1e+06,15,26
130,89,1.6845,17.758,33,17
131,89,1.6844,15.006,28,17
148,136,1.6838,26.344,21,21
148,94,1.6823,47.079,21,27
81,72,1.6811,23.438,25,18
116,69,1.6785,19.284,20,10
125,114,1.6773,20.726,41,16
134,89,1.6767,11.804,18,17
102,56,1.6763,3.36,14,19
127,121,1.6754,3.7501,47,87
103,95,1.6749,18.87,23,13
91,80,1.6728,9.3301,22,20
148,128,1.672,48.532,21,39
122,69,1.6718,10.393,28,10
87,59,1.6708,15.924,16,15
95,87,1.6694,17.774,13,16
114,80,1.6693,4.2288,16,20
113,90,1.6681,3.5268,54,87
149,78,1.6663,39.257,31,17
122,67,1.6646,8.3644,28,22
116,89,1.6635,11.931,20,17
103,88,1.663,5.4915,23,16
114,81,1.6625,6.5455,16,25
148,124,1.6615,54.014,21,34
104,95,1.6585,22.416,21,13
52,46,1.657,1e+06,24,34
120,69,1.6537,10.559,18,10
136,87,1.6528,16.314,21,16
124,87,1.6501,21.228,34,16
89,69,1.6495,27.5,17,10
87,72,1.6488,23.886,16,18
110,102,1.6476,11.875,16,14
148,95,1.6474,49.594,21,13
95,69,1.6471,10.553,13,10
88,59,1.6467,11.83,16,15
64,58,1.6456,15.104,15,34
64,49,1.6429,21.414,15,29
114,88,1.6427,11.291,16,16
136,102,1.6425,12.853,21,14
133,115,1.6417,2.7907,49,57
137,48,1.6407,1e+06,63,52
124,109,1.6386,33.539,34,24
112,98,1.636,17.539,15,28
132,78,1.6359,7.8959,28,17
136,109,1.6359,10.872,21,24
124,91,1.6351,19.169,34,22
124,72,1.6342,7.1439,34,18
127,71,1.6331,7.5622,47,38
102,94,1.6323,11.789,14,27
120,95,1.6321,8.7127,18,13
116,95,1.6319,13.577,20,13
105,48,1.6298,1e+06,72,52
116,104,1.6284,18.048,20,21
114,95,1.6279,19.447,16,13
64,57,1.6265,17.577,15,54
146,89,1.6253,24.944,23,17
132,125,1.625,16.426,28,41
89,56,1.6241,6.9525,17,19
149,89,1.6235,32.127,31,17
129,120,1.6219,8.6786,31,18
132,87,1.6213,17.376,28,16
72,64,1.6206,10.326,18,15
122,104,1.6197,31.574,28,21
58,46,1.6184,1e+06,34,34
100,69,1.6174,20.809,16,10
116,59,1.617,15.364,20,15
130,72,1.617,15.165,33,18
132,126,1.616,13.396,28,36
148,88,1.6145,34.784,21,16
126,89,1.6136,22.676,36,17
94,64,1.6109,9.1266,27,15
87,58,1.6102,13.646,16,34
132,91,1.6101,13.155,28,22
132,88,1.6101,16.558,28,16
88,69,1.6093,27.721,16,10
56,47,1.6083,1e+06,19,26
111,79,1.6077,12.977,15,31
134,98,1.6073,13.18,18,28
127,95,1.6065,11.192,47,13
91,76,1.6061,7.1367,22,45
124,103,1.6057,28.661,34,23
112,72,1.6035,29.341,15,18
124,76,1.602,9.818,34,45
118,98,1.5998,9.8738,21,28
80,69,1.5995,28.052,20,10
118,87,1.5991,13.555,21,16
122,87,1.5982,23.122,28,16
144,110,1.5971,15.897,36,16
95,88,1.5968,15.895,13,16
125,59,1.5967,23.734,41,15
117,65,1.5948,8.1276,45,32
134,103,1.5943,14.21,18,23
124,111,1.5939,31.785,34,15
134,127,1.5914,18.737,18,47
132,79,1.5903,9.5356,28,31
114,102,1.589,14.032,16,14
132,56,1.5887,20.518,28,19
130,124,1.588,12.05,33,34
110,59,1.5872,16.269,16,15
111,87,1.587,13.886,15,16
102,81,1.5864,6.6264,14,25
104,49,1.5862,6.1655,21,29
112,81,1.5858,7.9499,15,25
132,95,1.5853,17.621,28,13
148,130,1.5841,42.933,21,33
110,95,1.584,24.961,16,13
79,72,1.5823,21.09,31,18
104,87,1.5818,10.033,21,16
127,70,1.5807,6.6513,47,61
119,65,1.5807,4.0383,85,32
102,67,1.5799,25.36,14,22
109,88,1.5786,12.918,24,16
144,124,1.5785,48.371,36,34
126,78,1.5782,11.373,36,17
114,89,1.5773,10.366,16,17
122,112,1.5764,29.89,28,15
104,67,1.5753,32.078,21,22
94,76,1.574,5.6923,27,45
114,67,1.5738,21.465,16,22
91,72,1.571,17.334,22,18
124,79,1.5709,17.807,34,31
112,100,1.5706,13.106,15,16
149,122,1.5705,58.58,31,28
130,112,1.5697,16.311,33,15
102,69,1.5694,26.594,14,10
104,69,1.569,33.633,21,10
136,129,1.5688,19.46,21,31
125,72,1.568,7.0942,41,18
131,88,1.5679,15.775,28,16
129,119,1.5676,6.4181,31,85
100,57,1.5673,4.0384,16,54
87,64,1.567,21.357,16,15
146,88,1.5667,29.069,23,16
136,124,1.5666,29.29,21,34
122,78,1.5662,16.729,28,17
98,72,1.5659,13.515,28,18
95,70,1.5657,12.271,13,61
149,104,1.5657,29.136,31,21
132,69,1.5634,19.053,28,10
149,76,1.563,45.22,31,45
95,59,1.5629,11.496,13,15
102,79,1.5628,11.608,14,31
148,138,1.5624,23.642,21,34
125,70,1.5621,7.4214,41,61
132,122,1.562,19.983,28,28
59,52,1.5616,6.9144,15,24
124,52,1.5601,32.41,34,24
109,98,1.5565,22.578,24,28
136,89,1.5565,10.731,21,17
126,74,1.5561,7.6542,36,18
120,72,1.5561,4.1419,18,18
110,69,1.555,33.546,16,10
128,81,1.5538,19.231,39,25
122,91,1.553,18.239,28,22
112,104,1.5523,11.595,15,21
122,76,1.5505,11.179,28,45
81,74,1.5503,16.757,25,18
100,89,1.5498,4.0191,16,17
112,87,1.5497,12.252,15,16
110,74,1.5474,24.358,16,18
109,80,1.5473,9.7444,24,20
132,67,1.5465,15.038,28,22
140,110,1.5456,10.266,38,16
72,62,1.5454,13.204,18,29
59,49,1.5449,8.9527,15,29
120,102,1.5445,19.687,18,14
121,68,1.5441,8.215,87,58
138,104,1.5434,9.6126,34,21
148,122,1.5434,56.262,21,28
120,114,1.5433,16.87,18,16
118,109,1.5427,21.948,21,24
140,49,1.5411,4.3941,38,29
94,78,1.5406,11.607,27,17
104,91,1.5393,11.312,21,22
89,49,1.5388,9.5818,17,29
130,114,1.5385,9.6929,33,16
136,95,1.5381,22.859,21,13
112,74,1.5374,22.872,15,18
132,64,1.5367,11.279,28,15
118,112,1.5367,16.238,21,15
94,69,1.5364,12.481,27,10
110,103,1.5359,8.3858,16,23
149,88,1.5353,36.325,31,16
112,94,1.5344,21.834,15,27
124,56,1.5342,29.398,34,19
112,64,1.5336,20.498,15,15
69,61,1.5334,17.855,10,18
89,61,1.5334,11.24,17,18
136,126,1.5333,25.488,21,36
118,74,1.5323,3.7514,21,18
134,88,1.5321,14.677,18,16
122,71,1.5317,5.2353,28,38
114,64,1.5311,16.162,16,15
124,67,1.531,11.341,34,22
57,49,1.5309,11.905,54,29
91,64,1.5305,12.117,22,15
148,79,1.53,33.86,21,31
91,69,1.5292,20.974,22,10
128,110,1.5288,24.586,39,16
67,56,1.527,28.69,22,19
120,81,1.5268,17.653,18,25
146,130,1.5261,40.459,23,33
123,111,1.5245,35.14,61,15
111,103,1.5245,12.177,15,23
128,103,1.5241,25.888,39,23
148,134,1.524,32.209,21,18
149,74,1.5237,51.692,31,18
116,98,1.5235,11.242,20,28
103,69,1.5221,30.463,23,10
94,80,1.5215,17.295,27,20
136,88,1.5211,14.883,21,16
148,116,1.5209,36.626,21,20
125,95,1.5208,13.476,41,13
91,52,1.5207,12.274,22,24
95,49,1.5205,23.987,13,29
81,59,1.5201,13.278,25,15
87,74,1.52,17.406,16,18
109,59,1.5197,19.968,24,15
127,118,1.5194,6.7466,47,21
109,79,1.5187,13.365,24,31
103,56,1.5183,3.5426,23,19
149,112,1.5175,27.569,31,15
126,91,1.5173,18.061,36,22
110,76,1.5169,17.852,16,45
136,64,1.5167,18.298,21,15
138,125,1.5163,33.457,34,41
118,91,1.5158,10.407,21,22
78,72,1.5155,17.502,17,18
102,72,1.5153,22.679,14,18
120,109,1.5141,29.169,18,24
80,67,1.5139,24.266,20,22
132,89,1.5137,15.139,28,17
148,81,1.5136,31.503,21,25
132,103,1.5121,18.924,28,23
104,72,1.5113,30.582,21,18
123,102,1.5111,25.592,61,14
148,112,1.511,24.623,21,15
88,74,1.5097,16.642,16,18
144,87,1.5096,26.223,36,16
134,64,1.5078,13.592,18,15
149,80,1.5073,31.124,31,20
110,64,1.507,23.367,16,15
124,118,1.5065,9.7636,34,21
149,64,1.5059,49.973,31,15
94,59,1.5053,10.563,27,15
122,79,1.505,20.631,28,31
112,70,1.5041,32.433,15,61
98,58,1.5031,6.777,28,34
78,59,1.5029,15.814,17,15
144,125,1.5016,47.991,36,41
126,71,1.5009,11.051,36,38
148,87,1.4991,32.427,21,16
120,91,1.4987,14.153,18,22
91,74,1.4974,11.22,22,18
127,64,1.4972,8.2238,47,15
98,87,1.4971,14.107,28,16
125,89,1.4969,24.139,41,17
132,123,1.4955,21.814,28,61
124,81,1.4948,22.118,34,25
109,78,1.4924,16.337,24,17
114,47,1.4918,1e+06,16,26
87,76,1.4917,12.044,16,45
81,49,1.4915,13.839,25,29
134,87,1.4912,15.964,18,16
148,109,1.491,19.394,21,24
127,89,1.4898,23.208,47,17
132,102,1.4893,17.284,28,14
148,78,1.4887,36.739,21,17
78,49,1.4885,18.581,17,29
148,59,1.4883,37.946,21,15
127,74,1.488,6.5696,47,18
120,112,1.4878,23.565,18,15
120,103,1.4869,24.007,18,23
90,77,1.4867,3.4675,87,42
94,67,1.4865,11.512,27,22
136,94,1.4863,20.997,21,27
103,64,1.4863,21.141,23,15
141,108,1.4857,6.7232,93,94
138,111,1.4855,5.4752,34,15
94,62,1.4853,9.4082,27,29
98,64,1.485,7.3276,28,15
138,109,1.4843,9.8027,34,24
128,80,1.4836,17.528,39,20
146,122,1.4833,51.836,23,28
112,62,1.4832,17.8,15,29
149,127,1.4828,54.911,31,47
144,104,1.4825,17.09,36,21
134,111,1.4814,8.0984,18,15
100,87,1.4813,9.5919,16,16
112,56,1.4807,15.429,15,19
132,111,1.4805,13.355,28,15
149,98,1.4799,44.806,31,28
95,62,1.4799,6.4064,13,29
136,114,1.4797,7.6063,21,16
149,95,1.4792,51.643,31,13
144,88,1.4789,26.651,36,16
134,70,1.4788,25.535,18,61
59,46,1.4778,1e+06,15,34
149,138,1.4776,26.301,31,34
97,91,1.4766,6.896,86,22
79,69,1.4764,24.894,31,10
110,94,1.4756,22.359,16,27
145,50,1.4747,12.742,98,98
98,56,1.4746,11.738,28,19
104,94,1.4744,19.862,21,27
109,64,1.4736,27.781,24,15
130,69,1.473,16.059,33,10
148,100,1.473,36.78,21,16
73,65,1.4726,4.3464,37,32
110,100,1.4721,13.383,16,16
127,80,1.4712,20.527,47,20
103,91,1.471,8.0126,23,22
114,78,1.471,4.3058,16,17
134,124,1.4706,23.696,18,34
116,74,1.4699,9.9011,20,18
100,74,1.4697,13.358,16,18
100,58,1.4694,3.2079,16,34
146,118,1.4688,38.92,23,21
95,79,1.4686,17.237,13,31
146,87,1.4676,27.572,23,16
67,52,1.4665,29.274,22,24
148,80,1.4661,28.837,21,20
149,100,1.4661,38.721,31,16
110,67,1.4659,30.441,16,22
122,114,1.4648,23.679,28,16
122,116,1.4647,16.619,28,20
101,56,1.4646,3.6044,27,19
126,72,1.4646,9.1487,36,18
72,56,1.4644,25.084,18,19
102,93,1.4641,9.1933,14,43
130,120,1.4637,8.6435,33,18
126,112,1.4634,24.671,36,15
115,80,1.4627,3.2669,57,20
111,64,1.4611,22.681,15,15
121,71,1.4609,5.8728,87,38
58,47,1.4607,1e+06,34,26
111,101,1.4606,11.636,15,27
118,110,1.4602,17.84,21,16
128,109,1.4601,28.926,39,24
116,102,1.46,14.151,20,14
98,79,1.46,14.122,28,31
112,59,1.4594,15.895,15,15
116,47,1.4589,1e+06,20,26
74,59,1.4578,15.729,18,15
98,80,1.4569,14.614,28,20
128,72,1.4568,10.096,39,18
129,73,1.4568,10.133,31,37
140,69,1.4566,38.594,38,10
114,79,1.4562,3.9715,16,31
148,47,1.4559,1e+06,21,26
69,58,1.4558,24.618,10,34
144,130,1.4554,38.258,36,33
146,78,1.4551,33.219,23,17
132,109,1.4547,17.974,28,24
104,52,1.4543,3.5244,21,24
128,79,1.4525,14.302,39,31
112,69,1.4519,30.719,15,10
95,58,1.4516,14.573,13,34
104,79,1.4515,14.314,21,31
149,136,1.4513,29.646,31,21
148,123,1.4513,57.937,21,61
144,98,1.4506,33.016,36,28
96,75,1.4504,4.3668,54,87
103,81,1.4493,7.8227,23,25
127,81,1.4491,21.54,47,25
91,56,1.4489,7.909,22,19
125,74,1.4481,7.2636,41,18
124,58,1.4479,26.402,34,34
88,67,1.4475,25.69,16,22
116,88,1.4472,11.899,20,16
114,87,1.447,11.339,16,16
146,127,1.4462,48.85,23,47
136,111,1.4459,3.7233,21,15
127,67,1.4459,2.6644,47,22
114,103,1.4446,14.291,16,23
149,109,1.4445,21.194,31,24
126,118,1.4444,6.6709,36,21
128,89,1.4441,21.528,39,17
103,79,1.4438,12.117,23,31
128,112,1.4436,21.917,39,15
76,67,1.4432,12.818,45,22
114,62,1.443,15.299,16,29
118,64,1.443,8.1515,21,15
109,69,1.4428,38.032,24,10
114,98,1.4427,14.537,16,28
67,49,1.4422,30.132,22,29
120,98,1.4422,12.737,18,28
100,94,1.4422,8.0155,16,27
91,62,1.4422,9.1211,22,29
123,104,1.4418,33.778,61,21
127,56,1.4406,27.601,47,19
111,74,1.4403,25.94,15,18
131,105,1.4403,16.799,28,72
148,70,1.4402,59.618,21,61
149,59,1.4396,40.13,31,15
123,110,1.439,32.814,61,16
128,76,1.4389,9.1711,39,45
122,64,1.4376,13.24,28,15
110,79,1.4375,9.1522,16,31
134,109,1.4367,14.464,18,24
125,104,1.4365,31.748,41,21
94,72,1.435,7.2643,27,18
58,49,1.4343,7.6433,34,29
124,104,1.4342,31.879,34,21
120,87,1.4335,17.666,18,16
136,122,1.4332,29.682,21,28
98,49,1.4323,14.105,28,29
109,102,1.4323,13.299,24,14
136,72,1.4316,28.396,21,18
128,91,1.4314,16.517,39,22
140,52,1.4313,6.5881,38,24
103,58,1.4312,6.4771,23,34
87,69,1.4305,29.056,16,10
132,98,1.4303,13.584,28,28
91,47,1.4294,1e+06,22,26
130,104,1.4277,24.368,33,21
89,64,1.4268,18.093,17,15
114,59,1.4268,15.624,16,15
91,67,1.4267,19.47,22,22
114,74,1.4265,16.921,16,18
69,49,1.4264,32.04,10,29
115,90,1.4262,3.8609,57,87
78,71,1.426,19.73,17,38
88,47,1.4257,1e+06,16,26
91,59,1.4253,7.6134,22,15
116,67,1.425,15.336,20,22
128,64,1.4244,5.733,39,15
149,118,1.4231,44.766,31,21
118,88,1.4221,13.342,21,16
148,76,1.4214,42.889,21,45
89,76,1.4209,12.021,17,45
148,56,1.4206,31.945,21,19
109,94,1.4203,26.071,24,27
128,95,1.4202,12.271,39,13
127,87,1.4201,22.644,47,16
138,94,1.4193,24.784,34,27
91,79,1.4193,9.2333,22,31
146,112,1.4192,21.43,23,15
72,59,1.4186,19.261,18,15
98,78,1.4185,11.422,28,17
127,69,1.4183,8.5821,47,10
80,59,1.4179,15.527,20,15
149,47,1.4178,1e+06,31,26
134,100,1.4173,11.517,18,16
94,56,1.4161,14.989,27,19
149,134,1.4153,35.513,31,18
136,81,1.4146,11.733,21,25
122,88,1.4141,23.045,28,16
102,78,1.4138,12.644,14,17
126,103,1.4138,27.545,36,23
125,87,1.4138,22.459,41,16
131,110,1.4137,16.251,28,16
109,100,1.4137,16.545,24,16
79,49,1.4137,17.649,31,29
130,74,1.4135,10.274,33,18
104,78,1.413,16.645,21,17
89,67,1.4128,25.599,17,22
149,120,1.4125,52.127,31,18
149,129,1.4125,48.979,31,31
127,94,1.4119,10.212,47,27
122,73,1.4118,4.7486,28,37
138,89,1.4117,11.945,34,17
69,56,1.4117,29.15,10,19
136,79,1.4114,13.249,21,31
112,76,1.4113,16.524,15,45
130,95,1.4109,15.859,33,13
127,120,1.4105,4.4317,47,18
91,57,1.4097,4.7057,22,54
148,62,1.4094,42.836,21,29
116,94,1.409,11.728,20,27
126,110,1.4089,26.563,36,16
62,56,1.4085,15.39,29,19
136,104,1.4084,10.888,21,21
124,70,1.4071,10.973,34,61
138,118,1.4071,23.169,34,21
129,117,1.406,4.7126,31,45
64,47,1.4058,1e+06,15,26
114,69,1.4049,25.596,16,10
134,116,1.4046,7.2137,18,20
126,95,1.4042,14.535,36,13
81,64,1.4039,18.2,25,15
130,87,1.4034,17.54,33,16
111,81,1.403,10.708,15,25
138,98,1.4025,17.517,34,28
116,81,1.4024,8.9193,20,25
120,94,1.4019,6.8681,18,27
116,100,1.4008,11.213,20,16
111,72,1.4008,32.105,15,18
125,103,1.4003,28.506,41,23
144,134,1.3999,26.191,36,18
146,104,1.3999,20.497,23,21
111,88,1.3994,14.759,15,16
127,116,1.399,12.42,47,20
104,81,1.3988,9.9607,21,25
118,104,1.3987,21.725,21,21
109,72,1.3983,35.368,24,18
89,47,1.3981,1e+06,17,26
130,94,1.3979,13.909,33,27
116,80,1.3969,7.127,20,20
111,104,1.3968,10.62,15,21
126,69,1.3947,12.581,36,10
98,69,1.3931,15.416,28,10
112,47,1.3924,1e+06,15,26
69,57,1.3923,25.691,10,54
95,56,1.3918,17.131,13,19
146,140,1.391,13.16,23,38
118,102,1.391,15.99,21,14
94,87,1.3909,15.061,27,16
144,91,1.3908,29.033,36,22
100,88,1.3902,6.0082,16,16
132,94,1.39,16.305,28,27
103,94,1.39,16.276,23,27
81,69,1.3899,27.24,25,10
134,69,1.3896,23.659,18,10
144,116,1.3894,32.195,36,20
113,105,1.3893,3.7698,54,72
122,102,1.3888,23.452,28,14
122,59,1.388,22.057,28,15
128,122,1.3871,10.549,39,28
134,110,1.3868,10.249,18,16
126,100,1.3867,20.345,36,16
98,88,1.3865,10.893,28,16
138,112,1.3865,7.5765,34,15
136,78,1.3859,13.154,21,17
130,111,1.3857,20.117,33,15
124,59,1.3853,25.175,34,15
144,122,1.3851,49.127,36,28
148,140,1.3849,19.009,21,38
138,58,1.3838,12.039,34,34
103,78,1.3833,14.997,23,17
120,80,1.3833,17.303,18,20
125,81,1.3833,22.312,41,25
70,52,1.383,33.062,61,24
122,100,1.3828,20.057,28,16
122,94,1.3828,8.3446,28,27
138,95,1.3822,26.822,34,13
122,70,1.3818,7.2363,28,61
130,81,1.3815,14.735,33,25
120,100,1.3807,16.304,18,16
148,72,1.3805,55.898,21,18
122,80,1.3801,24.21,28,20
120,64,1.3801,9.5526,18,15
144,138,1.38,14.296,36,34
112,80,1.38,6.3778,15,20
102,80,1.3792,10.928,14,20
81,58,1.3792,11.443,25,34
112,96,1.3791,22.532,15,54
146,67,1.3786,50.894,23,22
104,59,1.3768,11.591,21,15
134,49,1.3768,11.082,18,29
149,67,1.3764,57.547,31,22
125,88,1.3763,22.831,41,16
148,126,1.3758,50.742,21,36
94,88,1.3752,13.076,27,16
79,64,1.3751,16.963,31,15
114,70,1.375,26.751,16,61
110,101,1.3748,10.322,16,27
110,71,1.3742,32.849,16,38
138,103,1.3734,11.256,34,23
128,78,1.3732,10.662,39,17
122,56,1.3731,27.314,28,19
123,69,1.3731,11.482,61,10
87,67,1.373,26.521,16,22
124,100,1.3724,22.009,34,16
136,56,1.3714,12.522,21,19
95,64,1.3713,7.5415,13,15
130,110,1.3713,19.374,33,16
129,69,1.3709,13.065,31,10
112,103,1.3709,12.626,15,23
146,116,1.3703,34.329,23,20
136,67,1.3702,26.152,21,22
91,70,1.37,22.719,22,61
144,59,1.3697,27.599,36,15
104,58,1.3695,7.2301,21,34
130,98,1.3691,15.055,33,28
96,62,1.3688,3.05,54,29
149,49,1.368,28.993,31,29
114,76,1.3679,10.664,16,45
118,95,1.3677,9.0105,21,13
129,122,1.3668,13.972,31,28
128,102,1.3667,22.354,39,14
123,112,1.3662,31.861,61,15
141,107,1.3662,7.9837,93,63
114,91,1.3661,11.324,16,22
118,67,1.3657,9.9731,21,22
129,94,1.3655,14.209,31,27
102,76,1.3653,12.559,14,45
134,62,1.364,11.504,18,29
74,67,1.3633,8.5583,18,22
145,133,1.3631,30.721,98,49
67,58,1.3624,23.503,22,34
80,49,1.3616,14.668,20,29
148,71,1.3615,57.542,21,38
125,112,1.3613,27.509,41,15
120,104,1.361,27.18,18,21
132,118,1.3603,7.8668,28,21
111,102,1.3599,14.558,15,14
149,130,1.3593,46.095,31,33
91,78,1.3586,8.4563,22,17
144,69,1.3578,50.118,36,10
103,80,1.3571,10.375,23,20
111,95,1.3564,26.31,15,13
61,47,1.3562,1e+06,18,26
128,67,1.3559,3.5052,39,22
128,74,1.3552,8.2791,39,18
130,59,1.3549,19.096,33,15
110,56,1.3538,13.18,16,19
138,123,1.3535,37.114,34,61
65,57,1.3535,20.288,32,54
134,67,1.3535,20.435,18,22
149,114,1.3534,33.735,31,16
104,47,1.3533,1e+06,21,26
102,96,1.3531,12.979,14,54
89,52,1.3529,9.61,17,24
126,81,1.3528,20.264,36,25
112,93,1.3514,19.037,15,43
148,64,1.3508,47.14,21,15
94,79,1.3506,15.01,27,31
134,79,1.3505,10.306,18,31
136,116,1.3503,12.383,21,20
109,56,1.3501,14.315,24,19
134,125,1.3501,21.952,18,41
130,102,1.3499,19.646,33,14
118,80,1.3494,9.9933,21,20
112,71,1.3491,30.849,15,38
124,96,1.349,16.014,34,54
72,52,1.3485,29.204,18,24
149,81,1.3482,33.551,31,25
127,91,1.3474,17.363,47,22
96,73,1.3472,6.1951,54,37
148,111,1.3465,21.545,21,15
148,102,1.3465,34.09,21,14
87,56,1.3463,12.221,16,19
124,62,1.3458,20.491,34,29
100,72,1.3452,17.481,16,18
134,122,1.3445,24.463,18,28
80,72,1.3445,24.572,20,18
141,106,1.3442,9.2685,93,92
136,69,1.3441,29.118,21,10
127,78,1.344,13.391,47,17
110,49,1.344,8.5697,16,29
118,79,1.3427,6.5104,21,31
142,104,1.3426,9.1327,93,21
125,78,1.3423,13.772,41,17
148,98,1.3422,42.613,21,28
149,103,1.3417,30.748,31,23
126,87,1.3417,21,36,16
132,100,1.3416,13.318,28,16
69,47,1.3416,1e+06,10,26
144,89,1.3415,22.278,36,17
149,71,1.3414,60.089,31,38
130,103,1.3412,22.734,33,23
111,69,1.341,33.393,15,10
144,102,1.3405,24.078,36,14
91,58,1.3404,6.7554,22,34
132,76,1.3402,9.4926,28,45
141,135,1.34,17.095,93,49
136,91,1.3398,13.544,21,22
125,110,1.3393,29.26,41,16
88,76,1.3387,11.272,16,45
146,120,1.3387,45.86,23,18
144,126,1.3384,45.678,36,36
128,69,1.3375,7.5019,39,10
146,81,1.3372,27.13,23,25
72,58,1.3362,22.567,18,34
120,70,1.336,9.923,18,61
130,58,1.3359,19.934,33,34
98,61,1.3357,3.4927,28,18
125,71,1.3355,9.6063,41,38
110,47,1.3348,1e+06,16,26
112,58,1.3348,15.532,15,34
148,125,1.3345,53.8,21,41
134,95,1.3345,19.418,18,13
111,76,1.3344,19.722,15,45
134,126,1.3344,19.358,18,36
144,100,1.3343,27.482,36,16
138,114,1.3337,12.749,34,16
136,74,1.3335,22.66,21,18
138,130,1.333,23.225,34,33
125,118,1.3325,8.152,41,21
148,120,1.3325,49.709,21,18
130,123,1.3321,16.118,33,61
145,135,1.3319,24.302,98,49
106,50,1.3315,3.2117,92,98
70,56,1.3304,31.127,61,19
79,67,1.3297,21.049,31,22
140,124,1.3297,40.332,38,34
103,87,1.3293,5.8068,23,16
118,47,1.3291,1e+06,21,26
114,100,1.3291,11.911,16,16
138,102,1.3284,14.076,34,14
102,59,1.3282,7.7545,14,15
123,78,1.3278,17.486,61,17
131,61,1.3276,7.0958,28,18
127,109,1.3275,32.175,47,24
111,78,1.3273,14.448,15,17
126,49,1.3267,30.985,36,29
138,107,1.3264,4.1209,34,63
144,80,1.3262,25.782,36,20
118,72,1.3254,10.068,21,18
110,52,1.3251,11.345,16,24
149,116,1.3245,39.687,31,20
112,57,1.3241,18.044,15,54
104,64,1.324,23.902,21,15
69,62,1.3238,13.026,10,29
140,120,1.3237,34.741,38,18
132,47,1.3235,1e+06,28,26
121,112,1.3232,27.354,87,15
80,57,1.3229,15.414,20,54
65,58,1.3227,18.286,32,34
128,114,1.3227,15.374,39,16
124,93,1.3225,15.729,34,43
129,80,1.322,15.917,31,20
94,81,1.3213,14.272,27,25
130,88,1.3212,17.115,33,16
132,104,1.3206,20.14,28,21
136,49,1.3206,5.2748,21,29
131,117,1.3199,2.9539,28,45
124,47,1.3195,1e+06,34,26
80,64,1.3191,18.868,20,15
103,76,1.3189,16.547,23,45
78,67,1.3186,17.607,17,22
144,136,1.3183,19.872,36,21
59,51,1.3183,13.313,15,54
122,109,1.3182,35.626,28,24
138,116,1.3181,18.08,34,20
95,47,1.3178,1e+06,13,26
96,72,1.3171,9.0884,54,18
142,135,1.3169,15.54,93,49
129,74,1.3168,10.567,31,18
143,107,1.3161,6.4336,81,63
127,76,1.3154,9.6494,47,45
76,64,1.3145,9.6667,45,15
116,72,1.3145,16.563,20,18
138,110,1.3141,7.1891,34,16
124,94,1.314,11.688,34,27
112,49,1.3135,10.41,15,29
103,72,1.3135,27.098,23,18
127,103,1.3134,27.276,47,23
124,69,1.3133,14.037,34,10
128,88,1.3132,21.01,39,16
134,104,1.3132,14.877,18,21
127,79,1.3126,17.046,47,31
116,103,1.3124,16.878,20,23
127,110,1.3122,27.813,47,16
134,91,1.3117,12.472,18,22
144,127,1.3115,46.347,36,47
98,76,1.3114,8.5615,28,45
98,71,1.3113,14.691,28,38
140,80,1.311,19.245,38,20
128,104,1.3105,28.436,39,21
64,52,1.3095,20.571,15,24
140,130,1.3092,29.61,38,33
144,95,1.3087,40.774,36,13
134,59,1.3085,11.679,18,15
146,114,1.3079,27.896,23,16
76,62,1.3079,10.725,45,29
118,100,1.3078,12.254,21,16
149,132,1.3064,38.697,31,28
111,91,1.3059,15.587,15,22
146,91,1.3053,32.04,23,22
116,76,1.3052,3.9602,20,45
148,114,1.305,30.819,21,16
128,47,1.3048,1e+06,39,26
146,79,1.3042,30.353,23,31
118,58,1.3038,16.655,21,34
126,67,1.3038,6.0941,36,22
112,52,1.3037,14.048,15,24
104,76,1.302,19.55,21,45
102,62,1.3019,13.683,14,29
63,46,1.3015,1e+06,50,34
80,61,1.3014,13.76,20,18
125,56,1.3013,29.06,41,19
130,64,1.3007,10.299,33,15
98,57,1.2999,8.1975,28,54
144,132,1.2988,31.684,36,28
122,81,1.2978,23.524,28,25
71,46,1.2976,1e+06,38,34
112,91,1.2966,13.544,15,22
88,52,1.2965,12.728,16,24
111,105,1.2963,7.3993,15,72
87,49,1.296,15.967,16,29
134,71,1.2959,24.342,18,38
79,52,1.2957,18.176,31,24
78,62,1.2955,14.053,17,29
132,81,1.2954,12.864,28,25
103,52,1.295,5.7177,23,24
124,64,1.2949,15.993,34,15
72,46,1.2944,1e+06,18,34
144,114,1.2943,25.97,36,16
98,70,1.2942,17.55,28,61
140,116,1.294,24.116,38,20
81,52,1.2937,13.822,25,24
114,58,1.2937,15.47,16,34
129,110,1.2936,22.302,31,16
136,59,1.2934,11.426,21,15
136,80,1.2933,10.543,21,20
74,64,1.293,9.1361,18,15
116,56,1.2925,18.858,20,19
111,89,1.2924,10.342,15,17
143,89,1.2924,17.129,81,17
133,61,1.2919,5.3059,49,18
131,65,1.2915,7.6321,28,32
120,89,1.2913,19.402,18,17
89,70,1.2912,29.229,17,61
131,114,1.2907,7.2992,28,16
116,52,1.2899,18.852,20,24
109,47,1.2896,1e+06,24,26
136,120,1.2895,23.879,21,18
140,126,1.2894,37.446,38,36
129,112,1.2892,19.028,31,15
144,64,1.2891,39.362,36,15
129,56,1.2885,26.301,31,19
134,118,1.2883,12.002,18,21
148,118,1.2883,42.171,21,21
91,81,1.2878,5.5493,22,25
76,69,1.2876,15.359,45,10
138,78,1.2874,18.29,34,17
144,81,1.2865,25.266,36,25
148,91,1.2857,37.613,21,22
131,87,1.2854,16.676,28,16
146,95,1.2846,44.125,23,13
126,98,1.2844,17.296,36,28
78,47,1.2838,1e+06,17,26
125,69,1.2838,11.779,41,10
127,72,1.2835,6.2432,47,18
125,80,1.2833,21.504,41,20
140,87,1.2833,21.135,38,16
87,52,1.2829,15.61,16,24
109,91,1.2815,16.645,24,22
