61,46,2.3566,1e+06,18,34
99,92,2.1123,3.9041,48,54
119,73,1.863,3.7086,85,37
145,139,1.8434,11.141,98,95
142,108,1.786,3.1364,93,94
133,117,1.4825,3.7944,49,45
100,91,1.4743,2.6172,16,22
134,112,1.4559,5.2824,18,15
65,57,1.4351,20.288,32,54
118,78,1.4025,2.897,21,17
137,105,1.3932,3.9144,63,72
134,114,1.3931,3.2234,18,16
121,66,1.3893,10.571,87,91
98,59,1.3878,3.4977,28,15
102,91,1.3808,3.5275,14,22
140,51,1.3692,4.2329,38,54
52,46,1.3579,1e+06,24,34
133,99,1.3538,4.1514,49,48
139,108,1.3437,2.7459,95,94
142,106,1.3309,4.347,93,92
136,47,1.3299,1e+06,21,26
56,49,1.3242,7.3116,19,29
57,50,1.311,13.621,54,98
101,52,1.2982,4.6186,27,24
57,51,1.2972,12.394,54,54
105,90,1.296,4.0849,72,87
101,90,1.292,3.8477,27,87
122,74,1.2907,3.6505,28,18
100,59,1.2888,2.9897,16,15
132,116,1.2729,3.481,28,20
133,119,1.2672,9.8254,49,85
99,60,1.261,2.794,48,50
95,72,1.2554,4.2716,13,18
132,118,1.255,7.8668,28,21
65,58,1.2471,18.286,32,34
142,107,1.2458,6.038,93,63
58,52,1.2401,3.4066,34,24
132,114,1.2338,3.569,28,16
113,90,1.2312,3.5268,54,87
97,90,1.2221,10.474,86,87
145,50,1.2102,12.742,98,98
57,46,1.21,1e+06,54,34
141,106,1.2068,9.2685,93,92
103,89,1.2011,3.6469,23,17
148,88,1.2006,34.784,21,16
92,77,1.1957,3.8375,54,42
61,51,1.1943,16.708,18,54
94,74,1.1755,3.2511,27,18
87,79,1.1723,6.3467,16,31
113,105,1.1695,3.7698,54,72
128,118,1.1637,5.6753,39,21
145,106,1.1634,13.733,98,92
57,48,1.1631,1e+06,54,52
136,112,1.1626,4.4635,21,15
107,101,1.1558,11.019,63,27
145,135,1.1537,24.302,98,49
115,90,1.1492,3.8609,57,87
139,106,1.1489,7.0329,95,92
130,102,1.1476,19.646,33,14
133,115,1.1437,2.7907,49,57
118,76,1.1411,2.9211,21,45
105,48,1.1366,1e+06,72,52
145,108,1.125,10.88,98,94
56,46,1.1224,1e+06,19,34
56,50,1.119,7.8187,19,98
102,89,1.1182,2.7047,14,17
78,72,1.1124,17.502,17,18
113,87,1.1119,8.051,54,16
104,98,1.1022,15.721,21,28
98,62,1.0978,3.5429,28,29
143,107,1.0962,6.4336,81,63
58,46,1.0933,1e+06,34,34
127,121,1.0912,3.7501,47,87
145,137,1.091,18.23,98,63
119,75,1.0893,3.99,85,87
130,122,1.0887,15.315,33,28
97,75,1.0882,3.6536,86,87
126,120,1.0878,4.2783,36,18
123,71,1.0843,7.4854,61,38
113,89,1.0842,4.3011,54,17
89,80,1.0822,6.6867,17,20
126,80,1.0813,18.759,36,20
77,71,1.0789,16.847,42,38
131,115,1.0767,3.6948,28,57
137,48,1.0764,1e+06,63,52
56,47,1.0726,1e+06,19,26
141,108,1.0689,6.7232,93,94
130,118,1.0655,3.6225,33,21
130,116,1.0601,4.2271,33,20
110,104,1.0597,8.3929,16,21
120,76,1.0531,5.0013,18,45
75,65,1.0523,2.9417,87,32
138,131,1.0476,19.384,34,28
135,90,1.0453,3.6887,49,87
138,47,1.0418,1e+06,34,26
130,120,1.0414,8.6435,33,18
58,49,1.0407,7.6433,34,29
147,107,1.0375,16.122,70,63
57,49,1.0358,11.905,54,29
106,50,1.0339,3.2117,92,98
107,90,1.031,10.216,63,87
100,93,1.0301,2.9861,16,43
139,50,1.0294,3.3179,95,98
87,80,1.0243,6.2853,16,20
122,72,1.0232,2.9691,28,18
144,116,1.0223,32.195,36,20
120,104,1.0166,27.18,18,21
136,130,1.0156,17.093,21,33
112,102,1.0126,13.802,15,14
102,95,1.0121,14.49,14,13
118,88,1.0113,13.342,21,16
148,134,1.0095,32.209,21,18
102,88,1.0078,2.6602,14,16
58,47,1.007,1e+06,34,26
120,95,1.0069,8.7127,18,13
128,81,1.0059,19.231,39,25
94,76,1.0057,5.6923,27,45
132,124,1.0008,18.426,28,34
61,47,1.0002,1e+06,18,26
121,68,0.9995,8.215,87,58
102,94,0.99942,11.789,14,27
136,111,0.99868,3.7233,21,15
146,140,0.99672,13.16,23,38
100,94,0.99645,8.0155,16,27
97,66,0.99396,10.907,86,91
89,79,0.99108,7.7226,17,31
59,52,0.99094,6.9144,15,24
128,120,0.99048,5.9552,39,18
110,100,0.9887,13.383,16,16
146,111,0.98807,18.528,23,15
149,107,0.9872,19.651,31,63
124,112,0.98681,28.253,34,15
59,49,0.98606,8.9527,15,29
130,115,0.98499,6.9053,33,57
127,116,0.98419,12.42,47,20
114,91,0.98342,11.324,16,22
132,126,0.98299,13.396,28,36
87,81,0.98262,4.2673,16,25
112,72,0.97723,29.341,15,18
134,91,0.97697,12.472,18,22
148,109,0.97587,19.394,21,24
112,94,0.97513,21.834,15,27
138,127,0.97481,30.91,34,47
98,72,0.97449,13.515,28,18
58,48,0.97311,1e+06,34,52
120,110,0.97278,24.782,18,16
115,80,0.97244,3.2669,57,20
149,129,0.97186,48.979,31,31
64,56,0.97107,20.992,15,19
115,107,0.96888,14.486,57,63
134,128,0.96884,15.396,18,39
108,50,0.96594,3.1989,94,98
148,136,0.96503,26.344,21,21
141,135,0.96475,17.095,93,49
130,89,0.96346,17.758,33,17
59,46,0.96274,1e+06,15,34
145,97,0.96145,38.172,98,86
64,58,0.96114,15.104,15,34
132,125,0.95999,16.426,28,41
88,81,0.95872,3.5377,16,25
60,50,0.95867,9.9739,50,98
67,58,0.95681,23.503,22,34
90,52,0.9562,8.4878,87,24
109,91,0.9561,16.645,24,22
138,49,0.95557,3.1231,34,29
109,103,0.95381,7.9822,24,23
112,95,0.95366,24.018,15,13
95,74,0.95198,3.8735,13,18
130,88,0.95188,17.115,33,16
136,110,0.94996,6.8135,21,16
125,118,0.94776,8.152,41,21
132,102,0.94737,17.284,28,14
132,120,0.94533,13.651,28,18
148,140,0.94265,19.009,21,38
134,110,0.9426,10.249,18,16
134,80,0.94258,9.4135,18,20
147,141,0.94215,13.429,70,93
98,91,0.94093,3.8875,28,22
136,98,0.94026,15.407,21,28
103,91,0.93746,8.0126,23,22
147,139,0.93716,16.833,70,95
146,112,0.93562,21.43,23,15
125,116,0.93534,13.989,41,20
116,95,0.93456,13.577,20,13
60,46,0.93441,1e+06,50,34
61,52,0.93321,10.742,18,24
121,112,0.9327,27.354,87,15
56,48,0.93085,1e+06,19,52
144,112,0.93016,19.308,36,15
117,97,0.92993,7.4897,45,86
106,97,0.92985,21.416,92,86
148,128,0.9295,48.532,21,39
112,91,0.92937,13.544,15,22
118,112,0.92883,16.238,21,15
111,103,0.92763,12.177,15,23
126,116,0.92724,11.496,36,20
134,116,0.92707,7.2137,18,20
62,47,0.92687,1e+06,29,26
110,94,0.92687,22.359,16,27
134,124,0.92666,23.696,18,34
109,95,0.92596,28.805,24,13
122,100,0.9249,20.057,28,16
109,98,0.92373,22.578,24,28
116,98,0.9235,11.242,20,28
69,62,0.9234,13.026,10,29
80,74,0.923,17.683,20,18
116,110,0.92243,13.213,20,16
90,75,0.92143,10.09,87,87
60,51,0.91973,11.523,50,54
146,124,0.91924,50.361,23,34
117,65,0.91904,8.1276,45,32
114,95,0.91876,19.447,16,13
136,102,0.91834,12.853,21,14
136,109,0.91724,10.872,21,24
134,103,0.91703,14.21,18,23
58,51,0.9168,7.5354,34,54
132,88,0.9167,16.558,28,16
104,95,0.91666,22.416,21,13
75,50,0.91647,24.653,87,98
129,122,0.91561,13.972,31,28
147,77,0.91483,37.564,70,42
104,89,0.9142,5.3907,21,17
78,71,0.91085,19.73,17,38
110,89,0.9097,6.6346,16,17
95,89,0.90849,16.433,13,17
132,111,0.90834,13.355,28,15
138,95,0.90828,26.822,34,13
118,95,0.90776,9.0105,21,13
117,92,0.90745,4.8627,45,54
122,104,0.90703,31.574,28,21
120,91,0.90567,14.153,18,22
120,102,0.90485,19.687,18,14
134,87,0.90471,15.964,18,16
124,114,0.90428,21.334,34,16
125,80,0.90419,21.504,41,20
109,89,0.90407,8.8097,24,17
110,87,0.90393,8.1804,16,16
110,91,0.90286,13.18,16,22
110,95,0.90286,24.961,16,13
76,64,0.90233,9.6667,45,15
98,49,0.90232,14.105,28,29
116,94,0.90231,11.728,20,27
60,52,0.90162,6.3355,50,24
129,117,0.90158,4.7126,31,45
124,93,0.90131,15.729,34,43
103,87,0.90118,5.8068,23,16
116,67,0.89916,15.336,20,22
128,116,0.89915,9.3985,39,20
148,95,0.89812,49.594,21,13
109,88,0.89715,12.918,24,16
146,134,0.89636,29.109,23,18
131,118,0.89627,5.2223,28,21
114,80,0.8959,4.2288,16,20
132,79,0.89589,9.5356,28,31
129,98,0.89523,15.444,31,28
134,111,0.89522,8.0984,18,15
111,95,0.89447,26.31,15,13
80,67,0.89301,24.266,20,22
141,50,0.8926,5.0684,93,98
139,107,0.89159,2.904,95,63
116,78,0.89076,2.902,20,17
124,102,0.88998,24.212,34,14
134,104,0.88985,14.877,18,21
136,116,0.88945,12.383,21,20
97,91,0.88911,6.896,86,22
148,114,0.88881,30.819,21,16
131,117,0.88881,2.9539,28,45
104,51,0.88875,4.2658,21,54
144,98,0.88816,33.016,36,28
110,103,0.88815,8.3858,16,23
118,89,0.88777,14.429,21,17
124,116,0.88697,14.853,34,20
104,91,0.88648,11.312,21,22
148,98,0.88617,42.613,21,28
142,135,0.88614,15.54,93,49
144,104,0.88584,17.09,36,21
115,105,0.88576,9.4076,57,72
142,50,0.88547,3.2116,93,98
131,119,0.88474,7.0698,28,85
128,110,0.88473,24.586,39,16
100,88,0.88446,6.0082,16,16
112,104,0.88425,11.595,15,21
148,132,0.88423,35.236,21,28
59,47,0.88275,1e+06,15,26
132,119,0.88244,10.339,28,85
88,79,0.88211,6.7002,16,31
135,99,0.88174,4.7022,49,48
138,129,0.8816,25.537,34,31
142,75,0.88129,30.46,93,87
111,104,0.88009,10.62,15,21
111,105,0.87979,7.3993,15,72
94,73,0.87957,3.6887,27,37
128,78,0.8792,10.662,39,17
135,115,0.87913,3.452,49,57
89,73,0.87883,20.037,17,37
137,108,0.87871,6.1219,63,94
120,112,0.87735,23.565,18,15
124,80,0.87634,21.435,34,20
146,69,0.87571,53.572,23,10
62,56,0.8757,15.39,29,19
122,80,0.87545,24.21,28,20
140,110,0.8754,10.266,38,16
120,98,0.87532,12.737,18,28
149,95,0.87521,51.643,31,13
148,112,0.87487,24.623,21,15
122,98,0.87464,15.867,28,28
104,94,0.87326,19.862,21,27
102,87,0.87316,6.0935,14,16
144,138,0.87314,14.296,36,34
117,100,0.87262,10.259,45,16
133,118,0.87257,6.8582,49,21
124,98,0.87234,19.047,34,28
116,69,0.8721,19.284,20,10
116,104,0.87201,18.048,20,21
77,48,0.87109,1e+06,42,52
87,46,0.87062,1e+06,16,34
113,102,0.86925,9.188,54,14
118,81,0.86913,11.745,21,25
127,64,0.86854,8.2238,47,15
109,94,0.86842,26.071,24,27
129,123,0.86835,15.068,31,61
129,110,0.86812,22.302,31,16
111,102,0.86749,14.558,15,14
61,48,0.86737,1e+06,18,52
121,71,0.86695,5.8728,87,38
128,111,0.86692,25.322,39,15
94,88,0.86685,13.076,27,16
130,117,0.86594,3.0653,33,45
120,111,0.86531,26.988,18,15
120,103,0.86486,24.007,18,23
131,116,0.86467,3.1774,28,20
120,89,0.86405,19.402,18,17
129,94,0.86396,14.209,31,27
114,94,0.86359,17.533,16,27
120,74,0.86348,2.6989,18,18
128,117,0.8634,6.0614,39,45
112,88,0.86307,13.102,15,16
126,110,0.86213,26.563,36,16
110,80,0.86204,6.1304,16,20
137,101,0.86203,8.3817,63,27
87,77,0.86183,8.4357,16,42
104,88,0.86166,8.9679,21,16
134,98,0.86132,13.18,18,28
121,114,0.86113,20.909,87,16
97,65,0.8609,7.6147,86,32
127,89,0.8608,23.208,47,17
112,100,0.86052,13.106,15,16
112,98,0.85978,17.539,15,28
127,118,0.85945,6.7466,47,21
103,95,0.8593,18.87,23,13
91,69,0.85925,20.974,22,10
110,90,0.85917,7.1116,16,87
94,80,0.85769,17.295,27,20
136,94,0.85703,20.997,21,27
148,116,0.85701,36.626,21,20
95,80,0.85633,19.705,13,20
149,136,0.85605,29.646,31,21
141,97,0.85603,29.07,93,86
149,72,0.85476,58.301,31,18
111,87,0.85458,13.886,15,16
138,130,0.85384,23.225,34,33
126,74,0.85347,7.6542,36,18
91,72,0.85283,17.334,22,18
147,90,0.85225,30.19,70,87
116,81,0.85182,8.9193,20,25
100,89,0.85127,4.0191,16,17
131,114,0.85111,7.2992,28,16
114,101,0.8511,12.362,16,27
130,79,0.85103,9.5028,33,31
89,78,0.85093,9.972,17,17
148,127,0.85072,51.962,21,47
96,72,0.85019,9.0884,54,18
144,69,0.84984,50.118,36,10
101,78,0.84972,12.816,27,17
134,127,0.84962,18.737,18,47
147,87,0.84952,31.634,70,16
140,52,0.84937,6.5881,38,24
138,125,0.84895,33.457,34,41
134,49,0.84859,11.082,18,29
116,91,0.8482,9.3573,20,22
136,95,0.84812,22.859,21,13
149,103,0.84805,30.748,31,23
119,108,0.848,29.995,85,94
149,76,0.84681,45.22,31,45
91,56,0.84644,7.909,22,19
97,50,0.84619,20.641,86,98
96,65,0.8455,7.6356,54,32
116,102,0.84503,14.151,20,14
101,89,0.84501,3.3878,27,17
96,75,0.84458,4.3668,54,87
133,123,0.84426,20.944,49,61
138,100,0.84414,14.35,34,16
144,134,0.8437,26.191,36,18
75,68,0.84369,4.3884,87,58
105,89,0.84319,3.3891,72,17
138,114,0.84273,12.749,34,16
140,129,0.84218,32.009,38,31
136,76,0.84195,16.817,21,45
67,60,0.84102,19.909,22,50
69,61,0.84051,17.855,10,18
67,59,0.84046,20.981,22,15
101,56,0.84023,3.6044,27,19
95,87,0.83927,17.774,13,16
122,110,0.83926,31.149,28,16
96,90,0.83896,12.45,54,87
60,48,0.83895,1e+06,50,52
114,104,0.83843,14.395,16,21
99,90,0.83834,4.3836,48,87
149,143,0.83826,14.941,31,81
114,81,0.83801,6.5455,16,25
106,90,0.83789,8.5385,92,87
78,67,0.83773,17.607,17,22
88,80,0.83693,6.9723,16,20
127,95,0.83673,11.192,47,13
110,102,0.83588,11.875,16,14
125,89,0.83581,24.139,41,17
106,99,0.83535,15.497,92,48
129,100,0.83432,17.365,31,16
130,123,0.8343,16.118,33,61
136,114,0.83333,7.6063,21,16
135,113,0.83285,2.8676,49,54
118,74,0.83273,3.7514,21,18
88,78,0.83272,9.0033,16,17
128,65,0.83263,2.6457,39,32
130,103,0.83245,22.734,33,23
133,61,0.83229,5.3059,49,18
132,69,0.832,19.053,28,10
132,95,0.83128,17.621,28,13
116,89,0.83109,11.931,20,17
125,70,0.83037,7.4214,41,61
136,91,0.83013,13.544,21,22
122,71,0.82996,5.2353,28,38
113,88,0.82951,8.3436,54,16
88,67,0.82915,25.69,16,22
81,49,0.82836,13.839,25,29
133,72,0.82829,17.454,49,18
121,65,0.82791,8.0232,87,32
129,116,0.82784,6.9041,31,20
57,47,0.82782,1e+06,54,26
144,124,0.82673,48.371,36,34
134,118,0.82589,12.002,18,21
132,112,0.82549,9.083,28,15
139,129,0.8254,29.041,95,31
136,126,0.82507,25.488,21,36
72,56,0.82494,25.084,18,19
94,87,0.82485,15.061,27,16
112,78,0.82479,10.807,15,17
75,66,0.82471,5.5876,87,91
122,116,0.82432,16.619,28,20
138,122,0.82426,34.754,34,28
129,120,0.82417,8.6786,31,18
120,113,0.82403,20.228,18,54
128,112,0.82403,21.917,39,15
121,115,0.82401,17.671,87,57
114,87,0.82385,11.339,16,16
140,92,0.82332,23.333,38,54
129,73,0.82327,10.133,31,37
109,67,0.82303,35.021,24,22
114,88,0.82291,11.291,16,16
134,74,0.8229,17.649,18,18
123,110,0.82284,32.814,61,16
132,122,0.82262,19.983,28,28
146,102,0.82258,27.26,23,14
110,81,0.82226,6.1464,16,25
108,97,0.82211,25.423,94,86
148,110,0.82203,21.749,21,16
109,93,0.82149,23.416,24,43
117,109,0.82135,20.825,45,24
89,52,0.82093,9.61,17,24
145,119,0.82079,43.782,98,85
112,103,0.82042,12.626,15,23
126,118,0.82025,6.6709,36,21
129,118,0.82015,6.1085,31,21
112,74,0.8201,22.872,15,18
128,122,0.82005,10.549,39,28
132,96,0.82001,15.626,28,54
102,72,0.81983,22.679,14,18
110,76,0.81945,17.852,16,45
146,120,0.81936,45.86,23,18
112,79,0.81901,9.0986,15,31
146,67,0.81872,50.894,23,22
103,69,0.81861,30.463,23,10
149,134,0.81834,35.513,31,18
123,116,0.81825,18.423,61,20
72,59,0.81807,19.261,18,15
138,104,0.818,9.6126,34,21
146,125,0.81784,50.296,23,41
91,76,0.81779,7.1367,22,45
67,49,0.81725,30.132,22,29
108,51,0.81621,6.1169,94,54
138,91,0.8161,16.536,34,22
120,94,0.81501,6.8681,18,27
136,100,0.81389,12.102,21,16
126,109,0.81344,30.726,36,24
102,93,0.8134,9.1933,14,43
149,112,0.81284,27.569,31,15
116,109,0.81276,17.635,20,24
127,87,0.81245,22.644,47,16
146,74,0.8121,44.806,23,18
148,103,0.81195,29.36,21,23
130,107,0.8119,24.881,33,63
146,98,0.81176,37.108,23,28
67,61,0.81137,16.344,22,18
140,131,0.81127,25.766,38,28
104,56,0.81056,3.5449,21,19
138,89,0.81039,11.945,34,17
131,87,0.81001,16.676,28,16
149,114,0.81001,33.735,31,16
133,89,0.80982,11.614,49,17
116,72,0.80894,16.563,20,18
135,50,0.80881,9.1767,49,98
81,74,0.80869,16.757,25,18
118,87,0.80834,13.555,21,16
62,51,0.80821,20.288,29,54
134,120,0.80805,18.347,18,18
134,79,0.80793,10.306,18,31
123,70,0.80699,7.2832,61,61
109,102,0.80667,13.299,24,14
148,102,0.80637,34.09,21,14
114,79,0.80552,3.9715,16,31
99,63,0.80534,5.3674,48,50
131,74,0.80482,10.906,28,18
122,87,0.8048,23.122,28,16
136,72,0.80412,28.396,21,18
112,47,0.80398,1e+06,15,26
88,69,0.8039,27.721,16,10
136,104,0.80387,10.888,21,21
97,73,0.80382,7.0114,86,37
109,72,0.8038,35.368,24,18
122,112,0.80377,29.89,28,15
100,74,0.80348,13.358,16,18
127,120,0.80321,4.4317,47,18
68,50,0.80248,30.885,58,98
144,95,0.80192,40.774,36,13
139,97,0.80167,23.709,95,86
114,103,0.80144,14.291,16,23
95,49,0.80123,23.987,13,29
79,71,0.8008,23.353,31,38
140,126,0.80053,37.446,38,36
134,94,0.80026,17.962,18,27
89,76,0.79945,12.021,17,45
127,98,0.79911,14.524,47,28
130,64,0.79892,10.299,33,15
118,100,0.79836,12.254,21,16
138,118,0.79822,23.169,34,21
122,89,0.79822,24.468,28,17
91,49,0.79814,14.09,22,29
95,67,0.79783,10.505,13,22
128,89,0.79734,21.528,39,17
94,47,0.79731,1e+06,27,26
113,107,0.79725,7.0442,54,63
100,64,0.79658,11.939,16,15
146,138,0.79655,18.619,23,34
111,74,0.79641,25.94,15,18
100,67,0.79633,19.968,16,22
123,72,0.79615,5.41,61,18
74,64,0.79593,9.1361,18,15
134,109,0.7959,14.464,18,24
148,78,0.7958,36.739,21,17
109,46,0.79568,1e+06,24,34
114,106,0.79561,12.367,16,92
148,91,0.79521,37.613,21,22
95,69,0.79483,10.553,13,10
144,132,0.79357,31.684,36,28
122,102,0.79348,23.452,28,14
100,87,0.79287,9.5919,16,16
126,95,0.79258,14.535,36,13
125,88,0.79251,22.831,41,16
112,89,0.79182,9.5946,15,17
148,89,0.79127,30.556,21,17
132,91,0.79088,13.155,28,22
69,58,0.79057,24.618,10,34
125,103,0.79053,28.506,41,23
129,91,0.78975,16.328,31,22
89,81,0.78947,2.9112,17,25
66,60,0.78939,17.566,91,50
91,74,0.78926,11.22,22,18
91,59,0.78913,7.6134,22,15
136,107,0.78892,6.7536,21,63
146,109,0.78844,14.295,23,24
129,47,0.78794,1e+06,31,26
120,100,0.78768,16.304,18,16
131,59,0.78733,13.87,28,15
143,108,0.78677,3.3255,81,94
120,56,0.7863,24.57,18,19
149,109,0.78623,21.194,31,24
122,76,0.78576,11.179,28,45
114,93,0.78575,15.39,16,43
62,49,0.78556,15.194,29,29
148,138,0.7853,23.642,21,34
136,103,0.78518,11.173,21,23
127,88,0.78499,22.645,47,16
131,124,0.78417,15.101,28,34
109,80,0.78407,9.7444,24,20
104,80,0.78389,11.995,21,20
89,74,0.78343,17.515,17,18
134,113,0.78341,3.4477,18,54
116,59,0.78285,15.364,20,15
126,111,0.78279,28.231,36,15
81,56,0.78276,11.796,25,19
105,99,0.78234,10.321,72,48
146,95,0.78201,44.125,23,13
138,56,0.78186,12.111,34,19
62,46,0.78148,1e+06,29,34
122,69,0.78128,10.393,28,10
138,80,0.78123,14.367,34,20
148,100,0.78102,36.78,21,16
145,75,0.78067,41.332,98,87
149,120,0.78013,52.127,31,18
112,87,0.77984,12.252,15,16
102,78,0.77969,12.644,14,17
96,87,0.77967,18.405,54,16
102,74,0.77965,16.762,14,18
131,120,0.77894,10.342,28,18
134,122,0.7788,24.463,18,28
116,87,0.77861,12.684,20,16
100,72,0.77849,17.481,16,18
133,80,0.77825,7.9059,49,20
108,75,0.77771,27.783,94,87
136,87,0.77755,16.314,21,16
127,71,0.77753,7.5622,47,38
149,138,0.77744,26.301,31,34
118,91,0.77709,10.407,21,22
140,111,0.77675,10.213,38,15
128,104,0.77652,28.436,39,21
126,76,0.77646,8.7238,36,45
113,97,0.77629,15.2,54,86
104,76,0.77599,19.55,21,45
144,136,0.77583,19.872,36,21
146,94,0.77539,41.534,23,27
110,72,0.77527,31.066,16,18
111,100,0.77526,14.506,15,16
124,81,0.77505,22.118,34,25
130,78,0.77503,6.0572,33,17
137,50,0.77472,3.7078,63,98
108,99,0.77463,19.021,94,48
110,56,0.77431,13.18,16,19
131,81,0.77373,12.757,28,25
109,49,0.77362,11.044,24,29
118,104,0.77359,21.725,21,21
140,104,0.77336,9.9189,38,21
122,88,0.77302,23.045,28,16
96,89,0.77301,14.805,54,17
122,114,0.77286,23.679,28,16
148,101,0.7724,32.406,21,27
64,49,0.77226,21.414,15,29
129,74,0.77218,10.567,31,18
124,88,0.77211,22.123,34,16
130,114,0.77186,9.6929,33,16
78,69,0.7715,21.355,17,10
110,71,0.77121,32.849,16,38
69,59,0.77112,21.331,10,15
124,95,0.77103,13.161,34,13
134,99,0.77092,7.1648,18,48
132,103,0.77076,18.924,28,23
112,64,0.7707,20.498,15,15
136,88,0.77064,14.883,21,16
140,59,0.77043,15.037,38,15
144,127,0.77004,46.347,36,47
100,58,0.76969,3.2079,16,34
127,78,0.7696,13.391,47,17
95,78,0.76954,13.769,13,17
138,107,0.76934,4.1209,34,63
114,107,0.76929,12.425,16,63
148,126,0.76924,50.742,21,36
144,131,0.76915,34.605,36,28
118,80,0.76894,9.9933,21,20
140,114,0.76817,18.471,38,16
149,141,0.76807,18.489,31,93
91,79,0.76791,9.2333,22,31
138,76,0.76787,21.973,34,45
148,47,0.76739,1e+06,21,26
148,122,0.76723,56.262,21,28
95,59,0.76664,11.496,13,15
118,111,0.76639,19.888,21,15
94,62,0.76623,9.4082,27,29
104,74,0.76606,24.621,21,18
80,46,0.76591,1e+06,20,34
73,66,0.76591,6.1862,37,91
112,69,0.76538,30.719,15,10
103,76,0.76469,16.547,23,45
129,81,0.7638,17.993,31,25
76,63,0.76199,5.4472,45,50
89,72,0.76192,23.916,17,18
98,92,0.76189,3.2501,28,54
146,118,0.76098,38.92,23,21
130,101,0.76086,18.495,33,27
127,91,0.76083,17.363,47,22
115,108,0.76038,16.046,57,94
126,87,0.76008,21,36,16
127,102,0.75982,23.23,47,14
113,80,0.75972,3.4986,54,20
138,120,0.75935,29.277,34,18
145,90,0.75927,25.714,98,87
130,57,0.75927,21.967,33,54
138,126,0.75907,31.314,34,36
132,64,0.75843,11.279,28,15
130,98,0.75784,15.055,33,28
148,113,0.75765,26.969,21,54
79,65,0.75763,17.898,31,32
64,52,0.75739,20.571,15,24
98,81,0.75733,11.799,28,25
122,94,0.75728,8.3446,28,27
137,130,0.75704,20.17,63,33
132,110,0.75698,13.827,28,16
81,69,0.75696,27.24,25,10
93,62,0.75691,6.8652,43,29
113,104,0.75684,6.1772,54,21
103,88,0.75675,5.4915,23,16
103,93,0.75659,13.394,23,43
134,69,0.75625,23.659,18,10
134,78,0.75601,9.2089,18,17
146,130,0.75581,40.459,23,33
104,78,0.75573,16.645,21,17
118,98,0.75571,9.8738,21,28
116,62,0.75561,11.942,20,29
126,89,0.75557,22.676,36,17
120,88,0.75475,18.021,18,16
148,81,0.75466,31.503,21,25
113,106,0.75466,5.3684,54,92
112,76,0.75451,16.524,15,45
122,103,0.75424,28.04,28,23
73,65,0.75423,4.3464,37,32
110,88,0.75382,10.118,16,16
125,114,0.75381,20.726,41,16
111,78,0.75319,14.448,15,17
148,104,0.7531,27.574,21,21
134,95,0.75302,19.418,18,13
101,46,0.75291,1e+06,27,34
111,98,0.75232,19.076,15,28
117,104,0.75192,20.09,45,21
129,87,0.75168,20.872,31,16
120,114,0.75133,16.87,18,16
134,125,0.7513,21.952,18,41
131,88,0.75109,15.775,28,16
111,49,0.75092,8.8334,15,29
131,122,0.75089,16.659,28,28
133,122,0.75072,18.662,49,28
60,49,0.75061,7.0349,50,29
120,72,0.75042,4.1419,18,18
140,91,0.75033,20.363,38,22
65,59,0.75023,16.017,32,15
98,58,0.75012,6.777,28,34
104,81,0.7498,9.9607,21,25
146,115,0.74979,29.764,23,57
148,120,0.74955,49.709,21,18
127,110,0.74955,27.813,47,16
98,67,0.74935,14.692,28,22
76,67,0.7493,12.818,45,22
117,94,0.74923,10.009,45,27
126,104,0.74896,30.181,36,21
61,49,0.74863,11.755,18,29
136,101,0.74848,9.7223,21,27
109,100,0.74836,16.545,24,16
94,72,0.74832,7.2643,27,18
87,78,0.74827,9.2594,16,17
63,57,0.74802,14.279,50,54
126,78,0.74793,11.373,36,17
119,97,0.74786,9.1043,85,86
116,74,0.74779,9.9011,20,18
116,88,0.74769,11.899,20,16
138,111,0.74765,5.4752,34,15
131,103,0.74757,19.523,28,23
78,70,0.74749,22.244,17,61
114,102,0.74723,14.032,16,14
138,101,0.74723,10.855,34,27
123,61,0.747,22.109,61,18
76,49,0.74697,21.073,45,29
141,96,0.74667,31.66,93,54
72,58,0.74647,22.567,18,34
67,47,0.7459,1e+06,22,26
112,49,0.74574,10.41,15,29
69,56,0.74555,29.15,10,19
111,101,0.74549,11.636,15,27
136,80,0.74534,10.543,21,20
79,72,0.74528,21.09,31,18
115,78,0.74519,3.2615,57,17
137,131,0.74497,16.381,63,28
140,87,0.74494,21.135,38,16
101,51,0.7445,8.7976,27,54
149,116,0.7444,39.687,31,20
128,102,0.74414,22.354,39,14
140,95,0.74402,30.23,38,13
148,111,0.74395,21.545,21,15
132,74,0.74365,13.89,28,18
103,80,0.74352,10.375,23,20
148,131,0.74348,40.018,21,28
148,94,0.74335,47.079,21,27
115,106,0.74278,13.419,57,92
70,64,0.7424,9.3036,61,15
102,47,0.74222,1e+06,14,26
148,142,0.74168,16.11,21,93
124,115,0.74164,18.684,34,57
110,67,0.74162,30.441,16,22
79,47,0.7416,1e+06,31,26
126,112,0.74143,24.671,36,15
64,46,0.74113,1e+06,15,34
141,133,0.7409,23.515,93,49
103,56,0.74062,3.5426,23,19
122,70,0.74058,7.2363,28,61
121,113,0.74058,23.885,87,54
120,78,0.74045,9.5745,18,17
126,100,0.74044,20.345,36,16
120,109,0.74042,29.169,18,24
149,111,0.73991,24.595,31,15
138,112,0.73985,7.5765,34,15
146,110,0.73952,17.436,23,16
146,114,0.73946,27.896,23,16
76,69,0.73941,15.359,45,10
114,74,0.73904,16.921,16,18
135,129,0.73893,15.924,49,31
136,122,0.73869,29.682,21,28
140,49,0.73825,4.3941,38,29
127,69,0.73781,8.5821,47,10
89,67,0.73776,25.599,17,22
136,128,0.73754,21.751,21,39
149,91,0.73731,39.492,31,22
88,59,0.73718,11.83,16,15
125,78,0.73716,13.772,41,17
115,79,0.73691,4.2918,57,31
94,67,0.73678,11.512,27,22
124,74,0.73656,6.9121,34,18
103,72,0.73649,27.098,23,18
117,63,0.73621,3.2804,45,50
87,72,0.73585,23.886,16,18
126,88,0.73574,21.344,36,16
98,89,0.73539,10.107,28,17
104,93,0.73537,16.876,21,43
122,91,0.73511,18.239,28,22
149,87,0.73499,33.957,31,16
124,103,0.73496,28.661,34,23
128,93,0.7347,13.117,39,43
126,70,0.73467,9.3398,36,61
134,100,0.73465,11.517,18,16
149,77,0.73371,40.381,31,42
136,56,0.73346,12.522,21,19
136,120,0.73335,23.879,21,18
103,81,0.73323,7.8227,23,25
114,100,0.73323,11.911,16,16
128,64,0.73315,5.733,39,15
112,105,0.73302,7.9889,15,72
117,101,0.7329,13.18,45,27
91,78,0.7328,8.4563,22,17
149,140,0.73269,21.262,31,38
144,59,0.73268,27.599,36,15
101,87,0.73262,9.7868,27,16
67,52,0.7325,29.274,22,24
134,102,0.73234,13.909,18,14
64,47,0.73194,1e+06,15,26
128,98,0.73183,13.835,39,28
88,47,0.73155,1e+06,16,26
124,91,0.73135,19.169,34,22
130,91,0.73096,14.543,33,22
146,79,0.73096,30.353,23,31
144,46,0.73091,1e+06,36,34
132,81,0.73057,12.864,28,25
130,95,0.72998,15.859,33,13
116,47,0.72992,1e+06,20,26
141,119,0.72988,36.071,93,85
148,93,0.72977,44.077,21,43
121,88,0.72953,21.859,87,16
103,94,0.72898,16.276,23,27
128,121,0.72895,7.0976,39,87
140,130,0.72842,29.61,38,33
110,93,0.72838,19.77,16,43
76,56,0.72765,18.223,45,19
136,129,0.72763,19.46,21,31
114,98,0.72753,14.537,16,28
125,110,0.72723,29.26,41,16
124,104,0.72715,31.879,34,21
109,63,0.72713,23.366,24,50
96,62,0.72688,3.05,54,29
138,102,0.72674,14.076,34,14
122,79,0.7264,20.631,28,31
102,79,0.72635,11.608,14,31
93,72,0.72619,11.039,43,18
91,67,0.72596,19.47,22,22
124,79,0.72579,17.807,34,31
81,62,0.7256,15.701,25,29
63,50,0.72552,20.317,50,98
111,91,0.72542,15.587,15,22
88,74,0.72541,16.642,16,18
123,114,0.72533,25.252,61,16
77,68,0.72532,15.582,42,58
100,81,0.72507,6.9763,16,25
90,50,0.72488,9.7114,87,98
135,77,0.72481,7.0749,49,42
132,123,0.72478,21.814,28,61
115,89,0.7243,7.1121,57,17
123,104,0.72418,33.778,61,21
103,79,0.72405,12.117,23,31
141,107,0.72378,7.9837,93,63
118,102,0.72378,15.99,21,14
144,88,0.72367,26.651,36,16
146,104,0.72324,20.497,23,21
136,118,0.72323,17.582,21,21
133,124,0.72316,18.673,49,34
115,102,0.72302,9.6657,57,14
68,61,0.72204,13.347,58,18
128,76,0.72175,9.1711,39,45
114,89,0.72138,10.366,16,17
138,132,0.72137,16.781,34,28
66,50,0.72106,30.839,91,98
114,76,0.72093,10.664,16,45
68,60,0.72084,17.054,58,50
125,112,0.72082,27.509,41,15
132,109,0.72076,17.974,28,24
81,63,0.72057,13.859,25,50
120,81,0.72052,17.653,18,25
130,81,0.72049,14.735,33,25
114,71,0.72034,25.103,16,38
114,64,0.71987,16.162,16,15
114,78,0.71961,4.3058,16,17
95,76,0.71949,7.5296,13,45
122,73,0.71929,4.7486,28,37
98,87,0.71925,14.107,28,16
112,67,0.71907,27.41,15,22
135,128,0.7189,17.771,49,39
113,101,0.71874,7.2482,54,27
130,69,0.7184,16.059,33,10
120,107,0.71781,30.701,18,63
111,90,0.7178,8.5308,15,87
146,116,0.71774,34.329,23,20
146,139,0.71771,13.443,23,95
110,79,0.71767,9.1522,16,31
129,119,0.71756,6.4181,31,85
127,115,0.71754,15.426,47,57
124,56,0.71742,29.398,34,19
119,50,0.7172,27.71,85,98
99,93,0.71678,4.7719,48,43
125,98,0.71647,17.267,41,28
67,46,0.71609,1e+06,22,34
80,64,0.71603,18.868,20,15
96,73,0.71595,6.1951,54,37
145,99,0.71565,32.096,98,48
131,64,0.71533,5.9213,28,15
89,56,0.71519,6.9525,17,19
124,52,0.71518,32.41,34,24
140,103,0.71509,12.263,38,23
100,92,0.71496,4.733,16,54
140,109,0.71486,10.232,38,24
132,117,0.71472,5.1094,28,45
149,130,0.7144,46.095,31,33
149,101,0.7144,34.199,31,27
80,73,0.71433,20.773,20,37
126,114,0.71366,17.701,36,16
72,46,0.71361,1e+06,18,34
147,134,0.71333,32.475,70,18
126,91,0.71298,18.061,36,22
132,80,0.71295,10.514,28,20
79,52,0.71275,18.176,31,24
144,110,0.71243,15.897,36,16
133,46,0.71242,1e+06,49,34
103,49,0.7124,6.9625,23,29
62,52,0.71227,14.182,29,24
122,109,0.71128,35.626,28,24
135,108,0.71123,11.261,49,94
115,92,0.71106,7.7654,57,54
109,79,0.71101,13.365,24,31
134,59,0.71097,11.679,18,15
118,107,0.71094,23.899,21,63
103,78,0.71074,14.997,23,17
145,133,0.71074,30.721,98,49
140,99,0.71063,18.773,38,48
88,72,0.71039,23.133,16,18
140,134,0.71029,16.892,38,18
135,96,0.71027,15.571,49,54
60,47,0.71025,1e+06,50,26
127,79,0.71012,17.046,47,31
111,76,0.70996,19.722,15,45
94,59,0.70951,10.563,27,15
126,58,0.70885,24.768,36,34
116,103,0.70849,16.878,20,23
120,69,0.70847,10.559,18,10
96,79,0.70749,17.855,54,31
128,109,0.70741,28.926,39,24
59,51,0.70735,13.313,15,54
130,109,0.70732,23.626,33,24
103,52,0.70709,5.7177,23,24
126,107,0.707,32.498,36,63
148,72,0.70696,55.898,21,18
132,115,0.70693,3.3551,28,57
129,89,0.70688,20.365,31,17
123,89,0.7067,26.44,61,17
128,63,0.70666,8.3726,39,50
87,67,0.70658,26.521,16,22
149,131,0.70635,43.065,31,28
140,116,0.70633,24.116,38,20
148,96,0.7062,47.544,21,54
149,100,0.70584,38.721,31,16
129,103,0.70579,24.992,31,23
87,49,0.70527,15.967,16,29
103,64,0.70506,21.141,23,15
123,78,0.70486,17.486,61,17
111,69,0.70467,33.393,15,10
93,74,0.70465,6.3851,43,18
128,79,0.70432,14.302,39,31
123,95,0.70432,11.619,61,13
149,110,0.70407,23.94,31,16
98,74,0.70396,9.5019,28,18
