61,46,8.5667,0,18,34
58,52,6.8182,0,34,24
134,112,6.5456,0,18,15
102,91,5.6113,0,14,22
142,108,5.6037,0,93,94
128,118,5.2559,0,39,21
100,91,5.2323,0,16,22
52,46,5.2318,0,24,34
128,120,5.1742,0,39,18
59,52,5.156,0,15,24
134,114,5.1356,0,18,16
133,119,5.0167,0,49,85
132,116,4.902,0,28,20
133,118,4.861,0,49,21
98,59,4.8412,0,28,15
95,72,4.8071,0,13,18
130,116,4.7693,0,33,20
56,47,4.687,0,19,26
136,47,4.683,0,21,26
100,59,4.6406,0,16,15
118,78,4.62,0,21,17
130,118,4.5726,0,33,21
132,118,4.5494,0,28,21
122,74,4.5423,0,28,18
58,46,4.5417,0,34,34
58,49,4.5367,0,34,29
87,80,4.5242,0,16,20
103,89,4.5091,0,23,17
56,49,4.4074,0,19,29
130,89,4.3894,0,33,17
94,76,4.3815,0,27,45
138,47,4.3368,0,34,26
94,74,4.3225,0,27,18
136,112,4.3074,0,21,15
64,58,4.2907,0,15,34
88,80,4.2851,0,16,20
87,79,4.2725,0,16,31
110,95,4.2719,0,16,13
138,49,4.2325,0,34,29
128,81,4.2222,0,39,25
117,48,4.2209,0,45,52
64,56,4.1991,0,15,19
116,78,4.1834,0,20,17
67,58,4.1816,0,22,34
110,104,4.1788,0,16,21
132,114,4.1767,0,28,16
130,120,4.165,0,33,18
102,89,4.1628,0,14,17
89,78,4.1498,0,17,17
110,89,4.1481,0,16,17
59,49,4.1433,0,15,29
110,81,4.1354,0,16,25
118,76,4.1224,0,21,45
87,81,4.1213,0,16,25
136,130,4.1151,0,21,33
59,47,4.1105,0,15,26
73,65,4.0854,0,37,32
65,57,4.0798,0,32,54
130,122,4.0786,0,33,28
75,65,4.0707,0,87,32
130,123,4.0607,0,33,61
58,47,4.0446,0,34,26
88,81,4.0297,0,16,25
148,128,4.0136,0,21,39
124,112,4.0063,0,34,15
98,62,3.9928,0,28,29
89,80,3.9921,0,17,20
95,87,3.9811,0,13,16
116,67,3.9705,0,20,22
130,78,3.9702,0,33,17
119,73,3.9613,0,85,37
98,72,3.9575,0,28,18
65,58,3.9484,0,32,34
123,72,3.9443,0,61,18
132,124,3.9338,0,28,34
149,95,3.9331,0,31,13
122,89,3.9207,0,28,17
104,89,3.8961,0,21,17
139,129,3.895,0,95,31
109,89,3.8935,0,24,17
124,98,3.892,0,34,28
124,116,3.8918,0,34,20
140,129,3.8867,0,38,31
126,80,3.8817,0,36,20
134,80,3.8661,0,18,20
134,128,3.86,0,18,39
112,102,3.8589,0,15,14
89,79,3.8578,0,17,31
122,72,3.8567,0,28,18
72,56,3.8471,0,18,19
97,66,3.8415,0,86,91
128,78,3.8302,0,39,17
125,112,3.8251,0,41,15
62,56,3.823,0,29,19
120,76,3.8179,0,18,45
122,69,3.8165,0,28,10
148,110,3.8155,0,21,16
128,116,3.8122,0,39,20
102,94,3.8065,0,14,27
146,140,3.8033,0,23,38
148,134,3.8005,0,21,18
56,46,3.8005,0,19,34
136,111,3.799,0,21,15
61,47,3.7985,0,18,26
116,98,3.7971,0,20,28
146,112,3.7938,0,23,15
112,95,3.7914,0,15,13
118,87,3.7882,0,21,16
148,95,3.7819,0,21,13
122,71,3.7777,0,28,38
121,112,3.777,0,87,15
148,88,3.7764,0,21,16
131,120,3.7746,0,28,18
148,127,3.7689,0,21,47
113,89,3.7675,0,54,17
98,87,3.7624,0,28,16
125,80,3.7596,0,41,20
124,102,3.759,0,34,14
98,91,3.7574,0,28,22
138,130,3.7524,0,34,33
76,56,3.7474,0,45,19
98,49,3.7345,0,28,29
145,137,3.7314,0,98,63
64,49,3.7308,0,15,29
148,136,3.7174,0,21,21
127,116,3.7054,0,47,20
110,80,3.7046,0,16,20
98,80,3.7031,0,28,20
102,87,3.7022,0,14,16
87,49,3.7008,0,16,29
134,124,3.6974,0,18,34
110,91,3.6934,0,16,22
104,98,3.6931,0,21,28
148,89,3.6917,0,21,17
112,78,3.69,0,15,17
116,110,3.6825,0,20,16
136,98,3.6764,0,21,28
145,139,3.6748,0,98,95
112,88,3.6717,0,15,16
78,70,3.6694,0,17,61
137,105,3.6688,0,63,72
95,89,3.6678,0,13,17
130,98,3.6607,0,33,28
148,109,3.6603,0,21,24
114,95,3.658,0,16,13
132,89,3.6573,0,28,17
124,114,3.6558,0,34,16
127,69,3.6555,0,47,10
95,74,3.6475,0,13,18
125,114,3.6431,0,41,16
148,132,3.6425,0,21,28
87,47,3.6408,0,16,26
149,138,3.6365,0,31,34
64,57,3.6338,0,15,54
145,135,3.6331,0,98,49
149,72,3.6297,0,31,18
109,103,3.6282,0,24,23
102,88,3.626,0,14,16
95,69,3.6238,0,13,10
57,46,3.6237,0,54,34
132,125,3.6211,0,28,41
87,72,3.6208,0,16,18
112,74,3.6185,0,15,18
112,72,3.6181,0,15,18
126,118,3.6117,0,36,21
149,136,3.6076,0,31,21
114,80,3.6019,0,16,20
59,46,3.5974,0,15,34
96,65,3.5971,0,54,32
126,120,3.5963,0,36,18
81,56,3.5943,0,25,19
95,80,3.5939,0,13,20
110,102,3.5921,0,16,14
97,91,3.5909,0,86,22
112,89,3.5863,0,15,17
88,79,3.5764,0,16,31
149,134,3.5706,0,31,18
148,78,3.5622,0,21,17
80,67,3.5618,0,20,22
128,122,3.5614,0,39,28
62,46,3.5607,0,29,34
89,74,3.5594,0,17,18
69,61,3.5557,0,10,18
127,121,3.5515,0,47,87
101,52,3.5506,0,27,24
149,87,3.5485,0,31,16
116,95,3.5476,0,20,13
134,104,3.5457,0,18,21
148,112,3.5443,0,21,15
122,104,3.5432,0,28,21
116,87,3.5412,0,20,16
109,98,3.5408,0,24,28
125,110,3.5382,0,41,16
69,58,3.5376,0,10,34
124,80,3.537,0,34,20
102,95,3.53,0,14,13
69,56,3.5274,0,10,19
140,110,3.5244,0,38,16
95,78,3.5238,0,13,17
140,104,3.523,0,38,21
128,110,3.5191,0,39,16
132,73,3.517,0,28,37
99,92,3.5121,0,48,54
148,104,3.5103,0,21,21
112,98,3.5099,0,15,28
136,87,3.5059,0,21,16
134,98,3.5051,0,18,28
128,112,3.5044,0,39,15
130,88,3.5029,0,33,16
132,102,3.5023,0,28,14
120,98,3.5023,0,18,28
112,87,3.5017,0,15,16
142,107,3.5004,0,93,63
80,64,3.4983,0,20,15
116,62,3.4981,0,20,29
127,89,3.498,0,47,17
104,95,3.4975,0,21,13
122,87,3.4941,0,28,16
96,73,3.4922,0,54,37
112,94,3.4922,0,15,27
122,80,3.4914,0,28,20
114,87,3.4899,0,16,16
123,70,3.482,0,61,61
105,48,3.4799,0,72,52
121,68,3.4792,0,87,58
89,81,3.478,0,17,25
91,72,3.4765,0,22,18
130,102,3.4759,0,33,14
69,59,3.4736,0,10,15
134,127,3.473,0,18,47
126,87,3.4727,0,36,16
94,87,3.4722,0,27,16
140,59,3.4715,0,38,15
132,112,3.4672,0,28,15
132,95,3.4665,0,28,13
104,88,3.4649,0,21,16
122,112,3.4607,0,28,15
89,76,3.4582,0,17,45
116,81,3.4581,0,20,25
132,119,3.4567,0,28,85
144,116,3.4553,0,36,20
126,58,3.4546,0,36,34
130,95,3.4501,0,33,13
87,78,3.4496,0,16,17
116,94,3.4494,0,20,27
112,104,3.4459,0,15,21
148,81,3.4448,0,21,25
116,89,3.4446,0,20,17
78,72,3.4431,0,17,18
149,123,3.4411,0,31,61
134,103,3.438,0,18,23
123,95,3.4353,0,61,13
110,87,3.4345,0,16,16
118,80,3.4322,0,21,20
148,87,3.4286,0,21,16
120,78,3.428,0,18,17
76,64,3.4276,0,45,15
88,78,3.4248,0,16,17
109,88,3.4234,0,24,16
149,128,3.4226,0,31,39
78,49,3.4195,0,17,29
110,78,3.4173,0,16,17
79,47,3.4125,0,31,26
134,87,3.4089,0,18,16
146,125,3.4073,0,23,41
146,79,3.4064,0,23,31
112,100,3.4046,0,15,16
148,116,3.4025,0,21,20
81,49,3.4008,0,25,29
124,74,3.4,0,34,18
120,95,3.4,0,18,13
67,47,3.3965,0,22,26
118,89,3.3956,0,21,17
146,124,3.3954,0,23,34
125,103,3.3916,0,41,23
146,110,3.3912,0,23,16
118,98,3.3895,0,21,28
95,67,3.3873,0,13,22
132,110,3.387,0,28,16
65,56,3.3845,0,32,19
97,75,3.383,0,86,87
148,102,3.3824,0,21,14
144,112,3.3821,0,36,15
130,112,3.382,0,33,15
116,91,3.3818,0,20,22
72,58,3.379,0,18,34
148,98,3.3775,0,21,28
149,130,3.3771,0,31,33
100,94,3.3751,0,16,27
132,120,3.3737,0,28,18
134,110,3.3733,0,18,16
136,95,3.3729,0,21,13
110,100,3.3668,0,16,16
124,91,3.3668,0,34,22
149,122,3.3647,0,31,28
87,67,3.364,0,16,22
94,67,3.363,0,27,22
116,88,3.3621,0,20,16
110,56,3.3618,0,16,19
120,102,3.3592,0,18,14
110,79,3.356,0,16,31
109,87,3.3538,0,24,16
111,95,3.3506,0,15,13
134,116,3.3502,0,18,20
109,95,3.3482,0,24,13
144,88,3.347,0,36,16
138,104,3.3454,0,34,21
80,74,3.3426,0,20,18
127,87,3.3418,0,47,16
125,78,3.3417,0,41,17
98,58,3.3417,0,28,34
116,47,3.3406,0,20,26
103,81,3.336,0,23,25
81,47,3.3343,0,25,26
127,64,3.334,0,47,15
149,69,3.3315,0,31,10
148,126,3.3304,0,21,36
125,88,3.3299,0,41,16
91,76,3.3289,0,22,45
131,89,3.3261,0,28,17
144,138,3.3239,0,36,34
81,74,3.3204,0,25,18
122,98,3.3195,0,28,28
148,140,3.318,0,21,38
120,104,3.3117,0,18,21
138,118,3.3102,0,34,21
122,95,3.3099,0,28,13
149,67,3.307,0,31,22
118,74,3.3051,0,21,18
72,59,3.3042,0,18,15
132,126,3.3038,0,28,36
112,67,3.3008,0,15,22
132,87,3.2997,0,28,16
124,88,3.2975,0,34,16
116,109,3.2969,0,20,24
110,103,3.2954,0,16,23
134,49,3.294,0,18,29
148,124,3.2931,0,21,34
121,66,3.2902,0,87,91
94,88,3.2896,0,27,16
64,52,3.2888,0,15,24
100,58,3.2879,0,16,34
74,47,3.2879,0,18,26
116,74,3.2864,0,20,18
88,69,3.2854,0,16,10
116,72,3.2853,0,20,18
127,78,3.2837,0,47,17
149,114,3.2833,0,31,16
102,93,3.2813,0,14,43
138,127,3.2795,0,34,47
134,74,3.2794,0,18,18
91,59,3.2787,0,22,15
123,112,3.2765,0,61,15
62,47,3.2762,0,29,26
78,59,3.2748,0,17,15
114,78,3.2744,0,16,17
146,130,3.2732,0,23,33
91,56,3.2723,0,22,19
122,91,3.2696,0,28,22
144,87,3.2672,0,36,16
102,79,3.2631,0,14,31
128,89,3.263,0,39,17
57,48,3.2617,0,54,52
109,72,3.26,0,24,18
127,118,3.2593,0,47,21
94,62,3.257,0,27,29
67,49,3.2553,0,22,29
80,49,3.2551,0,20,29
61,52,3.2539,0,18,24
148,122,3.253,0,21,28
109,102,3.2525,0,24,14
69,62,3.2515,0,10,29
122,109,3.2511,0,28,24
112,81,3.2507,0,15,25
120,110,3.246,0,18,16
112,91,3.2452,0,15,22
61,51,3.2443,0,18,54
110,52,3.244,0,16,24
64,47,3.2433,0,15,26
134,89,3.2417,0,18,17
139,108,3.2407,0,95,94
78,47,3.2389,0,17,26
95,59,3.2368,0,13,15
128,76,3.2335,0,39,45
69,57,3.233,0,10,54
149,112,3.2297,0,31,15
128,80,3.2275,0,39,20
104,76,3.2268,0,21,45
114,102,3.2249,0,16,14
112,103,3.2244,0,15,23
124,76,3.223,0,34,45
88,64,3.2226,0,16,15
149,91,3.222,0,31,22
104,81,3.2216,0,21,25
148,138,3.2214,0,21,34
125,116,3.22,0,41,20
144,102,3.2169,0,36,14
146,118,3.2148,0,23,21
144,124,3.2142,0,36,34
81,69,3.2137,0,25,10
146,138,3.2132,0,23,34
144,110,3.2125,0,36,16
88,59,3.2115,0,16,15
136,91,3.2096,0,21,22
149,89,3.2093,0,31,17
104,87,3.2081,0,21,16
78,67,3.2069,0,17,22
125,72,3.2062,0,41,18
124,94,3.2058,0,34,27
146,102,3.2037,0,23,14
148,114,3.2036,0,21,16
98,67,3.2034,0,28,22
133,117,3.2001,0,49,45
104,91,3.1999,0,21,22
70,52,3.1984,0,61,24
146,69,3.1983,0,23,10
134,91,3.1978,0,18,22
124,104,3.1961,0,34,21
76,67,3.1955,0,45,22
149,129,3.1945,0,31,31
67,59,3.1939,0,22,15
116,102,3.1936,0,20,14
124,103,3.1924,0,34,23
79,49,3.1908,0,31,29
124,81,3.1902,0,34,25
96,72,3.1887,0,54,18
125,89,3.1885,0,41,17
146,95,3.1851,0,23,13
128,91,3.184,0,39,22
91,74,3.1837,0,22,18
78,69,3.1831,0,17,10
104,80,3.1831,0,21,20
136,110,3.1795,0,21,16
122,116,3.1784,0,28,20
148,100,3.1784,0,21,16
124,110,3.1772,0,34,16
134,122,3.1745,0,18,28
132,91,3.1738,0,28,22
122,110,3.1735,0,28,16
71,58,3.1703,0,38,34
110,94,3.1702,0,16,27
67,57,3.1696,0,22,54
110,76,3.169,0,16,45
130,80,3.168,0,33,20
88,72,3.1678,0,16,18
114,89,3.1663,0,16,17
149,125,3.1659,0,31,41
100,93,3.1623,0,16,43
138,74,3.1622,0,34,18
89,59,3.1606,0,17,15
124,69,3.1578,0,34,10
95,56,3.1567,0,13,19
112,69,3.155,0,15,10
136,88,3.1535,0,21,16
140,87,3.1526,0,38,16
104,56,3.152,0,21,19
80,58,3.1508,0,20,34
148,123,3.1508,0,21,61
79,72,3.1491,0,31,18
138,131,3.1481,0,34,28
126,117,3.1467,0,36,45
120,74,3.1465,0,18,18
116,59,3.1462,0,20,15
148,72,3.1433,0,21,18
134,88,3.1431,0,18,16
109,59,3.1429,0,24,15
110,88,3.1424,0,16,16
136,81,3.1397,0,21,25
110,101,3.1388,0,16,27
112,64,3.1376,0,15,15
100,87,3.1364,0,16,16
102,74,3.1352,0,14,18
148,91,3.1349,0,21,22
148,103,3.1348,0,21,23
122,100,3.1345,0,28,16
132,96,3.1334,0,28,54
109,94,3.1321,0,24,27
80,69,3.1315,0,20,10
114,88,3.1301,0,16,16
114,100,3.1297,0,16,16
92,77,3.1274,0,54,42
127,98,3.127,0,47,28
89,56,3.1264,0,17,19
142,106,3.126,0,93,92
116,69,3.1256,0,20,10
94,69,3.124,0,27,10
102,78,3.1229,0,14,17
88,56,3.1227,0,16,19
104,51,3.122,0,21,54
149,49,3.1207,0,31,29
136,116,3.1195,0,21,20
130,110,3.1192,0,33,16
109,67,3.1191,0,24,22
89,52,3.1174,0,17,24
104,78,3.1172,0,21,17
134,78,3.1157,0,18,17
149,98,3.1154,0,31,28
138,122,3.1151,0,34,28
100,64,3.1135,0,16,15
149,109,3.113,0,31,24
91,78,3.1098,0,22,17
136,109,3.1092,0,21,24
69,52,3.1075,0,10,24
146,98,3.107,0,23,28
148,94,3.1064,0,21,27
122,88,3.1058,0,28,16
89,67,3.1049,0,17,22
132,123,3.1025,0,28,61
60,49,3.1023,0,50,29
124,93,3.1009,0,34,43
120,94,3.1005,0,18,27
126,104,3.1002,0,36,21
100,69,3.0986,0,16,10
149,76,3.0974,0,31,45
80,46,3.0969,0,20,34
116,80,3.0964,0,20,20
132,79,3.0963,0,28,31
127,95,3.0959,0,47,13
111,104,3.0937,0,15,21
131,118,3.0928,0,28,21
138,95,3.0928,0,34,13
116,104,3.0893,0,20,21
128,47,3.0886,0,39,26
136,124,3.0869,0,21,34
76,69,3.0849,0,45,10
102,81,3.0835,0,14,25
127,47,3.0827,0,47,26
116,79,3.0825,0,20,31
98,81,3.081,0,28,25
149,78,3.0797,0,31,17
80,47,3.0789,0,20,26
58,48,3.0787,0,34,52
123,116,3.0781,0,61,20
129,123,3.0781,0,31,61
124,56,3.0776,0,34,19
144,80,3.0763,0,36,20
124,87,3.0754,0,34,16
120,112,3.075,0,18,15
91,49,3.0746,0,22,29
138,125,3.0737,0,34,41
124,118,3.0732,0,34,21
125,95,3.0727,0,41,13
87,59,3.0727,0,16,15
144,95,3.0726,0,36,13
132,88,3.072,0,28,16
136,72,3.07,0,21,18
124,95,3.0683,0,34,13
110,47,3.0678,0,16,26
138,132,3.067,0,34,28
114,67,3.066,0,16,22
112,47,3.0659,0,15,26
144,98,3.0658,0,36,28
132,80,3.0657,0,28,20
146,111,3.0617,0,23,15
112,79,3.0605,0,15,31
87,69,3.0604,0,16,10
125,71,3.0598,0,41,38
118,91,3.0595,0,21,22
103,88,3.0594,0,23,16
95,88,3.059,0,13,16
136,80,3.0583,0,21,20
120,91,3.0579,0,18,22
123,89,3.0565,0,61,17
144,89,3.0562,0,36,17
81,61,3.052,0,25,18
114,104,3.0512,0,16,21
114,91,3.0507,0,16,22
127,81,3.0507,0,47,25
60,47,3.0494,0,50,26
88,49,3.0487,0,16,29
109,79,3.0486,0,24,31
129,116,3.0475,0,31,20
144,59,3.0468,0,36,15
74,52,3.0468,0,18,24
144,104,3.0448,0,36,21
81,62,3.0435,0,25,29
127,94,3.0429,0,47,27
128,49,3.042,0,39,29
123,71,3.0394,0,61,38
130,69,3.0382,0,33,10
136,102,3.0364,0,21,14
61,49,3.0354,0,18,29
126,74,3.0354,0,36,18
136,94,3.0339,0,21,27
123,110,3.0325,0,61,16
149,88,3.0325,0,31,16
144,118,3.0321,0,36,21
91,69,3.0285,0,22,10
128,98,3.0278,0,39,28
80,56,3.0271,0,20,19
120,114,3.0238,0,18,16
57,49,3.0236,0,54,29
95,79,3.023,0,13,31
148,111,3.0229,0,21,15
110,72,3.0221,0,16,18
103,79,3.0214,0,23,31
73,60,3.0213,0,37,50
132,111,3.02,0,28,15
144,126,3.0199,0,36,36
118,81,3.0189,0,21,25
130,114,3.0181,0,33,16
149,80,3.017,0,31,20
89,72,3.0163,0,17,18
91,67,3.0155,0,22,22
112,80,3.0151,0,15,20
95,47,3.0137,0,13,26
146,116,3.0089,0,23,20
76,49,3.0088,0,45,29
128,111,3.0086,0,39,15
100,89,3.0074,0,16,17
122,111,3.0034,0,28,15
125,87,3.0013,0,41,16
149,103,3.001,0,31,23
123,111,3.0005,0,61,15
114,98,2.9992,0,16,28
103,78,2.9991,0,23,17
72,52,2.9968,0,18,24
112,62,2.996,0,15,29
130,81,2.9952,0,33,25
98,89,2.9949,0,28,17
116,56,2.994,0,20,19
109,74,2.9939,0,24,18
129,87,2.9922,0,31,16
126,88,2.9907,0,36,16
134,94,2.9901,0,18,27
134,79,2.9889,0,18,31
124,47,2.9869,0,34,26
95,49,2.9859,0,13,29
94,78,2.9852,0,27,17
110,49,2.985,0,16,29
130,113,2.9845,0,33,54
81,72,2.9836,0,25,18
126,95,2.983,0,36,13
129,120,2.9824,0,31,18
140,49,2.9817,0,38,29
122,70,2.98,0,28,61
111,87,2.9796,0,15,16
79,56,2.9791,0,31,19
87,76,2.9789,0,16,45
136,122,2.9783,0,21,28
111,103,2.9779,0,15,23
120,111,2.9766,0,18,15
124,89,2.9765,0,34,17
136,114,2.9762,0,21,16
129,117,2.9741,0,31,45
80,59,2.9736,0,20,15
128,88,2.9716,0,39,16
112,76,2.9716,0,15,45
134,125,2.9712,0,18,41
132,81,2.9698,0,28,25
134,118,2.9697,0,18,21
131,116,2.968,0,28,20
129,122,2.9676,0,31,28
88,51,2.9675,0,16,54
148,120,2.9667,0,21,18
63,57,2.965,0,50,54
114,94,2.9645,0,16,27
120,56,2.9642,0,18,19
146,120,2.9635,0,23,18
79,69,2.9632,0,31,10
148,67,2.9627,0,21,22
138,126,2.9603,0,34,36
78,56,2.9591,0,17,19
122,67,2.9578,0,28,22
127,58,2.9577,0,47,34
94,72,2.9555,0,27,18
120,81,2.9544,0,18,25
127,120,2.9544,0,47,18
136,79,2.9543,0,21,31
146,74,2.9528,0,23,18
87,58,2.9526,0,16,34
58,51,2.9518,0,34,54
125,104,2.951,0,41,21
130,124,2.9508,0,33,34
148,74,2.9501,0,21,18
88,47,2.9494,0,16,26
144,91,2.9489,0,36,22
136,120,2.9489,0,21,18
91,80,2.9483,0,22,20
71,56,2.9477,0,38,19
112,49,2.9476,0,15,29
138,89,2.9459,0,34,17
124,78,2.9457,0,34,17
97,65,2.9448,0,86,32
127,79,2.9429,0,47,31
99,93,2.9424,0,48,43
118,88,2.942,0,21,16
138,81,2.9408,0,34,25
81,59,2.9363,0,25,15
124,109,2.9356,0,34,24
88,67,2.9344,0,16,22
110,98,2.9337,0,16,28
124,62,2.9334,0,34,29
125,118,2.9331,0,41,21
57,51,2.932,0,54,54
120,107,2.9318,0,18,63
127,71,2.931,0,47,38
149,127,2.931,0,31,47
80,72,2.9305,0,20,18
102,69,2.9304,0,14,10
132,78,2.9302,0,28,17
149,58,2.9291,0,31,34
102,72,2.9273,0,14,18
111,102,2.927,0,15,14
132,69,2.9255,0,28,10
95,76,2.9249,0,13,45
111,98,2.9245,0,15,28
133,73,2.9242,0,49,37
110,59,2.9241,0,16,15
98,74,2.9229,0,28,18
132,98,2.9229,0,28,28
129,94,2.9226,0,31,27
143,120,2.9226,0,81,18
138,94,2.9221,0,34,27
146,81,2.9217,0,23,25
117,87,2.9217,0,45,16
126,116,2.9216,0,36,20
149,94,2.9215,0,31,27
129,47,2.9214,0,31,26
100,88,2.9211,0,16,16
148,79,2.9169,0,21,31
64,46,2.9167,0,15,34
78,58,2.9161,0,17,34
109,49,2.9153,0,24,29
88,70,2.9153,0,16,61
144,132,2.9152,0,36,28
149,132,2.9148,0,31,28
138,103,2.9127,0,34,23
146,134,2.9126,0,23,18
116,52,2.912,0,20,24
103,91,2.9117,0,23,22
125,70,2.9115,0,41,61
123,103,2.9108,0,61,23
140,98,2.9106,0,38,28
118,112,2.9101,0,21,15
124,79,2.9087,0,34,31
67,52,2.9081,0,22,24
134,109,2.908,0,18,24
123,67,2.9068,0,61,22
71,64,2.9064,0,38,15
114,103,2.9064,0,16,23
120,87,2.9058,0,18,16
118,104,2.9053,0,21,21
114,93,2.9037,0,16,43
100,74,2.9032,0,16,18
112,59,2.902,0,15,15
126,69,2.9016,0,36,10
80,62,2.9011,0,20,29
136,61,2.9009,0,21,18
123,104,2.9008,0,61,21
96,75,2.9006,0,54,87
121,71,2.8997,0,87,38
97,90,2.8983,0,86,87
118,95,2.898,0,21,13
144,78,2.8975,0,36,17
149,120,2.8966,0,31,18
134,126,2.8958,0,18,36
116,100,2.8944,0,20,16
72,65,2.894,0,18,32
127,80,2.8925,0,47,20
62,52,2.8915,0,29,24
89,69,2.8912,0,17,10
130,109,2.8906,0,33,24
91,47,2.8902,0,22,26
125,67,2.8891,0,41,22
112,56,2.8886,0,15,19
125,79,2.8875,0,41,31
103,95,2.8868,0,23,13
132,47,2.8853,0,28,26
122,79,2.8851,0,28,31
130,87,2.8843,0,33,16
81,67,2.8839,0,25,22
64,51,2.8834,0,15,54
104,64,2.8819,0,21,15
114,81,2.8818,0,16,25
98,70,2.8801,0,28,61
109,100,2.8796,0,24,16
149,124,2.8784,0,31,34
60,46,2.8778,0,50,34
134,95,2.8766,0,18,13
95,58,2.8765,0,13,34
144,130,2.8761,0,36,33
126,72,2.8751,0,36,18
114,74,2.8734,0,16,18
113,102,2.8728,0,54,14
124,72,2.8722,0,34,18
127,110,2.8721,0,47,16
136,129,2.8699,0,21,31
74,64,2.8678,0,18,15
109,78,2.8675,0,24,17
144,114,2.867,0,36,16
134,120,2.8668,0,18,18
102,47,2.8652,0,14,26
140,124,2.8629,0,38,34
103,94,2.862,0,23,27
120,89,2.8605,0,18,17
122,102,2.8596,0,28,14
114,59,2.8572,0,16,15
123,78,2.8565,0,61,17
103,58,2.8565,0,23,34
122,113,2.8565,0,28,54
98,69,2.8561,0,28,10
140,130,2.8558,0,38,33
144,134,2.8556,0,36,18
72,61,2.8549,0,18,18
104,72,2.8547,0,21,18
122,76,2.8543,0,28,45
118,102,2.854,0,21,14
148,64,2.8525,0,21,15
132,74,2.8525,0,28,18
89,64,2.851,0,17,15
136,78,2.851,0,21,17
130,67,2.8494,0,33,22
145,50,2.8485,0,98,98
123,88,2.848,0,61,16
136,103,2.848,0,21,23
95,81,2.8473,0,13,25
149,126,2.8472,0,31,36
122,73,2.8457,0,28,37
81,58,2.8442,0,25,34
126,114,2.8413,0,36,16
132,109,2.8412,0,28,24
127,70,2.8391,0,47,61
128,95,2.839,0,39,13
138,112,2.8388,0,34,15
143,95,2.8366,0,81,13
136,59,2.8364,0,21,15
126,89,2.8361,0,36,17
120,67,2.8345,0,18,22
144,136,2.8332,0,36,21
144,79,2.833,0,36,31
136,89,2.8329,0,21,17
128,109,2.8321,0,39,24
129,110,2.8304,0,31,16
124,64,2.8298,0,34,15
148,47,2.8297,0,21,26
127,91,2.8297,0,47,22
139,107,2.8296,0,95,63
126,78,2.8292,0,36,17
134,69,2.827,0,18,10
95,70,2.8261,0,13,61
123,76,2.8249,0,61,45
80,71,2.8212,0,20,38
94,73,2.819,0,27,37
149,110,2.8182,0,31,16
134,111,2.8179,0,18,15
146,76,2.8172,0,23,45
69,46,2.8169,0,10,34
130,103,2.8167,0,33,23
120,88,2.8143,0,18,16
88,76,2.814,0,16,45
95,62,2.8138,0,13,29
111,81,2.8137,0,15,25
143,78,2.8117,0,81,17
149,141,2.8112,0,31,93
126,47,2.8108,0,36,26
149,100,2.8096,0,31,16
117,80,2.8091,0,45,20
110,67,2.807,0,16,22
109,91,2.8058,0,24,22
87,70,2.8052,0,16,61
112,71,2.8049,0,15,38
122,114,2.8044,0,28,16
138,69,2.8039,0,34,10
130,64,2.8034,0,33,15
132,104,2.8033,0,28,21
144,81,2.8008,0,36,25
104,47,2.8004,0,21,26
120,80,2.8001,0,18,20
118,72,2.8,0,21,18
129,72,2.7997,0,31,18
104,94,2.7994,0,21,27
100,81,2.7986,0,16,25
70,47,2.7979,0,61,26
96,62,2.7961,0,54,29
62,49,2.7957,0,29,29
130,91,2.7956,0,33,22
138,114,2.7952,0,34,16
134,102,2.7948,0,18,14
138,56,2.7944,0,34,19
131,112,2.7941,0,28,15
87,71,2.7934,0,16,38
138,67,2.793,0,34,22
146,87,2.793,0,23,16
126,112,2.7918,0,36,15
147,114,2.7917,0,70,16
94,56,2.7913,0,27,19
100,72,2.7908,0,16,18
123,87,2.7889,0,61,16
120,100,2.7884,0,18,16
146,89,2.7881,0,23,17
98,88,2.7881,0,28,16
130,79,2.7851,0,33,31
111,88,2.7839,0,15,16
149,102,2.7834,0,31,14
140,112,2.7828,0,38,15
132,64,2.78,0,28,15
129,118,2.7793,0,31,21
144,127,2.7791,0,36,47
149,59,2.7783,0,31,15
140,126,2.7775,0,38,36
125,69,2.7773,0,41,10
104,79,2.777,0,21,31
149,131,2.7765,0,31,28
148,80,2.7754,0,21,20
109,47,2.7751,0,24,26
59,51,2.775,0,15,54
124,100,2.7724,0,34,16
114,64,2.7719,0,16,15
111,94,2.7713,0,15,27
136,49,2.7708,0,21,29
72,62,2.7697,0,18,29
126,81,2.7694,0,36,25
69,51,2.7686,0,10,54
109,80,2.7683,0,24,20
111,69,2.7664,0,15,10
123,91,2.7633,0,61,22
129,70,2.7622,0,31,61
149,104,2.7597,0,31,21
126,103,2.759,0,36,23
123,81,2.7579,0,61,25
122,59,2.7574,0,28,15
131,74,2.7571,0,28,18
131,110,2.7566,0,28,16
126,110,2.756,0,36,16
131,124,2.7557,0,28,34
129,100,2.7552,0,31,16
120,62,2.7534,0,18,29
98,78,2.7527,0,28,17
78,57,2.7527,0,17,54
126,59,2.7526,0,36,15
128,87,2.7523,0,39,16
95,64,2.7516,0,13,15
111,78,2.7515,0,15,17
111,105,2.7506,0,15,72
73,56,2.7499,0,37,19
104,58,2.7484,0,21,34
123,114,2.746,0,61,16
140,116,2.7454,0,38,20
108,70,2.7434,0,94,61
87,46,2.7422,0,16,34
128,114,2.7415,0,39,16
132,113,2.7402,0,28,54
112,58,2.7393,0,15,34
120,72,2.7355,0,18,18
103,87,2.734,0,23,16
104,57,2.7336,0,21,54
104,49,2.7334,0,21,29
148,93,2.7325,0,21,43
140,134,2.731,0,38,18
103,76,2.7308,0,23,45
122,78,2.7304,0,28,17
118,111,2.73,0,21,15
146,114,2.7297,0,23,16
129,114,2.7291,0,31,16
146,58,2.7287,0,23,34
146,127,2.7279,0,23,47
115,80,2.7277,0,57,20
126,64,2.7276,0,36,15
136,126,2.7275,0,21,36
138,76,2.7273,0,34,45
111,89,2.727,0,15,17
130,94,2.7266,0,33,27
144,69,2.7263,0,36,10
103,47,2.7261,0,23,26
122,94,2.7229,0,28,27
148,70,2.7228,0,21,61
114,76,2.7223,0,16,45
118,100,2.7218,0,21,16
130,47,2.7218,0,33,26
109,93,2.7209,0,24,43
72,64,2.7196,0,18,15
134,93,2.7178,0,18,43
70,56,2.7174,0,61,19
124,67,2.7166,0,34,22
110,64,2.7149,0,16,15
146,103,2.714,0,23,23
102,96,2.7136,0,14,54
138,98,2.713,0,34,28
148,125,2.7123,0,21,41
81,64,2.7121,0,25,15
138,101,2.7112,0,34,27
126,71,2.7111,0,36,38
74,59,2.7098,0,18,15
148,118,2.7096,0,21,21
125,102,2.7083,0,41,14
140,118,2.7077,0,38,21
136,128,2.7075,0,21,39
79,63,2.7067,0,31,50
100,67,2.7059,0,16,22
89,73,2.7052,0,17,37
101,69,2.7044,0,27,10
131,87,2.7039,0,28,16
128,79,2.7031,0,39,31
78,62,2.7015,0,17,29
103,80,2.7011,0,23,20
125,74,2.701,0,41,18
126,56,2.7009,0,36,19
126,70,2.6999,0,36,61
134,99,2.6997,0,18,48
