99,92,1.688,0,48,54
145,139,1.4803,0,98,95
61,46,1.4682,0,18,34
142,108,1.3162,0,93,94
119,73,1.2853,0,85,37
133,117,1.2077,0,49,45
65,57,1.2048,0,32,54
137,105,1.1715,0,63,72
57,50,1.1652,0,54,98
105,90,1.1266,0,72,87
99,60,1.1219,0,48,50
139,108,1.1213,0,95,94
142,106,1.085,0,93,92
121,66,1.0773,0,87,91
141,106,1.07,0,93,92
133,99,1.0672,0,49,48
57,51,1.0593,0,54,54
140,51,1.038,0,38,54
56,49,1.0299,0,19,29
145,106,1.0203,0,98,92
139,106,1.0126,0,95,92
145,108,1.0105,0,98,94
52,46,1.009,0,24,34
113,90,1.0011,0,54,87
56,50,0.99986,0,19,98
147,107,0.99886,0,70,63
57,46,0.98606,0,54,34
115,90,0.98122,0,57,87
101,90,0.97725,0,27,87
65,58,0.97667,0,32,34
57,48,0.97211,0,54,52
113,105,0.97048,0,54,72
100,91,0.96276,0,16,22
141,108,0.95703,0,93,94
118,78,0.95356,0,21,17
98,59,0.94942,0,28,15
113,87,0.93943,0,54,16
133,115,0.93418,0,49,57
134,112,0.93296,0,18,15
142,107,0.93142,0,93,63
143,107,0.91755,0,81,63
97,90,0.9127,0,86,87
134,114,0.91218,0,18,16
132,118,0.90741,0,28,21
56,46,0.90529,0,19,34
101,52,0.89824,0,27,24
149,107,0.89801,0,31,63
122,74,0.89719,0,28,18
61,51,0.89695,0,18,54
92,77,0.89077,0,54,42
57,49,0.88972,0,54,29
119,75,0.88931,0,85,87
105,48,0.88655,0,72,52
133,119,0.88464,0,49,85
145,50,0.88454,0,98,98
131,115,0.88238,0,28,57
137,48,0.87982,0,63,52
58,52,0.87921,0,34,24
102,91,0.87621,0,14,22
132,114,0.87167,0,28,16
107,101,0.8691,0,63,27
77,71,0.86483,0,42,38
60,50,0.85791,0,50,98
145,135,0.85689,0,98,49
97,75,0.85138,0,86,87
130,102,0.85116,0,33,14
106,97,0.85037,0,92,86
136,47,0.85008,0,21,26
132,116,0.84657,0,28,20
148,88,0.8453,0,21,16
95,72,0.84514,0,13,18
107,90,0.844,0,63,87
78,72,0.8419,0,17,18
56,47,0.83798,0,19,26
87,79,0.83531,0,16,31
100,59,0.83471,0,16,15
145,97,0.83208,0,98,86
56,48,0.82927,0,19,52
145,137,0.82431,0,98,63
123,71,0.82176,0,61,38
106,50,0.81906,0,92,98
103,89,0.81859,0,23,17
130,122,0.81806,0,33,28
117,65,0.81763,0,45,32
58,46,0.80915,0,34,34
127,121,0.80864,0,47,87
113,89,0.80819,0,54,17
75,68,0.8075,0,87,58
121,68,0.8051,0,87,58
138,131,0.80456,0,34,28
135,115,0.80328,0,49,57
139,50,0.80243,0,95,98
115,107,0.80216,0,57,63
130,115,0.80085,0,33,57
136,112,0.8008,0,21,15
147,139,0.80028,0,70,95
108,50,0.79162,0,94,98
75,66,0.79152,0,87,91
58,48,0.78715,0,34,52
108,97,0.78704,0,94,86
94,74,0.78534,0,27,18
58,47,0.7819,0,34,26
97,66,0.77783,0,86,91
58,49,0.7773,0,34,29
98,62,0.77163,0,28,29
126,120,0.76925,0,36,18
90,75,0.76776,0,87,87
141,97,0.76681,0,93,86
104,98,0.76619,0,21,28
60,52,0.76612,0,50,24
106,90,0.76485,0,92,87
119,108,0.76444,0,85,94
117,97,0.76416,0,45,86
147,77,0.76128,0,70,42
117,92,0.75935,0,45,54
147,141,0.75847,0,70,93
61,47,0.75845,0,18,26
115,105,0.75807,0,57,72
129,98,0.75699,0,31,28
118,76,0.75671,0,21,45
61,48,0.75524,0,18,52
102,89,0.75456,0,14,17
135,90,0.75355,0,49,87
89,80,0.75348,0,17,20
118,88,0.75322,0,21,16
126,80,0.75237,0,36,20
128,81,0.74989,0,39,25
120,76,0.74984,0,18,45
142,75,0.74805,0,93,87
141,135,0.74728,0,93,49
143,108,0.7448,0,81,94
137,108,0.74105,0,63,94
147,90,0.74053,0,70,87
128,118,0.73755,0,39,21
144,116,0.73559,0,36,20
125,118,0.7346,0,41,21
58,51,0.73419,0,34,54
117,100,0.73411,0,45,16
145,119,0.73388,0,98,85
75,50,0.73327,0,87,98
139,97,0.73271,0,95,86
130,116,0.73258,0,33,20
60,51,0.73223,0,50,54
114,91,0.73198,0,16,22
59,49,0.7319,0,15,29
87,81,0.73075,0,16,25
90,52,0.72996,0,87,24
57,47,0.72994,0,54,26
64,58,0.72831,0,15,34
68,50,0.72605,0,58,98
61,52,0.72583,0,18,24
78,71,0.72525,0,17,38
87,80,0.72463,0,16,20
59,46,0.7246,0,15,34
110,104,0.7224,0,16,21
120,104,0.72069,0,18,21
75,65,0.71992,0,87,32
102,88,0.719,0,14,16
97,50,0.7182,0,86,98
135,99,0.71647,0,49,48
128,117,0.71633,0,39,45
100,94,0.71624,0,16,27
149,129,0.71502,0,31,31
129,117,0.71496,0,31,45
100,93,0.71444,0,16,43
132,126,0.71321,0,28,36
99,63,0.71271,0,48,50
130,88,0.71082,0,33,16
94,76,0.71051,0,27,45
121,65,0.70964,0,87,32
102,95,0.70904,0,14,13
62,47,0.70745,0,29,26
139,107,0.70647,0,95,63
130,117,0.70638,0,33,45
59,52,0.70595,0,15,24
142,50,0.70591,0,93,98
146,140,0.7059,0,23,38
60,48,0.70588,0,50,52
140,92,0.70577,0,38,54
144,138,0.70378,0,36,34
118,112,0.70275,0,21,15
89,79,0.70241,0,17,31
120,95,0.70216,0,18,13
130,118,0.70162,0,33,21
132,125,0.69996,0,28,41
120,110,0.69889,0,18,16
134,91,0.69755,0,18,22
134,110,0.69726,0,18,16
142,135,0.69696,0,93,49
138,127,0.69667,0,34,47
137,101,0.69665,0,63,27
144,112,0.69584,0,36,15
141,50,0.69517,0,93,98
130,120,0.69516,0,33,18
122,98,0.69497,0,28,28
132,124,0.69432,0,28,34
87,46,0.69311,0,16,34
66,50,0.69188,0,91,98
138,125,0.69177,0,34,41
116,95,0.69079,0,20,13
131,117,0.69049,0,28,45
103,91,0.69009,0,23,22
146,111,0.69003,0,23,15
110,100,0.69002,0,16,16
97,65,0.68973,0,86,32
130,89,0.68696,0,33,17
138,129,0.68688,0,34,31
136,110,0.68648,0,21,16
112,102,0.68608,0,15,14
113,88,0.68567,0,54,16
148,140,0.68563,0,21,38
80,74,0.68532,0,20,18
136,130,0.68492,0,21,33
109,91,0.68448,0,24,22
58,50,0.68439,0,34,98
60,46,0.68322,0,50,34
132,102,0.68268,0,28,14
111,103,0.68244,0,15,23
129,100,0.68239,0,31,16
138,47,0.68224,0,34,26
112,72,0.68211,0,15,18
146,134,0.682,0,23,18
119,97,0.68169,0,85,86
128,65,0.68166,0,39,32
122,100,0.68122,0,28,16
147,87,0.68083,0,70,16
136,102,0.67982,0,21,14
94,73,0.67956,0,27,37
125,116,0.67826,0,41,20
101,78,0.678,0,27,17
127,116,0.67792,0,47,20
131,114,0.67762,0,28,16
66,60,0.67755,0,91,50
122,72,0.67749,0,28,18
129,73,0.67713,0,31,37
77,48,0.677,0,42,52
115,80,0.67697,0,57,20
111,105,0.67666,0,15,72
126,116,0.67664,0,36,20
136,111,0.67646,0,21,15
130,79,0.67602,0,33,31
98,72,0.6756,0,28,18
134,128,0.67557,0,18,39
118,81,0.67515,0,21,25
124,112,0.67467,0,34,15
112,94,0.67445,0,15,27
110,94,0.67441,0,16,27
65,59,0.67399,0,32,15
136,98,0.67365,0,21,28
124,93,0.67345,0,34,43
120,91,0.67339,0,18,22
121,71,0.67318,0,87,38
110,87,0.67288,0,16,16
67,60,0.67213,0,22,50
133,123,0.67188,0,49,61
132,120,0.67188,0,28,18
109,103,0.67145,0,24,23
125,70,0.67134,0,41,61
96,72,0.67132,0,54,18
149,143,0.66995,0,31,81
148,134,0.6691,0,21,18
112,91,0.66825,0,15,22
148,109,0.66804,0,21,24
128,110,0.66743,0,39,16
102,94,0.66705,0,14,27
64,56,0.667,0,15,19
103,87,0.66655,0,23,16
132,79,0.66582,0,28,31
104,95,0.66388,0,21,13
148,136,0.66382,0,21,21
120,111,0.66288,0,18,15
128,120,0.66241,0,39,18
136,116,0.66194,0,21,20
97,73,0.66148,0,86,37
132,111,0.66142,0,28,15
88,81,0.66138,0,16,25
112,95,0.66102,0,15,13
67,58,0.66036,0,22,34
96,75,0.66035,0,54,87
109,95,0.66031,0,24,13
68,60,0.66018,0,58,50
63,50,0.66012,0,50,98
105,89,0.66006,0,72,17
59,47,0.65972,0,15,26
132,88,0.6596,0,28,16
120,103,0.65937,0,18,23
129,122,0.65914,0,31,28
69,62,0.65863,0,10,29
126,109,0.65819,0,36,24
95,74,0.65796,0,13,18
116,110,0.65776,0,20,16
121,114,0.65748,0,87,16
144,134,0.65681,0,36,18
144,104,0.65552,0,36,21
133,72,0.65476,0,49,18
118,95,0.65413,0,21,13
121,112,0.65253,0,87,15
62,51,0.65214,0,29,54
108,90,0.65183,0,94,87
148,114,0.65178,0,21,16
138,95,0.65165,0,34,13
104,91,0.65162,0,21,22
120,98,0.65046,0,18,28
110,91,0.65043,0,16,22
60,49,0.65008,0,50,29
136,109,0.64985,0,21,24
100,89,0.64929,0,16,17
122,80,0.64889,0,28,20
134,116,0.64843,0,18,20
140,52,0.64842,0,38,24
118,100,0.64794,0,21,16
127,89,0.64748,0,47,17
103,69,0.64701,0,23,10
100,88,0.64674,0,16,16
134,111,0.6466,0,18,15
131,116,0.64645,0,28,20
148,98,0.64564,0,21,28
135,77,0.64515,0,49,42
116,98,0.64425,0,20,28
116,94,0.64418,0,20,27
128,78,0.64361,0,39,17
133,61,0.64331,0,49,18
114,101,0.64294,0,16,27
129,94,0.64255,0,31,27
106,99,0.64249,0,92,48
131,119,0.64235,0,28,85
98,92,0.64164,0,28,54
122,104,0.64098,0,28,21
141,119,0.64065,0,93,85
103,95,0.64058,0,23,13
114,95,0.64018,0,16,13
111,104,0.64001,0,15,21
126,110,0.63977,0,36,16
128,111,0.63954,0,39,15
87,77,0.63948,0,16,42
89,73,0.63939,0,17,37
127,64,0.63901,0,47,15
138,49,0.63825,0,34,29
109,98,0.63784,0,24,28
134,80,0.63755,0,18,20
108,75,0.6375,0,94,87
145,75,0.63745,0,98,87
96,87,0.63683,0,54,16
95,89,0.63674,0,13,17
146,67,0.6361,0,23,22
109,94,0.63606,0,24,27
104,94,0.63579,0,21,27
147,105,0.63565,0,70,72
109,88,0.63536,0,24,16
101,87,0.63523,0,27,16
134,98,0.63508,0,18,28
76,64,0.63502,0,45,15
135,96,0.63413,0,49,54
134,103,0.63391,0,18,23
144,98,0.6337,0,36,28
125,80,0.6334,0,41,20
111,95,0.6332,0,15,13
94,80,0.63314,0,27,20
108,51,0.6329,0,94,54
98,91,0.63254,0,28,22
149,76,0.63215,0,31,45
62,49,0.63165,0,29,29
124,116,0.63162,0,34,20
109,63,0.63089,0,24,50
116,104,0.63038,0,20,21
138,122,0.62956,0,34,28
114,80,0.62926,0,16,20
112,98,0.62912,0,15,28
126,74,0.62909,0,36,18
123,70,0.62866,0,61,61
62,56,0.62854,0,29,19
104,89,0.6284,0,21,17
120,74,0.62835,0,18,18
129,123,0.62814,0,31,61
129,110,0.62797,0,31,16
116,69,0.62764,0,20,10
61,49,0.62673,0,18,29
111,102,0.62604,0,15,14
110,103,0.62577,0,16,23
146,69,0.62566,0,23,10
139,119,0.62557,0,95,85
146,124,0.6254,0,23,34
114,94,0.62532,0,16,27
116,67,0.62511,0,20,22
112,104,0.62511,0,15,21
113,104,0.62499,0,54,21
88,79,0.62498,0,16,31
149,77,0.62447,0,31,42
94,88,0.62435,0,27,16
148,128,0.62373,0,21,39
122,87,0.62369,0,28,16
132,69,0.62343,0,28,10
148,116,0.62313,0,21,20
130,101,0.62269,0,33,27
101,56,0.62241,0,27,19
130,103,0.62229,0,33,23
142,90,0.62217,0,93,87
131,59,0.62186,0,28,15
120,89,0.62133,0,18,17
108,99,0.62093,0,94,48
79,71,0.62076,0,31,38
124,80,0.62046,0,34,20
134,104,0.62046,0,18,21
146,115,0.62026,0,23,57
120,102,0.6202,0,18,14
120,112,0.62011,0,18,15
148,142,0.62002,0,21,93
128,121,0.61988,0,39,87
67,59,0.61982,0,22,15
113,102,0.61963,0,54,14
129,81,0.61937,0,31,25
134,118,0.61931,0,18,21
146,112,0.61923,0,23,15
141,96,0.61904,0,93,54
113,101,0.61882,0,54,27
148,112,0.61876,0,21,15
131,118,0.61864,0,28,21
118,89,0.61862,0,21,17
121,113,0.61836,0,87,54
138,114,0.61826,0,34,16
142,97,0.61773,0,93,86
111,87,0.61772,0,15,16
67,61,0.61737,0,22,18
104,51,0.61713,0,21,54
138,91,0.61704,0,34,22
131,87,0.61691,0,28,16
136,107,0.61644,0,21,63
140,110,0.61579,0,38,16
114,107,0.61545,0,16,63
112,100,0.61545,0,15,16
140,99,0.61526,0,38,48
134,124,0.61526,0,18,34
110,95,0.61477,0,16,13
95,80,0.61459,0,13,20
109,89,0.61436,0,24,17
93,73,0.61405,0,43,37
101,89,0.61404,0,27,17
100,87,0.61334,0,16,16
117,109,0.61308,0,45,24
63,48,0.61296,0,50,52
145,90,0.61224,0,98,87
134,87,0.61218,0,18,16
132,122,0.61211,0,28,28
73,66,0.6121,0,37,91
122,110,0.61167,0,28,16
68,61,0.61153,0,58,18
92,76,0.61151,0,54,45
144,132,0.61145,0,36,28
122,92,0.6111,0,28,54
136,94,0.61089,0,21,27
125,89,0.61077,0,41,17
148,132,0.61062,0,21,28
78,67,0.61052,0,17,22
138,100,0.61012,0,34,16
116,91,0.60995,0,20,22
124,114,0.60934,0,34,16
119,106,0.60911,0,85,92
60,47,0.60909,0,50,26
135,108,0.60889,0,49,94
112,88,0.60875,0,15,16
109,93,0.60873,0,24,43
113,97,0.60791,0,54,86
136,100,0.60785,0,21,16
122,116,0.60768,0,28,20
149,103,0.60709,0,31,23
119,50,0.60674,0,85,98
121,115,0.6067,0,87,57
146,139,0.60667,0,23,95
97,91,0.60665,0,86,22
110,90,0.60606,0,16,87
76,70,0.60587,0,45,61
148,95,0.60574,0,21,13
128,112,0.6057,0,39,15
99,90,0.6056,0,48,87
128,116,0.60552,0,39,20
148,127,0.60537,0,21,47
110,89,0.60522,0,16,17
109,46,0.60522,0,24,34
127,120,0.60519,0,47,18
127,71,0.60477,0,47,38
139,121,0.60392,0,95,87
77,68,0.60378,0,42,58
69,61,0.60377,0,10,18
118,74,0.60376,0,21,18
140,126,0.60374,0,38,36
62,48,0.6037,0,29,52
134,113,0.60369,0,18,54
136,95,0.60347,0,21,13
149,114,0.60321,0,31,16
129,120,0.60288,0,31,18
128,89,0.60266,0,39,17
116,78,0.60264,0,20,17
120,94,0.60216,0,18,27
127,118,0.60159,0,47,21
127,87,0.60135,0,47,16
91,79,0.60125,0,22,31
134,120,0.60084,0,18,18
133,118,0.60052,0,49,21
113,80,0.60048,0,54,20
125,88,0.60043,0,41,16
136,126,0.60038,0,21,36
131,103,0.60006,0,28,23
98,49,0.59998,0,28,29
127,91,0.59991,0,47,22
148,47,0.59899,0,21,26
144,69,0.59879,0,36,10
129,118,0.59868,0,31,21
116,81,0.59857,0,20,25
128,93,0.5985,0,39,43
136,76,0.59834,0,21,45
136,101,0.59698,0,21,27
144,127,0.59698,0,36,47
136,104,0.59682,0,21,21
116,89,0.59627,0,20,17
110,76,0.59626,0,16,45
110,102,0.59624,0,16,14
94,87,0.596,0,27,16
118,99,0.59588,0,21,48
137,106,0.59588,0,63,92
79,65,0.59587,0,31,32
123,61,0.59584,0,61,18
148,101,0.59582,0,21,27
134,49,0.59569,0,18,29
114,103,0.59567,0,16,23
109,67,0.59559,0,24,22
114,76,0.59502,0,16,45
88,67,0.59484,0,16,22
117,79,0.59461,0,45,31
135,113,0.59408,0,49,54
114,81,0.59364,0,16,25
119,99,0.59348,0,85,48
80,67,0.59312,0,20,22
96,90,0.593,0,54,87
91,56,0.59279,0,22,19
76,63,0.59243,0,45,50
127,98,0.59237,0,47,28
69,59,0.59235,0,10,15
63,57,0.59189,0,50,54
117,101,0.59184,0,45,27
104,88,0.59179,0,21,16
102,72,0.59177,0,14,18
140,111,0.59177,0,38,15
136,114,0.59173,0,21,16
120,113,0.59166,0,18,54
146,74,0.59154,0,23,18
146,109,0.59147,0,23,24
68,62,0.5913,0,58,29
146,120,0.59128,0,23,18
122,94,0.5911,0,28,27
61,50,0.5903,0,18,98
134,127,0.5902,0,18,47
134,109,0.59003,0,18,24
132,112,0.58976,0,28,15
130,64,0.58969,0,33,15
144,95,0.58824,0,36,13
106,75,0.58816,0,92,87
149,136,0.58808,0,31,21
103,93,0.58786,0,23,43
72,59,0.58784,0,18,15
144,131,0.58759,0,36,28
91,69,0.58729,0,22,10
110,80,0.58723,0,16,20
106,96,0.58722,0,92,54
130,107,0.58697,0,33,63
134,94,0.58681,0,18,27
123,110,0.58675,0,61,16
88,78,0.58659,0,16,17
135,50,0.5864,0,49,98
143,106,0.58612,0,81,92
116,102,0.58612,0,20,14
89,78,0.58605,0,17,17
137,50,0.58605,0,63,98
74,64,0.58588,0,18,15
144,124,0.58585,0,36,34
138,104,0.58585,0,34,21
140,129,0.58584,0,38,31
127,95,0.58527,0,47,13
111,74,0.58496,0,15,18
122,76,0.58492,0,28,45
146,98,0.58486,0,23,28
114,71,0.58481,0,16,38
117,94,0.58452,0,45,27
126,118,0.58438,0,36,21
124,98,0.58426,0,34,28
129,116,0.58399,0,31,20
93,62,0.58363,0,43,29
131,74,0.58363,0,28,18
116,72,0.58362,0,20,18
128,102,0.58356,0,39,14
115,102,0.58355,0,57,14
138,89,0.58351,0,34,17
122,101,0.58278,0,28,27
104,74,0.58242,0,21,18
129,91,0.5823,0,31,22
131,81,0.58225,0,28,25
89,52,0.58205,0,17,24
91,76,0.58188,0,22,45
94,47,0.58149,0,27,26
133,89,0.58145,0,49,17
109,102,0.58118,0,24,14
91,72,0.58076,0,22,18
122,71,0.58037,0,28,38
130,81,0.57995,0,33,25
101,81,0.5794,0,27,25
130,123,0.57919,0,33,61
131,124,0.57908,0,28,34
126,76,0.57899,0,36,45
138,80,0.57898,0,34,20
101,51,0.57895,0,27,54
114,88,0.5787,0,16,16
122,102,0.57845,0,28,14
69,58,0.57809,0,10,34
100,67,0.57805,0,16,22
128,100,0.578,0,39,16
138,126,0.57729,0,34,36
102,93,0.57683,0,14,43
138,130,0.57662,0,34,33
110,71,0.57662,0,16,38
149,72,0.57659,0,31,18
124,52,0.57649,0,34,24
132,117,0.57614,0,28,45
148,110,0.57605,0,21,16
78,70,0.5759,0,17,61
124,88,0.57569,0,34,16
126,95,0.57561,0,36,13
136,72,0.57552,0,21,18
124,102,0.57515,0,34,14
114,87,0.57494,0,16,16
124,81,0.57493,0,34,25
77,69,0.57489,0,42,10
95,87,0.57489,0,13,16
114,104,0.57427,0,16,21
112,103,0.57409,0,15,23
102,87,0.57403,0,14,16
122,103,0.5739,0,28,23
127,88,0.57388,0,47,16
116,109,0.57378,0,20,24
114,79,0.57374,0,16,31
118,87,0.5737,0,21,16
118,104,0.57369,0,21,21
126,107,0.57359,0,36,63
118,98,0.57341,0,21,28
146,125,0.57329,0,23,41
104,56,0.57318,0,21,19
132,103,0.57271,0,28,23
134,74,0.57239,0,18,18
89,76,0.57228,0,17,45
149,134,0.5719,0,31,18
69,60,0.57158,0,10,50
67,49,0.57132,0,22,29
112,89,0.57129,0,15,17
111,78,0.57125,0,15,17
146,138,0.57124,0,23,34
132,119,0.57124,0,28,85
96,89,0.57104,0,54,17
143,70,0.57069,0,81,61
148,138,0.57066,0,21,34
123,116,0.57062,0,61,20
109,80,0.57037,0,24,20
132,64,0.57013,0,28,15
112,78,0.5701,0,15,17
73,67,0.56991,0,37,22
115,108,0.56981,0,57,94
132,95,0.56925,0,28,13
140,102,0.56897,0,38,14
144,136,0.56895,0,36,21
143,121,0.56893,0,81,87
62,52,0.56865,0,29,24
59,51,0.56836,0,15,54
62,50,0.56833,0,29,98
110,93,0.56831,0,16,43
146,94,0.5683,0,23,27
90,50,0.568,0,87,98
68,48,0.56778,0,58,52
118,80,0.5677,0,21,20
89,72,0.56761,0,17,18
128,122,0.56759,0,39,28
128,79,0.5674,0,39,31
101,46,0.56724,0,27,34
149,120,0.56674,0,31,18
141,107,0.56673,0,93,63
131,88,0.56658,0,28,16
100,58,0.56656,0,16,34
129,47,0.5662,0,31,26
148,113,0.56603,0,21,54
112,74,0.56574,0,15,18
103,72,0.56522,0,23,18
96,79,0.5652,0,54,31
122,112,0.56497,0,28,15
100,72,0.56478,0,16,18
140,131,0.56475,0,38,28
100,74,0.56467,0,16,18
148,102,0.56448,0,21,14
135,128,0.56413,0,49,39
64,49,0.56392,0,15,29
112,47,0.56355,0,15,26
110,72,0.56352,0,16,18
148,131,0.56332,0,21,28
107,81,0.56326,0,63,25
122,115,0.5632,0,28,57
115,78,0.56299,0,57,17
107,46,0.56291,0,63,34
76,67,0.56288,0,45,22
100,64,0.56279,0,16,15
103,80,0.56268,0,23,20
129,74,0.56265,0,31,18
122,73,0.56257,0,28,37
145,68,0.56253,0,98,58
133,80,0.56238,0,49,20
120,100,0.56217,0,18,16
93,71,0.56214,0,43,38
110,88,0.56206,0,16,16
121,105,0.56156,0,87,72
138,56,0.56134,0,34,19
133,122,0.56075,0,49,28
132,96,0.56065,0,28,54
129,103,0.56058,0,31,23
129,87,0.5605,0,31,16
112,79,0.56035,0,15,31
136,91,0.56007,0,21,22
149,112,0.55993,0,31,15
137,90,0.55978,0,63,87
135,97,0.55913,0,49,86
89,81,0.55898,0,17,25
95,49,0.55886,0,13,29
64,52,0.55874,0,15,24
138,101,0.55851,0,34,27
80,73,0.55833,0,20,37
127,78,0.55775,0,47,17
104,80,0.55768,0,21,20
127,102,0.55738,0,47,14
134,79,0.55737,0,18,31
133,88,0.55726,0,49,16
126,78,0.55726,0,36,17
129,79,0.55722,0,31,31
126,70,0.55717,0,36,61
134,122,0.55716,0,18,28
131,80,0.55708,0,28,20
131,69,0.55699,0,28,10
117,63,0.5569,0,45,50
140,109,0.55683,0,38,24
146,95,0.55669,0,23,13
146,102,0.55658,0,23,14
134,69,0.55656,0,18,10
70,64,0.55653,0,61,15
138,120,0.55626,0,34,18
76,69,0.55584,0,45,10
131,64,0.55573,0,28,15
95,67,0.55572,0,13,22
102,65,0.55571,0,14,32
64,47,0.55569,0,15,26
105,97,0.55537,0,72,86
122,89,0.5553,0,28,17
91,78,0.55477,0,22,17
128,104,0.55476,0,39,21
120,114,0.5547,0,18,16
109,100,0.55461,0,24,16
129,80,0.55461,0,31,20
148,103,0.55453,0,21,23
149,95,0.55451,0,31,13
81,56,0.55429,0,25,19
118,96,0.55423,0,21,54
148,91,0.55397,0,21,22
81,74,0.55392,0,25,18
137,97,0.55392,0,63,86
113,103,0.55391,0,54,23
148,122,0.55378,0,21,28
147,131,0.55374,0,70,28
67,47,0.55344,0,22,26
140,100,0.55329,0,38,16
134,100,0.55318,0,18,16
128,64,0.55312,0,39,15
94,62,0.55305,0,27,29
149,101,0.55293,0,31,27
135,94,0.5529,0,49,27
130,57,0.55283,0,33,54
79,72,0.55279,0,31,18
114,93,0.55254,0,16,43
120,88,0.55247,0,18,16
140,101,0.55242,0,38,27
134,99,0.55208,0,18,48
118,91,0.55198,0,21,22
138,76,0.55197,0,34,45
140,104,0.55192,0,38,21
111,91,0.5519,0,15,22
120,109,0.55167,0,18,24
140,132,0.55161,0,38,28
134,125,0.55145,0,18,41
140,114,0.55145,0,38,16
134,95,0.55135,0,18,13
116,88,0.55125,0,20,16
131,122,0.55101,0,28,28
141,133,0.55097,0,93,49
111,100,0.55093,0,15,16
132,74,0.55091,0,28,18
109,72,0.55086,0,24,18
100,92,0.55075,0,16,54
130,100,0.55041,0,33,16
127,110,0.55036,0,47,16
148,93,0.55031,0,21,43
115,79,0.55022,0,57,31
133,124,0.55015,0,49,34
128,109,0.55007,0,39,24
135,119,0.54986,0,49,85
120,72,0.54972,0,18,18
123,72,0.54958,0,61,18
127,104,0.54938,0,47,21
102,74,0.54936,0,14,18
101,88,0.5493,0,27,16
91,74,0.54912,0,22,18
126,89,0.54912,0,36,17
138,112,0.54903,0,34,15
136,128,0.549,0,21,39
148,89,0.54899,0,21,17
111,93,0.54893,0,15,43
102,78,0.5487,0,14,17
93,72,0.54831,0,43,18
132,81,0.54807,0,28,25
148,126,0.54785,0,21,36
136,103,0.54782,0,21,23
149,140,0.54775,0,31,38
116,59,0.54772,0,20,15
81,69,0.54769,0,25,10
126,111,0.54748,0,36,15
88,69,0.54745,0,16,10
124,63,0.54696,0,34,50
132,91,0.54683,0,28,22
140,87,0.5465,0,38,16
78,69,0.54641,0,17,10
94,72,0.54623,0,27,18
149,116,0.54622,0,31,20
114,106,0.54614,0,16,92
95,69,0.54608,0,13,10
95,78,0.54607,0,13,17
110,99,0.54602,0,16,48
92,80,0.54601,0,54,20
121,88,0.54599,0,87,16
124,103,0.54588,0,34,23
148,94,0.54562,0,21,27
79,73,0.54561,0,31,37
148,100,0.5456,0,21,16
136,88,0.54551,0,21,16
140,95,0.54532,0,38,13
133,46,0.54519,0,49,34
124,95,0.54505,0,34,13
132,121,0.54505,0,28,87
118,101,0.54498,0,21,27
113,107,0.54493,0,54,63
137,130,0.54485,0,63,33
149,141,0.54475,0,31,93
102,92,0.54461,0,14,54
149,126,0.54461,0,31,36
122,79,0.54441,0,28,31
77,70,0.54431,0,42,61
98,89,0.54407,0,28,17
115,106,0.54363,0,57,92
119,66,0.54362,0,85,91
103,76,0.54355,0,23,45
104,76,0.54353,0,21,45
135,106,0.54331,0,49,92
81,49,0.54301,0,25,29
111,98,0.54271,0,15,28
149,111,0.54268,0,31,15
116,103,0.54256,0,20,23
123,74,0.54245,0,61,18
112,76,0.54241,0,15,45
92,75,0.54228,0,54,87
126,112,0.54218,0,36,15
90,60,0.54196,0,87,50
114,89,0.54176,0,16,17
149,123,0.54161,0,31,61
134,78,0.54142,0,18,17
113,71,0.54137,0,54,38
138,118,0.54137,0,34,21
130,114,0.54124,0,33,16
148,78,0.54106,0,21,17
122,88,0.54084,0,28,16
143,123,0.54076,0,81,61
116,87,0.54055,0,20,16
105,99,0.54018,0,72,48
130,87,0.53983,0,33,16
89,74,0.53981,0,17,18
147,79,0.53967,0,70,31
123,114,0.53956,0,61,16
149,130,0.53947,0,31,33
140,117,0.53941,0,38,45
140,120,0.53924,0,38,18
147,130,0.53892,0,70,33
132,110,0.5388,0,28,16
118,111,0.53875,0,21,15
110,81,0.53858,0,16,25
122,69,0.53838,0,28,10
120,69,0.53777,0,18,10
62,46,0.53753,0,29,34
145,105,0.53736,0,98,72
140,91,0.53716,0,38,22
125,81,0.53707,0,41,25
103,81,0.53686,0,23,25
130,78,0.5368,0,33,17
112,87,0.53679,0,15,16
119,92,0.53653,0,85,54
131,120,0.53639,0,28,18
147,108,0.53617,0,70,94
99,75,0.53581,0,48,87
149,109,0.5358,0,31,24
93,87,0.53578,0,43,16
130,91,0.53573,0,33,22
144,46,0.53566,0,36,34
116,74,0.5355,0,20,18
139,75,0.53534,0,95,87
141,123,0.53534,0,93,61
122,114,0.53531,0,28,16
114,74,0.53526,0,16,18
132,115,0.53515,0,28,57
103,94,0.5351,0,23,27
98,81,0.5349,0,28,25
135,124,0.5349,0,49,34
88,74,0.53461,0,16,18
96,65,0.53446,0,54,32
146,114,0.53365,0,23,16
143,136,0.53349,0,81,21
118,71,0.53342,0,21,38
116,71,0.53341,0,20,38
117,104,0.53306,0,45,21
96,73,0.53297,0,54,37
134,59,0.53276,0,18,15
101,60,0.53276,0,27,50
149,138,0.53269,0,31,34
134,102,0.53248,0,18,14
88,47,0.53243,0,16,26
64,51,0.5324,0,15,54
140,130,0.53238,0,38,33
133,100,0.53227,0,49,16
148,111,0.53214,0,21,15
110,56,0.53212,0,16,19
128,63,0.5321,0,39,50
111,90,0.53206,0,15,87
136,118,0.532,0,21,21
146,122,0.53192,0,23,28
90,66,0.53167,0,87,91
77,66,0.53147,0,42,91
88,80,0.53138,0,16,20
117,87,0.53123,0,45,16
143,93,0.53118,0,81,43
109,101,0.53096,0,24,27
115,89,0.53089,0,57,17
113,106,0.53065,0,54,92
145,99,0.53061,0,98,48
137,75,0.5306,0,63,87
111,101,0.53036,0,15,27
93,74,0.53034,0,43,18
133,107,0.53027,0,49,63
95,59,0.53021,0,13,15
125,103,0.52998,0,41,23
138,87,0.52984,0,34,16
126,88,0.52978,0,36,16
138,102,0.52951,0,34,14
118,110,0.52925,0,21,16
127,115,0.52921,0,47,57
124,118,0.52894,0,34,21
136,122,0.52888,0,21,28
91,59,0.52881,0,22,15
69,63,0.52879,0,10,50
148,120,0.52869,0,21,18
146,116,0.52868,0,23,20
146,118,0.52831,0,23,21
89,67,0.52803,0,17,22
147,136,0.52794,0,70,21
146,132,0.52775,0,23,28
109,49,0.52748,0,24,29
129,89,0.52722,0,31,17
125,98,0.52692,0,41,28
120,78,0.52684,0,18,17
126,104,0.52684,0,36,21
100,81,0.52672,0,16,25
103,88,0.52668,0,23,16
114,98,0.5263,0,16,28
101,79,0.52601,0,27,31
149,87,0.52586,0,31,16
111,49,0.52572,0,15,29
118,102,0.52558,0,21,14
133,65,0.52552,0,49,32
147,134,0.52527,0,70,18
131,105,0.52521,0,28,72
104,62,0.52489,0,21,29
140,59,0.52485,0,38,15
136,56,0.52478,0,21,19
110,98,0.52458,0,16,28
138,94,0.52452,0,34,27
127,70,0.52445,0,47,61
126,100,0.52443,0,36,16
146,103,0.5244,0,23,23
109,92,0.52423,0,24,54
125,62,0.5242,0,41,29
120,56,0.52406,0,18,19
133,98,0.52397,0,49,28
101,58,0.5236,0,27,34
132,123,0.52352,0,28,61
118,107,0.52313,0,21,63
138,111,0.52291,0,34,15
