121,13,3.548,3.9301,71,45
116,10,3.2728,4.6292,30,19
73,58,3.2595,4.2969,19,21
56,36,2.803,4.0451,39,26
98,64,2.6526,10.908,26,51
92,38,2.5507,3.8756,30,26
99,62,2.4494,4.7044,38,46
103,78,2.3275,4.197,35,29
111,3,2.3046,3.6142,41,34
152,140,2.2499,3.8648,16,16
154,135,2.2358,2.8553,18,19
154,114,2.204,2.6505,18,17
152,138,2.1979,3.9466,16,25
94,59,2.195,6.4672,50,57
150,143,2.1779,3.7201,13,22
107,4,2.1753,3.426,41,42
99,93,2.1056,3.9852,38,41
59,53,2.0774,3.5634,57,62
59,40,2.0615,3.7487,57,45
151,141,2.0579,2.6519,39,21
125,6,2.0556,3.9738,75,28
154,138,2.0292,4.1678,18,25
59,52,2.0111,4.5306,57,47
136,130,2.0109,10.372,37,25
28,20,1.9999,5.3407,50,44
43,31,1.9846,10.817,98,75
121,21,1.9799,6.3714,71,70
155,30,1.9628,3.7776,20,21
151,26,1.9419,3.1406,39,26
103,81,1.9263,4.3215,35,51
155,137,1.9125,3.0315,20,24
137,130,1.8728,12.716,24,25
149,143,1.865,3.477,22,22
72,47,1.8429,3.793,50,36
81,62,1.839,4.142,51,46
73,61,1.8262,2.7649,19,74
150,142,1.825,3.7699,13,14
57,35,1.819,2.9038,82,75
58,39,1.814,3.5229,21,32
89,45,1.8133,24.19,21,53
111,90,1.8068,2.5631,41,33
98,45,1.8059,6.2948,26,53
112,6,1.8035,3.4,35,28
60,41,1.7869,3.4108,47,41
94,31,1.7756,3.8961,50,75
158,152,1.7727,16.427,45,16
91,41,1.769,3.4168,38,41
120,16,1.7654,3.5685,45,27
54,35,1.7571,5.3466,80,75
14,6,1.7542,5.312,87,28
128,110,1.7521,4.4301,21,48
88,73,1.7476,12.47,15,19
12,6,1.7469,8.0479,46,28
103,93,1.7445,3.694,35,41
88,62,1.7412,14.76,15,46
157,142,1.7402,22.278,27,14
84,75,1.7163,3.9534,21,35
155,149,1.7133,16.797,20,22
150,140,1.7124,3.8491,13,16
152,116,1.7118,6.0619,16,30
96,14,1.7114,4.3383,97,87
95,43,1.7065,2.7274,98,98
35,15,1.7004,17.018,75,79
81,75,1.6982,3.6377,51,35
119,9,1.6901,4.7738,26,27
96,43,1.6876,4.0166,97,98
111,92,1.6861,3.7415,41,30
124,13,1.6847,3.8456,31,45
90,38,1.6836,2.744,33,26
24,16,1.6782,13.838,54,27
111,30,1.678,4.1135,41,21
155,111,1.6739,3.9025,20,41
158,151,1.6717,20.416,45,39
147,141,1.6652,7.1491,40,21
61,41,1.6651,5.6011,74,41
150,144,1.664,6.2814,13,38
94,40,1.661,4.0856,50,45
59,50,1.6468,6.2515,57,44
125,8,1.628,3.9401,75,14
55,32,1.6232,5.384,73,62
22,15,1.6197,5.0977,87,79
112,8,1.6196,4.2008,35,14
14,7,1.6187,3.7185,87,87
125,92,1.6174,10.665,75,30
46,31,1.6043,7.7318,88,75
90,3,1.6034,2.6801,33,34
147,26,1.5988,2.9864,40,26
152,141,1.5886,4.8073,16,21
76,69,1.5845,11.887,18,16
83,68,1.5825,18.198,26,12
37,23,1.5744,21.6,43,32
137,131,1.5712,13.957,24,17
111,34,1.568,3.4594,41,19
157,136,1.5673,4.1263,27,37
157,109,1.5632,3.9265,27,21
21,13,1.5604,5.9822,70,45
155,109,1.5575,3.5351,20,21
73,41,1.555,7.8876,19,41
96,7,1.5518,9.6781,97,87
88,39,1.5503,3.8651,15,32
57,31,1.5503,3.6084,82,75
156,150,1.548,16.362,32,13
15,7,1.5472,6.2429,79,87
114,8,1.5438,3.4761,17,14
21,15,1.5309,4.7962,70,79
142,68,1.5306,38.992,14,12
118,11,1.5273,6.8524,25,38
157,134,1.5243,2.7696,27,27
73,62,1.522,5.5052,19,46
54,15,1.5191,16.023,80,79
76,63,1.5171,3.4448,18,50
54,42,1.5156,5.3388,80,84
61,47,1.5152,3.9393,74,36
132,68,1.5148,35.927,17,12
122,21,1.5088,7.9526,75,70
132,87,1.4978,24.09,17,19
35,5,1.4956,4.3412,75,55
108,85,1.4953,13.351,57,31
151,144,1.4916,4.9357,39,38
138,114,1.4863,6.5925,25,17
118,10,1.4815,4.2752,25,19
59,47,1.4806,4.8328,57,36
88,61,1.4802,14.005,15,74
113,57,1.4791,13.28,78,82
149,141,1.4709,4.8547,22,21
60,54,1.4688,8.2316,47,80
157,150,1.4651,20.589,27,13
129,89,1.4635,20.779,37,21
100,6,1.4634,3.1709,60,28
150,141,1.4615,3.0205,13,21
94,57,1.4598,7.1571,50,82
151,143,1.4597,5.2153,39,22
59,51,1.4537,8.3437,57,51
67,48,1.4525,9.5926,14,59
132,83,1.452,23.622,17,26
105,76,1.4519,16.021,43,18
156,135,1.4518,3.2772,32,19
74,66,1.4503,4.9309,38,24
23,15,1.4491,11.327,32,79
152,144,1.447,11.344,16,38
28,15,1.4469,12.828,50,79
152,146,1.4463,13.254,16,25
152,142,1.4448,7.4137,16,14
37,30,1.4394,10.534,43,21
87,80,1.4383,10.472,19,35
128,104,1.438,3.8977,21,57
95,46,1.4356,3.5513,98,88
22,12,1.4337,7.4701,87,46
135,129,1.4336,9.7302,19,37
50,42,1.4331,3.984,44,84
107,2,1.4328,3.3295,41,38
76,65,1.4303,4.6007,18,23
56,39,1.4289,6.6822,39,32
100,4,1.428,3.6994,60,42
59,49,1.4261,10.525,57,64
128,120,1.4248,18.088,21,45
144,26,1.4244,6.5265,38,26
157,86,1.421,19.085,27,22
35,23,1.4168,16.48,75,32
106,82,1.4153,3.9993,21,45
53,42,1.4153,6.7506,62,84
140,114,1.4135,6.5952,16,17
75,60,1.4108,3.7824,35,47
106,83,1.4105,9.2708,21,26
49,20,1.4096,6.3077,64,44
27,15,1.4089,11.306,64,79
38,30,1.4083,8.302,26,21
76,68,1.4063,9.5721,18,12
158,150,1.405,23.509,45,13
106,79,1.4044,5.4828,21,34
132,89,1.4034,17.349,17,21
140,131,1.4031,20.725,16,17
75,67,1.4026,6.9845,35,14
92,39,1.4022,3.0564,30,32
113,14,1.3963,7.7943,78,87
83,66,1.3948,17.111,26,24
158,141,1.3944,21.233,45,21
119,97,1.3927,13.383,26,40
34,28,1.3921,7.0855,19,50
156,149,1.3917,19.336,32,22
132,106,1.3912,10.236,17,21
142,83,1.3906,38.085,14,26
64,45,1.3881,9.287,51,53
134,101,1.3855,17.302,27,18
94,42,1.3852,3.6712,50,84
146,108,1.3814,29.439,25,57
38,13,1.3813,21.733,26,45
35,22,1.3791,14.195,75,87
125,100,1.378,3.8068,75,60
113,94,1.3772,11.599,78,50
88,58,1.3763,7.4867,15,21
151,142,1.3756,4.1883,39,14
133,121,1.3744,22.481,48,71
28,19,1.3716,10.993,50,19
36,23,1.3713,18.049,26,32
72,50,1.371,8.8021,50,44
81,59,1.37,8.5289,51,57
157,149,1.3694,23.138,27,22
123,115,1.3671,11.822,45,60
153,144,1.367,9.9506,46,38
109,90,1.3661,4.2292,21,33
112,104,1.3647,7.8405,35,57
69,53,1.3641,5.5544,16,62
125,4,1.363,4.2167,75,42
154,142,1.3629,12.616,18,14
100,57,1.3627,12.262,60,82
49,42,1.3618,7.3665,64,84
109,3,1.3611,3.0501,21,34
64,44,1.3608,6.4025,51,87
74,68,1.3601,3.6443,38,12
24,14,1.3575,11.372,54,87
86,66,1.3574,19.581,22,24
90,39,1.3574,3.5862,33,32
112,12,1.3568,7.9952,35,46
158,144,1.3543,29.302,45,38
31,21,1.3538,14.16,75,70
61,43,1.3537,4.1529,74,98
87,70,1.3494,19.002,19,36
158,149,1.3465,26.139,45,22
142,106,1.3464,30.819,14,21
129,45,1.3463,22.995,37,53
135,114,1.3462,7.467,19,17
150,116,1.345,2.929,13,30
54,31,1.3441,3.7908,80,75
95,61,1.3427,7.859,98,74
71,55,1.3426,8.8969,46,73
84,73,1.3415,4.4402,21,19
157,68,1.3412,34.574,27,12
74,67,1.3412,3.3422,38,14
92,5,1.3409,3.9719,30,55
87,69,1.3406,20.602,19,16
54,5,1.3401,8.4625,80,55
16,8,1.3401,10.634,27,14
23,5,1.3397,14.678,32,55
123,21,1.3392,8.5488,45,70
37,15,1.3391,24.199,43,79
86,76,1.3374,13.516,22,18
142,131,1.3364,26.067,14,17
135,117,1.336,18.607,19,27
80,65,1.3356,9.1754,35,23
50,6,1.3345,11.165,44,28
42,15,1.3336,13.621,84,79
149,142,1.3328,4.5779,22,14
20,13,1.3326,7.8116,44,45
138,132,1.3322,15.035,25,17
121,9,1.3317,8.051,71,27
107,38,1.3311,13.048,41,26
69,47,1.3307,3.834,16,36
113,42,1.3303,16.337,78,84
85,58,1.3296,4.6459,31,21
113,96,1.3281,13.918,78,97
152,143,1.3278,8.8644,16,22
132,45,1.3267,25.987,17,53
122,49,1.3267,9.8728,75,64
55,45,1.326,15.68,73,53
157,151,1.3251,17.283,27,39
84,68,1.3244,14.629,21,12
60,39,1.324,4.2996,47,32
142,84,1.324,36.99,14,21
155,90,1.3236,7.2441,20,33
154,143,1.3209,14.768,18,22
138,131,1.3197,15.269,25,17
96,42,1.3181,5.0976,97,84
49,18,1.3177,2.8598,64,46
96,15,1.3172,8.302,97,79
22,7,1.3152,3.794,87,87
111,59,1.3148,16.307,41,57
33,25,1.3141,9.0585,22,58
92,3,1.3125,3.5751,30,34
126,120,1.3116,14.831,75,45
57,32,1.3108,3.8906,82,62
99,64,1.3108,9.6902,38,51
113,6,1.3102,3.0587,78,28
54,23,1.3095,14.176,80,32
27,18,1.3087,14.164,64,46
76,67,1.3076,5.8886,18,14
105,71,1.3054,26.34,43,46
22,14,1.3041,3.9912,87,87
87,68,1.3014,23.387,19,12
57,44,1.3011,15.421,82,87
113,27,1.3008,2.8587,78,64
32,15,1.3006,17.477,62,79
57,15,1.3005,18.335,82,79
31,5,1.2998,3.8761,75,55
71,64,1.2994,16.259,46,51
103,4,1.2979,4.0045,35,42
155,146,1.2978,21.045,20,25
106,68,1.2977,24.054,21,12
89,58,1.2974,11.317,21,21
35,21,1.2969,18.283,75,70
144,131,1.2958,30.835,38,17
140,130,1.2953,18.672,16,25
121,22,1.2945,8.0628,71,87
83,69,1.2944,16.44,26,16
102,78,1.2926,3.5089,28,29
106,78,1.2924,4.3879,21,29
82,76,1.2918,8.5219,45,18
44,7,1.2912,16.399,87,87
156,141,1.2904,14.603,32,21
152,135,1.29,7.8579,16,19
125,119,1.2883,10.57,75,26
19,11,1.2878,13.238,19,38
122,18,1.2873,4.6241,75,46
139,131,1.287,18.655,32,17
87,71,1.2856,17.6,19,46
158,142,1.2854,25.617,45,14
89,68,1.2852,26.466,21,12
52,42,1.2841,6.2601,47,84
15,5,1.2837,11.252,79,55
127,80,1.2832,23.002,27,35
59,42,1.2831,3.9735,57,84
157,144,1.2813,26.068,27,38
54,14,1.281,14.278,80,87
155,143,1.2808,18.185,20,22
143,26,1.2788,8.9273,22,26
142,132,1.2777,26.496,14,17
57,21,1.2772,18.235,82,70
35,27,1.277,8.6025,75,64
153,30,1.2769,3.7212,46,21
32,25,1.2766,7.9335,62,58
155,144,1.2762,19.357,20,38
75,58,1.2762,7.8851,35,21
84,66,1.2752,13.941,21,24
63,44,1.2752,3.6638,50,87
11,5,1.2749,14.434,38,55
106,85,1.2738,11.393,21,31
36,29,1.2735,7.813,26,28
36,30,1.2721,7.0574,26,21
27,21,1.272,10.362,64,70
113,54,1.2708,14.193,78,80
117,10,1.2698,3.0361,27,19
158,143,1.2695,27.878,45,22
114,10,1.2681,6.7341,17,19
153,147,1.2676,7.4711,46,40
134,118,1.2669,24.756,27,25
143,66,1.2663,40.799,22,24
20,14,1.2645,3.9231,44,87
140,106,1.2645,25.691,16,21
158,132,1.2644,3.513,45,17
21,14,1.2636,5.5477,70,87
37,29,1.2632,10.966,43,28
84,67,1.2621,12.962,21,14
133,122,1.2615,20.852,48,75
84,58,1.2613,2.6344,21,21
83,76,1.2612,9.6727,26,18
87,79,1.2611,10.94,19,34
57,51,1.261,11.959,82,51
100,14,1.2605,3.7947,60,87
74,63,1.2603,4.0018,38,50
157,143,1.2601,24.663,27,22
62,41,1.2579,4.1307,46,41
31,25,1.2574,6.967,75,58
56,29,1.2572,12.43,39,28
73,66,1.2567,8.6799,19,24
155,3,1.2564,7.5107,20,34
121,110,1.2551,20.038,71,48
157,132,1.2544,4.1828,27,17
110,8,1.2533,8.2287,48,14
136,68,1.2518,36.941,37,12
108,58,1.2517,17.51,57,21
152,134,1.2514,12.476,16,27
108,91,1.2501,7.692,57,38
145,139,1.2501,15.239,30,32
134,66,1.2498,36.998,27,24
153,142,1.2491,9.1525,46,14
63,43,1.2477,6.1674,50,98
153,146,1.2474,11.273,46,25
119,13,1.2473,3.3117,26,45
149,139,1.2461,10.092,22,32
110,104,1.2459,3.9863,48,57
65,45,1.2441,9.8908,23,53
101,68,1.244,22.762,18,12
87,66,1.2432,23.201,19,24
83,77,1.2419,6.791,26,61
127,83,1.2417,23.98,27,26
141,135,1.2411,13.052,21,19
64,48,1.241,10.22,51,59
73,67,1.2406,6.9738,19,14
127,73,1.2403,25.429,27,19
142,86,1.24,36.666,14,22
79,68,1.2396,18.395,34,12
93,62,1.2395,7.4556,41,46
97,24,1.2385,17.898,40,54
109,86,1.2383,15.712,21,22
76,66,1.2363,4.2501,18,24
106,69,1.2358,23.706,21,16
155,141,1.2356,11.191,20,21
132,66,1.2352,33.886,17,24
132,118,1.2348,26.185,17,25
140,134,1.2336,14.778,16,27
31,15,1.2332,13.451,75,79
117,101,1.2323,20.03,27,18
152,137,1.2323,6.5778,16,24
40,14,1.2316,14.702,45,87
138,87,1.2315,27.059,25,19
100,53,1.2314,15.689,60,62
123,116,1.2301,14.204,45,30
86,80,1.2301,7.0368,22,35
113,24,1.2288,5.2488,78,54
158,134,1.2279,4.852,45,27
89,76,1.2277,20.701,21,18
72,8,1.2272,23.348,50,14
100,21,1.226,12.557,60,70
156,112,1.226,4.1905,32,35
57,22,1.2257,14.767,82,87
81,60,1.2256,4.2442,51,47
152,145,1.2256,14.583,16,30
109,103,1.225,7.7032,21,35
150,137,1.2237,13.503,13,24
57,25,1.2237,11.62,82,58
86,68,1.2228,19.895,22,12
155,145,1.2204,23.101,20,30
83,64,1.2201,15.293,26,51
157,145,1.22,29.774,27,30
50,27,1.2195,11.886,44,64
98,87,1.2194,22.466,26,19
76,70,1.2187,11.482,18,36
49,27,1.218,13.108,64,64
142,135,1.2172,16.586,14,19
55,44,1.217,15.743,73,87
23,16,1.2163,11.658,32,27
142,66,1.2143,40.971,14,24
149,140,1.2132,7.3814,22,16
108,89,1.2128,8.1876,57,21
113,5,1.2122,6.108,78,55
115,24,1.2121,3.5495,60,54
85,60,1.2118,3.5164,31,47
24,18,1.2112,14.418,54,46
69,58,1.211,11.152,16,21
63,54,1.2108,15.688,50,80
81,9,1.2107,24.817,51,27
61,46,1.2104,6.8045,74,88
107,90,1.2104,9.1873,41,33
32,23,1.2103,13.238,62,32
87,74,1.2097,15.866,19,38
105,87,1.2093,18.487,43,19
140,19,1.2089,21.615,16,19
74,65,1.2088,4.6108,38,23
103,62,1.2086,3.9218,35,46
30,23,1.2084,11.237,21,32
61,54,1.2076,7.9699,74,80
52,21,1.2074,15.19,47,70
150,139,1.2073,8.0758,13,32
57,27,1.2072,9.3364,82,64
84,48,1.207,17.585,21,59
135,124,1.2064,19.564,19,31
134,109,1.2063,7.7606,27,21
77,55,1.2054,20.993,61,73
153,145,1.2048,13.704,46,30
106,89,1.2036,10.088,21,21
88,76,1.2034,17.177,15,18
113,95,1.203,12.395,78,98
154,147,1.2029,13.981,18,40
99,92,1.2017,7.8189,38,30
131,87,1.2017,28.288,17,19
120,17,1.2011,6.5771,45,26
57,49,1.2007,13.062,82,64
95,7,1.1979,8.7736,98,87
34,26,1.1976,8.0172,19,26
106,84,1.1962,11.857,21,21
64,57,1.196,19.594,51,82
119,84,1.196,31.626,26,21
120,105,1.1954,23.946,45,43
143,88,1.1952,34.269,22,15
142,88,1.1952,32.8,14,15
127,101,1.1951,6.961,27,18
42,35,1.1947,9.7068,84,75
127,120,1.1946,16.348,27,45
155,138,1.1944,5.0917,20,25
79,69,1.1943,18.011,34,16
138,130,1.1941,13.242,25,25
115,22,1.1941,3.6299,60,87
146,140,1.194,13.423,25,16
106,87,1.1939,14.208,21,19
83,73,1.1937,8.0783,26,19
118,86,1.1925,37.385,25,22
132,76,1.1914,25.803,17,18
143,132,1.1911,28.6,22,17
101,94,1.1909,9.0487,18,50
31,22,1.1905,9.5741,75,87
96,61,1.1902,9.0593,97,74
89,65,1.1882,25.853,21,23
38,12,1.1878,22.027,26,46
14,8,1.1875,4.203,87,14
154,130,1.1872,9.4158,18,25
60,44,1.1866,7.2104,47,87
158,139,1.1866,16.38,45,32
94,20,1.1852,7.5603,50,44
155,139,1.1847,6.7774,20,32
154,145,1.1847,19.705,18,30
141,26,1.184,6.303,21,26
81,39,1.1833,6.9255,51,32
62,54,1.1832,12.386,46,80
70,55,1.1831,12.641,36,73
136,129,1.1825,12.635,37,37
100,13,1.1825,8.5163,60,45
115,7,1.1824,4.3235,60,87
100,20,1.1824,7.4199,60,44
93,2,1.1817,4.0681,41,38
25,15,1.1817,15.794,58,79
57,43,1.1813,13.24,82,98
123,103,1.1808,13.039,45,35
79,73,1.1802,10.492,34,19
109,47,1.18,19.177,21,36
113,22,1.1796,7.0902,78,87
106,10,1.1795,22.938,21,19
57,50,1.1791,8.4806,82,44
82,66,1.1787,16.182,45,24
156,144,1.1787,22.681,32,38
15,9,1.1784,7.2164,79,27
98,65,1.178,13.152,26,23
82,35,1.1774,14.648,45,75
35,29,1.1773,6.9019,75,28
46,40,1.1772,8.5637,88,45
81,41,1.1769,4.173,51,41
121,11,1.1762,7.8687,71,38
126,97,1.1756,4.544,75,40
31,20,1.1752,7.8825,75,44
117,106,1.1751,26.469,27,21
137,118,1.1748,21.075,24,25
113,100,1.1742,8.9502,78,60
85,67,1.1738,16.054,31,14
93,82,1.1733,6.9705,41,45
155,130,1.1727,10.529,20,25
56,37,1.1719,2.8886,39,43
142,127,1.1718,25.217,14,27
103,83,1.1714,7.9818,35,26
20,5,1.171,8.672,44,55
149,119,1.1707,7.1627,22,26
60,52,1.1704,9.3944,47,47
141,131,1.17,23.083,21,17
102,65,1.1698,12.063,28,23
31,23,1.1695,11.498,75,32
149,92,1.1695,20.904,22,30
33,19,1.1691,19.205,22,19
105,16,1.1687,21.382,43,27
125,111,1.1686,6.7052,75,41
142,134,1.1676,21.264,14,27
71,56,1.1675,9.4556,46,39
139,114,1.1662,7.4446,32,17
155,147,1.1662,17.259,20,40
40,31,1.1658,5.478,45,75
54,43,1.1657,10.318,80,98
66,16,1.1638,22.998,24,27
82,16,1.1632,25.362,45,27
63,57,1.1631,16.253,50,82
142,120,1.1629,20.184,14,45
113,59,1.1628,18.698,78,57
121,38,1.1627,27.631,71,26
157,138,1.1624,10.134,27,25
147,119,1.1617,13.646,40,26
109,33,1.1615,10.407,21,22
126,119,1.1614,14.017,75,26
85,65,1.1611,16.394,31,23
140,87,1.161,31.643,16,19
78,69,1.1605,17.394,29,16
43,15,1.1602,12.895,98,79
28,22,1.1602,6.939,50,87
158,146,1.1594,30.426,45,25
100,49,1.158,10.252,60,64
113,93,1.1579,10.894,78,41
32,22,1.1578,12.234,62,87
94,5,1.1578,3.6641,50,55
49,5,1.1578,12.203,64,55
127,119,1.1576,15.246,27,26
95,57,1.1568,12.004,98,82
144,130,1.1564,28.35,38,25
157,130,1.1561,7.3501,27,25
106,76,1.1559,12.841,21,18
142,119,1.1556,16.859,14,26
128,8,1.1556,5.3709,21,14
27,14,1.155,9.3051,64,87
123,117,1.155,10.855,45,27
154,146,1.1548,17.76,18,25
103,85,1.1546,7.4739,35,31
142,16,1.1535,22.507,14,27
96,54,1.1533,11.25,97,80
157,66,1.1525,34.208,27,24
113,41,1.1523,15.334,78,41
35,14,1.1518,14.489,75,87
132,124,1.1513,16.76,17,31
143,137,1.1513,15.878,22,24
118,66,1.1512,34.29,25,24
140,73,1.1509,34.025,16,19
80,68,1.1509,12.717,35,12
35,24,1.1508,12.943,75,54
98,71,1.1506,21.314,26,46
140,128,1.1499,14.576,16,21
95,15,1.1497,10.045,98,79
156,114,1.1494,6.0898,32,17
127,12,1.1491,3.5046,27,46
142,130,1.149,23.706,14,25
89,73,1.1488,16.322,21,19
88,38,1.1487,6.4726,15,26
42,7,1.1486,12.656,84,87
125,38,1.1486,15.673,75,26
70,32,1.1484,19.536,36,62
135,128,1.1483,8.8045,19,21
123,18,1.1482,5.8947,45,46
134,68,1.1481,37.219,27,12
75,66,1.1478,7.6072,35,24
119,75,1.1477,27.743,26,35
24,15,1.1476,12.757,54,79
145,89,1.1472,34.587,30,21
60,49,1.1468,11.912,47,64
73,19,1.1467,20.164,19,19
145,132,1.1462,34.406,30,17
143,130,1.1461,25.389,22,25
52,23,1.1461,12.107,47,32
120,10,1.1461,7.0528,45,19
134,128,1.1461,8.0313,27,21
62,25,1.1456,24.939,46,58
96,59,1.1452,12.448,97,57
136,128,1.1451,10.943,37,21
26,17,1.145,21.196,26,26
96,57,1.1445,14.435,97,82
154,144,1.1442,16.119,18,38
100,94,1.1442,3.2034,60,50
145,117,1.1432,14.662,30,27
133,110,1.1431,3.7416,48,48
138,83,1.1429,29.994,25,26
152,8,1.1428,7.098,16,14
100,18,1.1418,11.18,60,46
44,14,1.1418,12.019,87,87
157,88,1.141,14.71,27,15
119,92,1.1406,21.85,26,30
145,67,1.1403,39.011,30,14
133,126,1.1403,8.4536,48,75
57,24,1.14,12.745,82,54
136,13,1.14,20.541,37,45
88,56,1.14,10.732,15,39
101,87,1.1399,22.145,18,19
75,50,1.1399,14.413,35,44
26,19,1.1398,15.892,26,19
80,24,1.1397,29.58,35,54
76,45,1.1396,12.67,18,53
115,14,1.1396,8.4203,60,87
56,32,1.1396,6.8491,39,62
32,24,1.1393,9.2684,62,54
132,120,1.1391,26.969,17,45
129,114,1.1388,11.783,37,17
155,140,1.1388,9.789,20,16
63,48,1.1384,7.1901,50,59
149,129,1.1384,24.567,22,37
75,26,1.1382,27.344,35,26
54,44,1.1378,12.125,80,87
34,5,1.1378,4.1295,19,55
127,68,1.1376,30.146,27,12
113,56,1.1371,18.922,78,39
88,66,1.137,23.016,15,24
96,46,1.1368,2.9318,97,88
113,7,1.1366,3.6406,78,87
88,41,1.1364,8.5913,15,41
81,31,1.1354,15.589,51,75
106,98,1.1352,10.569,21,26
92,34,1.1352,3.879,30,19
58,37,1.1347,6.1189,21,43
49,4,1.1345,15.824,64,42
75,69,1.1342,9.1765,35,16
86,70,1.1338,16.21,22,36
86,67,1.1329,18.436,22,14
52,24,1.1327,13.094,47,54
136,86,1.1327,22.732,37,22
67,58,1.1323,14.118,14,21
48,25,1.1316,18.871,59,58
157,80,1.1314,23.658,27,35
134,87,1.1309,23.759,27,19
152,114,1.1307,2.7583,16,17
134,127,1.1305,13.243,27,27
10,4,1.1305,16.58,19,42
36,28,1.1304,8.8131,26,50
21,12,1.1303,10.159,70,46
43,14,1.1296,10.165,98,87
154,141,1.1292,8.2148,18,21
140,66,1.1289,40.648,16,24
64,16,1.1288,20.803,51,27
138,118,1.1286,19.059,25,25
141,132,1.1286,23.023,21,17
147,138,1.1285,15.497,40,25
101,83,1.1285,16.135,18,26
81,20,1.1282,20.119,51,44
82,69,1.1278,16.536,45,16
149,117,1.1277,3.8378,22,27
39,28,1.1274,14.414,32,50
94,88,1.1272,12.774,50,15
71,45,1.1272,13.191,46,53
47,40,1.1271,8.2365,36,45
53,40,1.1268,7.5898,62,45
91,82,1.1266,4.2644,38,45
68,45,1.1265,11.912,12,53
155,34,1.1264,5.27,20,19
100,54,1.1263,10.477,60,80
102,66,1.1263,15.222,28,24
153,27,1.1253,3.8723,46,64
38,26,1.125,14.488,26,26
67,10,1.1247,32.672,14,19
131,101,1.1245,15.903,17,18
145,138,1.1244,19.482,30,25
46,5,1.1242,8.5256,88,55
78,66,1.1238,13.727,29,24
84,76,1.1238,8.1957,21,18
100,43,1.1236,7.2602,60,98
130,67,1.123,35.978,25,14
102,79,1.1228,7.6775,28,34
154,140,1.1226,7.3672,18,16
126,55,1.1225,23.777,75,73
118,87,1.1221,38.44,25,19
99,63,1.1221,7.6398,38,50
142,136,1.1217,18.055,14,37
117,9,1.1216,3.3918,27,27
132,79,1.1213,20.33,17,34
71,59,1.1212,5.4958,46,57
82,68,1.1211,17.616,45,12
140,132,1.1211,20.577,16,17
134,80,1.121,26.91,27,35
80,73,1.1208,6.6375,35,19
100,59,1.1207,13.551,60,57
122,54,1.1207,19.209,75,80
130,114,1.1203,10.399,25,17
131,66,1.1202,37.665,17,24
89,39,1.1198,6.6286,21,32
54,46,1.1195,7.7711,80,88
95,63,1.1194,9.729,98,50
151,140,1.1193,3.4969,39,16
46,23,1.1187,15.681,88,32
98,76,1.1184,11.77,26,18
65,44,1.1184,6.0075,23,87
100,56,1.1183,17.285,60,39
58,50,1.1183,10.423,21,44
156,134,1.1182,3.1241,32,27
118,58,1.1179,30.487,25,21
149,128,1.1179,17.647,22,21
33,20,1.1178,13.491,22,44
30,8,1.1177,9.2536,21,14
90,84,1.1176,10.21,33,21
28,13,1.1174,13.368,50,45
73,45,1.1174,11.685,19,53
113,49,1.1173,16.302,78,64
85,72,1.1172,11.2,31,50
144,3,1.1169,25.805,38,34
69,33,1.1168,22.225,16,22
71,58,1.1166,7.0158,46,21
97,72,1.1165,17.803,40,50
126,101,1.1165,3.6836,75,18
146,137,1.1164,17.94,25,24
52,40,1.1162,8.2728,47,45
108,101,1.1162,11.627,57,18
113,15,1.1159,10.925,78,79
141,130,1.1159,20.867,21,25
111,102,1.1157,14.253,41,28
114,108,1.1156,14.098,17,57
57,48,1.1155,14.416,82,59
110,94,1.1155,9.9329,48,50
50,5,1.1155,9.7857,44,55
137,74,1.1154,31.297,24,38
70,19,1.1151,22.617,36,19
28,18,1.1149,12.705,50,46
37,25,1.1149,16.565,43,58
108,67,1.1149,27.578,57,14
75,62,1.1147,3.6529,35,46
151,139,1.1145,4.081,39,32
126,96,1.1144,6.2032,75,97
135,11,1.1141,17.674,19,38
122,115,1.1136,13.996,75,60
91,85,1.1135,3.9348,38,31
122,113,1.1134,15.372,75,78
126,92,1.1133,13.191,75,30
114,73,1.1132,27.669,17,19
141,129,1.1132,22.953,21,37
92,63,1.1129,13.659,30,50
95,27,1.1128,12.309,98,64
122,57,1.1127,22.023,75,82
123,97,1.1127,3.82,45,40
139,132,1.1127,17.95,32,17
142,80,1.1126,38.384,14,35
39,32,1.1125,9.9491,32,62
156,146,1.1123,24.087,32,25
144,24,1.1123,7.348,38,54
55,29,1.1122,11.124,73,28
113,40,1.1122,14.56,78,45
128,103,1.1121,9.6554,21,35
96,22,1.1119,11.129,97,87
127,89,1.1116,22.848,27,21
48,40,1.1114,11.44,59,45
147,130,1.1113,26.674,40,25
100,52,1.1109,14.497,60,47
55,24,1.1108,15.851,73,54
110,79,1.1106,17.469,48,34
66,48,1.1101,8.8736,24,59
78,71,1.1098,17.854,29,46
145,23,1.1097,7.7716,30,32
124,116,1.1096,14.13,31,30
28,17,1.1093,15.79,50,26
140,117,1.1091,9.9336,16,27
137,127,1.1091,17.596,24,27
32,18,1.1088,17.614,62,46
86,16,1.1084,30.039,22,27
82,67,1.1083,15.638,45,14
103,96,1.1077,7.6181,35,97
88,2,1.1074,7.3808,15,38
147,25,1.1073,3.1402,40,58
145,108,1.1071,32.477,30,57
142,124,1.1069,23.263,14,31
105,67,1.1066,24.818,43,14
154,131,1.1064,11.442,18,17
68,48,1.1062,7.2275,12,59
131,106,1.1062,14.402,17,21
33,16,1.1061,21.945,22,27
127,86,1.1059,26.541,27,22
94,46,1.1057,4.0315,50,88
24,17,1.1053,16.351,54,26
49,43,1.1048,6.8423,64,98
36,15,1.1046,21.316,26,79
127,65,1.1044,25.219,27,23
124,65,1.1044,20.892,31,23
102,88,1.1043,16.656,28,15
133,74,1.104,24.599,48,38
120,83,1.1039,33.363,45,26
140,129,1.1036,20.817,16,37
34,25,1.1033,10.829,19,58
114,98,1.1032,17.685,17,26
80,66,1.1028,9.907,35,24
92,42,1.1022,5.7512,30,84
102,84,1.102,14.302,28,21
20,4,1.1016,12.517,44,42
87,75,1.1014,13.208,19,35
116,86,1.101,34.116,30,22
118,73,1.1008,32.244,25,19
136,83,1.1007,25.352,37,26
113,4,1.1007,7.9332,78,42
16,9,1.1005,9.4542,27,27
156,84,1.1003,22.231,32,21
114,12,1.1002,7.6687,17,46
123,56,1.1002,24.414,45,39
76,10,1.1001,29.412,18,19
152,139,1.1001,3.5876,16,32
49,15,1.0996,8.2633,64,79
31,24,1.0992,7.7299,75,54
29,20,1.0991,10.26,28,44
86,60,1.099,6.6379,22,47
57,7,1.0988,13.177,82,87
130,97,1.0986,16.321,25,40
101,90,1.0983,16.464,18,33
60,27,1.098,18.522,47,64
127,67,1.098,29.218,27,14
128,94,1.098,13.965,21,50
98,19,1.098,12.625,26,19
121,51,1.098,18.866,71,51
154,8,1.0976,7.7135,18,14
156,143,1.0975,21.007,32,22
71,37,1.0975,13.814,46,43
118,76,1.0969,33.333,25,18
86,69,1.0957,17.364,22,16
80,16,1.0953,26.519,35,27
142,73,1.0952,35.465,14,19
82,65,1.095,14.671,45,23
129,88,1.0948,23.693,37,15
64,52,1.0948,17.517,51,47
157,146,1.0946,27.551,27,25
71,52,1.094,4.7966,46,47
126,32,1.094,19.057,75,62
137,91,1.0937,16.307,24,38
100,93,1.0934,3.7219,60,41
128,12,1.0931,5.2339,21,46
147,12,1.0926,18.32,40,46
146,91,1.0925,26.855,25,38
84,19,1.0917,25.34,21,19
107,91,1.0915,7.3652,41,38
25,9,1.091,13.794,58,27
143,68,1.091,38.763,22,12
134,124,1.0909,19.253,27,31
135,118,1.0909,21.569,19,25
142,69,1.0909,35.434,14,16
86,33,1.0908,18.153,22,22
76,64,1.09,4.2779,18,51
103,95,1.09,7.1917,35,98
117,109,1.0896,21.788,27,21
26,20,1.0893,10.934,26,44
30,24,1.0888,6.8919,21,54
90,74,1.0885,16.769,33,38
152,131,1.0884,17.329,16,17
146,67,1.0884,35.146,25,14
90,67,1.0882,22.445,33,14
112,101,1.0881,10.971,35,18
55,31,1.0879,8.0012,73,75
142,114,1.0879,9.2854,14,17
102,72,1.0877,17.018,28,50
104,96,1.0873,8.7674,57,97
92,6,1.087,7.176,30,28
150,131,1.0865,22.907,13,17
96,31,1.0859,10.075,97,75
83,45,1.0859,18.797,26,53
132,108,1.0858,7.252,17,57
88,67,1.0858,21.684,15,14
40,5,1.0857,6.9655,45,55
153,138,1.0855,3.2928,46,25
91,47,1.0854,15.103,38,36
47,24,1.0852,18.134,36,54
130,19,1.0848,24.69,25,19
144,12,1.0848,20.788,38,46
86,73,1.0843,9.2661,22,19
93,57,1.0842,9.9793,41,82
94,49,1.0841,8.3148,50,64
92,30,1.0839,7.5784,30,21
43,7,1.0839,13.574,98,87
75,29,1.0835,24.539,35,28
57,38,1.0832,3.1754,82,26
35,28,1.0823,7.1344,75,50
105,83,1.0823,14.674,43,26
156,140,1.0822,12.767,32,16
128,122,1.0818,15.393,21,75
118,110,1.0817,20.6,25,48
23,10,1.0815,12.25,32,19
98,80,1.0814,13.938,26,35
127,121,1.0813,14.201,27,71
105,97,1.0813,9.2503,43,40
105,93,1.0812,9.3263,43,41
133,55,1.0812,24.214,48,73
106,67,1.0811,21.921,21,14
147,30,1.0805,8.9995,40,21
150,138,1.0802,11.861,13,25
27,7,1.0798,3.4643,64,87
54,7,1.0798,12.581,80,87
126,94,1.0796,9.7636,75,50
25,6,1.0793,12.702,58,28
143,83,1.0792,39.075,22,26
127,117,1.0789,16.197,27,27
18,12,1.0785,12.821,46,46
146,87,1.0779,34.037,25,19
97,52,1.0769,16.337,40,47
158,145,1.0764,32.945,45,30
63,55,1.0757,18.879,50,73
138,127,1.0756,18.008,25,27
136,69,1.0755,34.821,37,16
150,130,1.0755,20.287,13,25
157,10,1.0755,20.355,27,19
33,24,1.0752,11.055,22,54
25,19,1.075,13.811,58,19
115,49,1.0747,14.658,60,64
64,43,1.0746,8.5254,51,98
145,134,1.0742,29.334,30,27
144,68,1.0734,36.652,38,12
91,58,1.0732,8.2442,38,21
28,6,1.0727,9.1104,50,28
153,46,1.0716,17.295,46,88
76,47,1.0715,12.716,18,36
155,142,1.0714,15.797,20,14
117,86,1.0713,35.257,27,22
26,14,1.0713,14.995,26,87
19,13,1.0712,7.2945,19,45
118,68,1.0711,33.083,25,12
125,3,1.0709,8.2646,75,34
122,15,1.0706,2.9461,75,79
37,13,1.0702,24.58,43,45
79,66,1.0701,15.806,34,24
86,65,1.07,18.934,22,23
103,82,1.0698,3.8903,35,45
120,71,1.0695,27.728,45,46
49,40,1.0695,12.387,64,45
37,17,1.0691,26.869,43,26
33,27,1.0686,6.8427,22,64
140,88,1.0686,28.376,16,15
122,24,1.0685,17.076,75,54
32,20,1.0685,10.724,62,44
50,38,1.0683,11.998,44,26
143,87,1.068,37.882,22,19
113,35,1.0679,10.424,78,75
156,145,1.0674,26.345,32,30
137,109,1.0673,7.8673,24,21
143,65,1.0672,40.272,22,23
78,45,1.0664,13.493,29,53
128,76,1.0664,23.535,21,18
135,123,1.0663,21.87,19,45
115,15,1.0663,9.6493,60,79
140,127,1.066,20.881,16,27
147,131,1.0657,28.894,40,17
140,124,1.0657,20.227,16,31
142,128,1.0656,19.04,14,21
135,101,1.0651,19.593,19,18
131,117,1.0651,22.363,17,27
111,99,1.065,12.901,41,38
72,53,1.0647,4.1241,50,62
88,68,1.0642,22.815,15,12
122,96,1.0641,9.4541,75,97
119,109,1.064,22.319,26,21
77,57,1.064,16.733,61,82
78,62,1.064,3.8573,29,46
76,58,1.0637,12.392,18,21
111,94,1.0636,8.7383,41,50
122,32,1.0635,21.793,75,62
108,87,1.0632,14.656,57,19
84,78,1.0631,6.7292,21,29
146,26,1.0631,5.9054,25,26
158,131,1.0627,7.2709,45,17
154,137,1.062,3.3239,18,24
129,120,1.0619,22.194,37,45
154,74,1.0619,27.769,18,38
115,19,1.0618,10.648,60,19
115,32,1.0616,13.253,60,62
29,23,1.0612,9.3819,28,32
