121,13,4.4892,0,71,45
73,58,4.213,0,19,21
116,10,4.1348,0,30,19
56,36,3.4205,0,39,26
92,38,3.2842,0,30,26
98,64,3.2275,0,26,51
152,140,3.0801,0,16,16
43,31,3.0025,0,98,75
150,143,2.9491,0,13,22
99,62,2.9121,0,38,46
154,135,2.9016,0,18,19
152,138,2.8836,0,16,25
111,3,2.8785,0,41,34
154,114,2.8512,0,18,17
107,4,2.8357,0,41,42
94,59,2.8053,0,50,57
103,78,2.752,0,35,29
151,141,2.7026,0,39,21
125,6,2.6231,0,75,28
59,53,2.6142,0,57,62
154,138,2.6088,0,18,25
99,93,2.599,0,38,41
59,52,2.5964,0,57,47
59,40,2.5958,0,57,45
151,26,2.5585,0,39,26
155,30,2.5333,0,20,21
136,130,2.4759,0,37,25
28,20,2.4733,0,50,44
150,142,2.4691,0,13,14
155,137,2.4385,0,20,24
89,45,2.4352,0,21,53
121,21,2.4146,0,71,70
149,143,2.407,0,22,22
81,62,2.4053,0,51,46
57,35,2.3524,0,82,75
157,142,2.3464,0,27,14
137,130,2.3438,0,24,25
72,47,2.3408,0,50,36
58,39,2.3226,0,21,32
120,16,2.3157,0,45,27
152,116,2.3104,0,16,30
111,90,2.2922,0,41,33
24,16,2.292,0,54,27
150,140,2.2806,0,13,16
103,81,2.27,0,35,51
94,31,2.2692,0,50,75
124,13,2.2686,0,31,45
91,41,2.2664,0,38,41
147,141,2.2648,0,40,21
103,93,2.26,0,35,41
14,6,2.259,0,87,28
98,45,2.2514,0,26,53
112,6,2.2331,0,35,28
96,14,2.2313,0,97,87
81,75,2.2283,0,51,35
88,73,2.2248,0,15,19
158,152,2.2207,0,45,16
84,75,2.2206,0,21,35
155,149,2.2191,0,20,22
150,144,2.2167,0,13,38
155,111,2.2156,0,20,41
73,61,2.2065,0,19,74
54,35,2.1963,0,80,75
128,110,2.1856,0,21,48
90,38,2.1823,0,33,26
152,141,2.1816,0,16,21
119,9,2.1797,0,26,27
111,92,2.1732,0,41,30
155,109,2.1635,0,20,21
96,43,2.1578,0,97,98
125,8,2.1511,0,75,14
59,50,2.1502,0,57,44
111,30,2.1469,0,41,21
95,43,2.1391,0,98,98
61,47,2.129,0,74,36
60,41,2.1195,0,47,41
112,8,2.1162,0,35,14
157,136,2.1031,0,27,37
147,26,2.0976,0,40,26
83,68,2.0948,0,26,12
90,3,2.0893,0,33,34
12,6,2.0862,0,46,28
76,69,2.0848,0,18,16
125,92,2.0743,0,75,30
88,62,2.0739,0,15,46
114,8,2.0613,0,17,14
118,11,2.0568,0,25,38
111,34,2.056,0,41,19
158,151,2.0478,0,45,39
57,31,2.0452,0,82,75
55,32,2.0297,0,73,62
157,109,2.0296,0,27,21
142,68,2.0192,0,14,12
46,31,2.0148,0,88,75
21,13,2.0111,0,70,45
35,15,2.0014,0,75,79
15,7,1.9923,0,79,87
61,41,1.9831,0,74,41
156,135,1.9806,0,32,19
94,40,1.9755,0,50,45
37,23,1.9745,0,43,32
88,39,1.9683,0,15,32
132,87,1.9668,0,17,19
137,131,1.9645,0,24,17
100,6,1.9596,0,60,28
157,134,1.9593,0,27,27
22,15,1.9586,0,87,79
132,83,1.9556,0,17,26
157,150,1.9535,0,27,13
149,141,1.9492,0,22,21
73,62,1.942,0,19,46
125,4,1.9405,0,75,42
113,57,1.9396,0,78,82
49,20,1.9384,0,64,44
54,42,1.9379,0,80,84
60,54,1.9369,0,47,80
118,10,1.9362,0,25,19
50,42,1.9347,0,44,84
109,3,1.9306,0,21,34
132,68,1.9277,0,17,12
150,141,1.9255,0,13,21
96,7,1.9241,0,97,87
14,7,1.9235,0,87,87
129,89,1.9159,0,37,21
140,131,1.9093,0,16,17
122,21,1.9051,0,75,70
156,150,1.9048,0,32,13
105,76,1.9047,0,43,18
152,146,1.9025,0,16,25
94,57,1.9017,0,50,82
100,4,1.8979,0,60,42
152,142,1.8962,0,16,14
35,5,1.8962,0,75,55
59,51,1.8854,0,57,51
142,83,1.885,0,14,26
73,41,1.8818,0,19,41
150,116,1.8762,0,13,30
151,143,1.8749,0,39,22
81,59,1.8731,0,51,57
140,114,1.8719,0,16,17
28,15,1.8667,0,50,79
21,15,1.8649,0,70,79
106,83,1.8638,0,21,26
152,144,1.8617,0,16,38
59,47,1.861,0,57,36
157,86,1.8601,0,27,22
83,66,1.8562,0,26,24
106,79,1.8561,0,21,34
49,42,1.8497,0,64,84
151,144,1.8486,0,39,38
113,94,1.8478,0,78,50
129,45,1.8477,0,37,53
106,82,1.8465,0,21,45
23,5,1.8429,0,32,55
108,85,1.8405,0,57,31
88,58,1.8385,0,15,21
87,80,1.8345,0,19,35
76,65,1.834,0,18,23
132,106,1.8302,0,17,21
75,60,1.83,0,35,47
157,68,1.8255,0,27,12
76,68,1.8251,0,18,12
128,120,1.8249,0,21,45
69,53,1.8239,0,16,62
34,28,1.8237,0,19,50
138,114,1.8204,0,25,17
23,15,1.818,0,32,79
59,49,1.8163,0,57,64
71,55,1.8161,0,46,73
149,142,1.8156,0,22,14
53,42,1.8148,0,62,84
135,129,1.8136,0,19,37
35,23,1.8119,0,75,32
142,131,1.8108,0,14,17
86,76,1.8107,0,22,18
132,89,1.8092,0,17,21
22,12,1.8068,0,87,46
76,63,1.8066,0,18,50
157,149,1.805,0,27,22
95,46,1.8046,0,98,88
109,90,1.8041,0,21,33
37,30,1.8009,0,43,21
142,106,1.8005,0,14,21
142,84,1.7955,0,14,21
74,66,1.7953,0,38,24
74,67,1.7916,0,38,14
37,29,1.7912,0,43,28
125,100,1.7896,0,75,60
113,14,1.7882,0,78,87
54,15,1.7875,0,80,79
74,68,1.7844,0,38,12
94,42,1.7842,0,50,84
144,26,1.784,0,38,26
113,6,1.7815,0,78,28
134,101,1.7774,0,27,18
75,67,1.7754,0,35,14
84,73,1.7751,0,21,19
152,143,1.7741,0,16,22
84,68,1.7709,0,21,12
146,108,1.769,0,25,57
127,80,1.7681,0,27,35
64,44,1.7661,0,51,87
151,142,1.7651,0,39,14
103,4,1.7636,0,35,42
121,9,1.7597,0,71,27
128,104,1.7596,0,21,57
42,15,1.7567,0,84,79
36,23,1.7567,0,26,32
67,48,1.7562,0,14,59
138,132,1.7562,0,25,17
133,121,1.7553,0,48,71
16,8,1.7549,0,27,14
38,13,1.7546,0,26,45
28,19,1.7538,0,50,19
86,66,1.7529,0,22,24
154,142,1.7528,0,18,14
142,132,1.7523,0,14,17
140,130,1.7511,0,16,25
100,14,1.7506,0,60,87
100,57,1.7458,0,60,82
144,131,1.7439,0,38,17
135,117,1.7409,0,19,27
27,15,1.7403,0,64,79
35,22,1.7392,0,75,87
123,21,1.7391,0,45,70
87,69,1.736,0,19,16
92,3,1.7347,0,30,34
156,149,1.7338,0,32,22
135,114,1.7316,0,19,17
76,67,1.7308,0,18,14
107,38,1.7292,0,41,26
158,141,1.7274,0,45,21
132,45,1.7272,0,17,53
122,18,1.7263,0,75,46
88,61,1.7246,0,15,74
92,5,1.7241,0,30,55
153,30,1.7233,0,46,21
90,39,1.7228,0,33,32
83,69,1.7228,0,26,16
140,106,1.7225,0,16,21
111,59,1.7216,0,41,57
55,45,1.7215,0,73,53
156,141,1.7214,0,32,21
92,39,1.7209,0,30,32
154,143,1.718,0,18,22
158,144,1.7178,0,45,38
38,30,1.7158,0,26,21
49,18,1.715,0,64,46
142,86,1.715,0,14,22
54,5,1.7149,0,80,55
117,10,1.7141,0,27,19
54,31,1.7135,0,80,75
139,131,1.7132,0,32,17
57,32,1.7114,0,82,62
87,68,1.7114,0,19,12
31,5,1.7093,0,75,55
127,83,1.709,0,27,26
95,61,1.7078,0,98,74
24,14,1.7057,0,54,87
36,30,1.7042,0,26,21
69,47,1.7038,0,16,36
87,70,1.7036,0,19,36
122,49,1.7035,0,75,64
113,96,1.7002,0,78,97
155,143,1.6981,0,20,22
84,58,1.6971,0,21,21
138,131,1.6962,0,25,17
81,60,1.6952,0,51,47
145,139,1.6951,0,30,32
155,90,1.694,0,20,33
153,144,1.6934,0,46,38
73,66,1.6934,0,19,24
112,12,1.6925,0,35,46
152,135,1.6923,0,16,19
59,42,1.6923,0,57,84
155,146,1.6921,0,20,25
60,39,1.6916,0,47,32
89,68,1.6915,0,21,12
33,25,1.6913,0,22,58
32,15,1.691,0,62,79
36,29,1.6902,0,26,28
96,15,1.6889,0,97,79
50,6,1.6889,0,44,28
61,43,1.6889,0,74,98
84,67,1.6882,0,21,14
19,11,1.6881,0,19,38
57,44,1.688,0,82,87
134,118,1.6864,0,27,25
113,42,1.6855,0,78,84
32,25,1.6854,0,62,58
112,104,1.684,0,35,57
157,132,1.6839,0,27,17
83,77,1.6821,0,26,61
105,71,1.6817,0,43,46
106,78,1.6807,0,21,29
158,150,1.6798,0,45,13
142,135,1.6797,0,14,19
119,97,1.6794,0,26,40
102,78,1.6791,0,28,29
113,54,1.6788,0,78,80
86,68,1.6777,0,22,12
140,19,1.6773,0,16,19
107,2,1.6772,0,41,38
123,115,1.6767,0,45,60
71,64,1.6763,0,46,51
143,66,1.6761,0,22,24
54,23,1.6758,0,80,32
75,58,1.6757,0,35,21
54,14,1.6742,0,80,87
83,76,1.674,0,26,18
157,143,1.6737,0,27,22
31,21,1.6727,0,75,70
96,42,1.671,0,97,84
157,144,1.6709,0,27,38
119,13,1.669,0,26,45
63,44,1.6683,0,50,87
110,8,1.6662,0,48,14
106,68,1.6656,0,21,12
150,137,1.6654,0,13,24
82,76,1.6652,0,45,18
57,25,1.6648,0,82,58
65,45,1.6639,0,23,53
149,139,1.6621,0,22,32
132,118,1.6608,0,17,25
57,27,1.6596,0,82,64
84,66,1.6576,0,21,24
140,134,1.6556,0,16,27
136,68,1.655,0,37,12
80,65,1.6549,0,35,23
132,66,1.6546,0,17,24
85,58,1.6537,0,31,21
134,66,1.6531,0,27,24
115,24,1.6505,0,60,54
157,145,1.6503,0,27,30
62,41,1.6497,0,46,41
64,45,1.6493,0,51,53
126,120,1.6492,0,75,45
83,73,1.6489,0,26,19
22,7,1.6476,0,87,87
20,13,1.6461,0,44,45
56,39,1.6459,0,39,32
142,127,1.645,0,14,27
73,67,1.6447,0,19,14
87,66,1.6445,0,19,24
76,66,1.6438,0,18,24
89,58,1.6428,0,21,21
27,18,1.6428,0,64,46
114,10,1.6401,0,17,19
15,5,1.6397,0,79,55
150,139,1.6389,0,13,32
158,149,1.6378,0,45,22
152,137,1.6375,0,16,24
109,103,1.6365,0,21,35
141,135,1.636,0,21,19
158,132,1.6356,0,45,17
88,76,1.6344,0,15,18
20,14,1.6339,0,44,87
117,101,1.6322,0,27,18
155,144,1.6307,0,20,38
138,87,1.6301,0,25,19
100,43,1.6294,0,60,98
52,42,1.6293,0,47,84
101,68,1.6285,0,18,12
113,5,1.6278,0,78,55
35,29,1.6263,0,75,28
142,66,1.6255,0,14,24
106,84,1.6254,0,21,21
20,5,1.6252,0,44,55
57,51,1.6216,0,82,51
31,25,1.6214,0,75,58
87,79,1.6211,0,19,34
57,15,1.62,0,82,79
146,140,1.6194,0,25,16
141,132,1.6186,0,21,17
37,15,1.6181,0,43,79
158,143,1.6175,0,45,22
57,21,1.6148,0,82,70
143,88,1.6138,0,22,15
115,22,1.6132,0,60,87
126,55,1.6132,0,75,73
152,145,1.6128,0,16,30
64,48,1.6125,0,51,59
144,130,1.6125,0,38,25
106,85,1.6124,0,21,31
27,21,1.6123,0,64,70
110,104,1.6123,0,48,57
143,132,1.6122,0,22,17
142,130,1.6117,0,14,25
152,134,1.6115,0,16,27
131,87,1.6111,0,17,19
155,3,1.6101,0,20,34
143,26,1.6099,0,22,26
21,14,1.6085,0,70,87
157,151,1.6083,0,27,39
87,71,1.6065,0,19,46
63,54,1.6062,0,50,80
113,27,1.6048,0,78,64
127,73,1.6048,0,27,19
155,141,1.6037,0,20,21
138,130,1.6035,0,25,25
158,142,1.6027,0,45,14
94,20,1.6019,0,50,44
74,63,1.6011,0,38,50
149,140,1.6008,0,22,16
98,87,1.6006,0,26,19
69,58,1.5997,0,16,21
70,55,1.5996,0,36,73
44,7,1.5991,0,87,87
89,76,1.5976,0,21,18
106,69,1.5971,0,21,16
35,27,1.5968,0,75,64
153,142,1.5959,0,46,14
108,58,1.5946,0,57,21
128,8,1.5937,0,21,14
11,5,1.5934,0,38,55
155,130,1.5931,0,20,25
121,110,1.5919,0,71,48
38,12,1.5915,0,26,46
154,130,1.5897,0,18,25
35,21,1.5894,0,75,70
57,50,1.5889,0,82,44
32,23,1.5885,0,62,32
142,88,1.5885,0,14,15
154,147,1.5882,0,18,40
135,124,1.5878,0,19,31
87,74,1.5872,0,19,38
137,118,1.5866,0,24,25
123,116,1.5862,0,45,30
113,100,1.5858,0,78,60
141,131,1.5855,0,21,17
61,54,1.585,0,74,80
155,138,1.5846,0,20,25
22,14,1.5838,0,87,87
62,54,1.5826,0,46,80
52,23,1.5826,0,47,32
155,145,1.5823,0,20,30
142,134,1.5813,0,14,27
80,24,1.5806,0,35,54
140,73,1.5803,0,16,19
57,49,1.5793,0,82,64
77,55,1.5792,0,61,73
86,80,1.5789,0,22,35
57,22,1.5783,0,82,87
100,53,1.5781,0,60,62
108,89,1.5781,0,57,21
149,119,1.5778,0,22,26
155,139,1.5774,0,20,32
108,91,1.5765,0,57,38
115,7,1.5763,0,60,87
42,35,1.5759,0,84,75
24,18,1.5756,0,54,46
153,146,1.5756,0,46,25
66,16,1.5753,0,24,27
113,24,1.5736,0,78,54
63,48,1.5735,0,50,59
46,40,1.5727,0,88,45
106,89,1.5723,0,21,21
79,68,1.5718,0,34,12
88,2,1.5711,0,15,38
79,69,1.5706,0,34,16
74,65,1.5671,0,38,23
120,17,1.5653,0,45,26
63,43,1.5639,0,50,98
72,50,1.5636,0,50,44
101,94,1.5629,0,18,50
157,138,1.5628,0,27,25
23,16,1.5618,0,32,27
99,92,1.5601,0,38,30
140,87,1.5601,0,16,19
152,139,1.5598,0,16,32
94,5,1.5584,0,50,55
117,106,1.5584,0,27,21
89,73,1.5573,0,21,19
57,24,1.5573,0,82,54
134,68,1.5565,0,27,12
60,52,1.5558,0,47,47
100,94,1.5553,0,60,50
157,130,1.5552,0,27,25
103,83,1.5544,0,35,26
125,119,1.5542,0,75,26
63,57,1.554,0,50,82
97,24,1.5537,0,40,54
143,137,1.5526,0,22,24
109,86,1.552,0,21,22
154,145,1.5513,0,18,30
98,71,1.5509,0,26,46
64,57,1.55,0,51,82
142,16,1.5497,0,14,27
28,22,1.5491,0,50,87
152,8,1.5488,0,16,14
143,130,1.5485,0,22,25
121,38,1.5478,0,71,26
140,66,1.5472,0,16,24
133,122,1.5472,0,48,75
56,37,1.5472,0,39,43
127,12,1.5459,0,27,46
82,16,1.5457,0,45,27
121,22,1.5439,0,71,87
96,59,1.5434,0,97,57
100,13,1.5431,0,60,45
76,45,1.5417,0,18,53
40,31,1.5415,0,45,75
49,5,1.5405,0,64,55
34,26,1.5399,0,19,26
84,48,1.5398,0,21,59
83,64,1.5397,0,26,51
144,68,1.5395,0,38,12
82,66,1.5384,0,45,24
89,65,1.5378,0,21,23
56,29,1.5378,0,39,28
102,65,1.5374,0,28,23
145,89,1.5374,0,30,21
100,21,1.5365,0,60,70
127,101,1.5347,0,27,18
118,86,1.5344,0,25,22
139,114,1.5342,0,32,17
142,120,1.5341,0,14,45
50,27,1.5334,0,44,64
96,46,1.5334,0,97,88
100,52,1.5331,0,60,47
31,20,1.533,0,75,44
126,97,1.5324,0,75,40
119,84,1.5323,0,26,21
141,26,1.5321,0,21,26
72,8,1.532,0,50,14
76,70,1.5319,0,18,36
30,23,1.5318,0,21,32
145,138,1.5318,0,30,25
140,132,1.5314,0,16,17
32,24,1.531,0,62,54
93,62,1.5309,0,41,46
106,10,1.5297,0,21,19
44,14,1.5279,0,87,87
40,14,1.5273,0,45,87
157,88,1.5271,0,27,15
88,66,1.5267,0,15,24
153,147,1.5266,0,46,40
107,90,1.5262,0,41,33
82,35,1.5254,0,45,75
71,56,1.5245,0,46,39
127,89,1.5237,0,27,21
154,141,1.5237,0,18,21
100,59,1.5236,0,60,57
134,109,1.5234,0,27,21
130,114,1.5234,0,25,17
141,130,1.5232,0,21,25
157,66,1.5229,0,27,24
127,68,1.5225,0,27,12
99,64,1.5217,0,38,51
147,131,1.5198,0,40,17
155,140,1.5196,0,20,16
143,68,1.5191,0,22,12
113,59,1.519,0,78,57
147,138,1.519,0,40,25
78,66,1.5189,0,29,24
114,12,1.5188,0,17,46
141,129,1.5187,0,21,37
81,39,1.5181,0,51,32
113,93,1.5177,0,78,41
85,67,1.5177,0,31,14
142,73,1.5177,0,14,19
31,23,1.5175,0,75,32
100,20,1.5169,0,60,44
127,67,1.5165,0,27,14
113,49,1.5163,0,78,64
90,84,1.5163,0,33,21
73,19,1.5162,0,19,19
100,49,1.5148,0,60,64
49,27,1.5146,0,64,64
126,101,1.5139,0,75,18
140,129,1.5139,0,16,37
91,85,1.5137,0,38,31
81,20,1.5136,0,51,44
102,79,1.5133,0,28,34
142,119,1.5132,0,14,26
103,62,1.513,0,35,46
55,29,1.513,0,73,28
142,124,1.5129,0,14,31
133,110,1.5123,0,48,48
149,92,1.5111,0,22,30
120,105,1.5099,0,45,43
84,76,1.5098,0,21,18
93,2,1.5097,0,41,38
101,83,1.5089,0,18,26
127,65,1.5079,0,27,23
153,145,1.5077,0,46,30
34,5,1.5075,0,19,55
96,61,1.5061,0,97,74
139,132,1.5059,0,32,17
35,24,1.5058,0,75,54
132,124,1.5051,0,17,31
106,76,1.5049,0,21,18
84,19,1.5044,0,21,19
118,66,1.504,0,25,24
105,87,1.5039,0,43,19
113,56,1.5036,0,78,39
122,115,1.5034,0,75,60
145,132,1.5034,0,30,17
106,98,1.5031,0,21,26
61,46,1.5031,0,74,88
131,66,1.5031,0,17,24
120,10,1.5026,0,45,19
138,83,1.5025,0,25,26
113,22,1.5024,0,78,87
115,49,1.5021,0,60,64
147,130,1.502,0,40,25
154,140,1.5013,0,18,16
132,120,1.5012,0,17,45
114,73,1.5007,0,17,19
142,80,1.5005,0,14,35
156,144,1.5003,0,32,38
31,24,1.5,0,75,54
92,34,1.4998,0,30,19
55,44,1.4997,0,73,87
138,118,1.4996,0,25,25
85,60,1.4989,0,31,47
129,88,1.4988,0,37,15
75,66,1.4986,0,35,24
130,68,1.4977,0,25,12
71,45,1.4976,0,46,53
55,24,1.4974,0,73,54
14,8,1.4973,0,87,14
80,68,1.4972,0,35,12
154,131,1.4968,0,18,17
122,32,1.4966,0,75,62
88,68,1.4963,0,15,12
136,129,1.4962,0,37,37
106,87,1.4961,0,21,19
131,106,1.4957,0,17,21
114,108,1.4952,0,17,57
154,146,1.495,0,18,25
158,139,1.4948,0,45,32
88,56,1.4945,0,15,39
109,33,1.494,0,21,22
93,82,1.4938,0,41,45
156,114,1.4932,0,32,17
81,41,1.4932,0,51,41
152,114,1.492,0,16,17
121,11,1.4908,0,71,38
149,129,1.4904,0,22,37
134,87,1.4903,0,27,19
145,67,1.4899,0,30,14
69,33,1.4898,0,16,22
146,137,1.4897,0,25,24
95,7,1.4894,0,98,87
52,21,1.4889,0,47,70
146,87,1.4878,0,25,19
123,97,1.4877,0,45,40
132,76,1.4874,0,17,18
149,117,1.4872,0,22,27
119,92,1.4869,0,26,30
70,19,1.4866,0,36,19
144,129,1.4866,0,38,37
55,31,1.4865,0,73,75
60,49,1.4863,0,47,64
95,27,1.4862,0,98,64
140,117,1.4859,0,16,27
153,138,1.4856,0,46,25
75,26,1.4856,0,35,26
79,73,1.4855,0,34,19
113,95,1.4853,0,78,98
136,86,1.4852,0,37,22
113,7,1.4847,0,78,87
136,128,1.4844,0,37,21
86,67,1.4842,0,22,14
142,69,1.4837,0,14,16
156,112,1.4836,0,32,35
150,130,1.4829,0,13,25
26,19,1.4823,0,26,19
143,87,1.4822,0,22,19
140,128,1.4819,0,16,21
33,19,1.4819,0,22,19
135,128,1.4818,0,19,21
102,66,1.4817,0,28,24
118,87,1.4815,0,25,19
42,7,1.4813,0,84,87
118,73,1.4813,0,25,19
25,15,1.4811,0,58,79
116,108,1.4807,0,30,57
10,4,1.4806,0,19,42
68,45,1.4804,0,12,53
60,44,1.48,0,47,87
132,84,1.4797,0,17,21
137,74,1.4793,0,24,38
109,47,1.4786,0,21,36
51,27,1.4773,0,51,64
70,32,1.477,0,36,62
134,127,1.477,0,27,27
73,45,1.4768,0,19,53
145,117,1.4766,0,30,27
156,134,1.4765,0,32,27
116,86,1.4761,0,30,22
95,57,1.476,0,98,82
76,10,1.4759,0,18,19
102,88,1.4757,0,28,15
155,34,1.4752,0,20,19
65,44,1.4743,0,23,87
125,38,1.4743,0,75,26
98,76,1.4741,0,26,18
118,68,1.474,0,25,12
82,68,1.4737,0,45,12
155,147,1.4736,0,20,40
113,15,1.4732,0,78,79
115,14,1.473,0,60,87
46,5,1.4728,0,88,55
89,39,1.4727,0,21,32
147,119,1.4714,0,40,26
137,127,1.4714,0,24,27
117,9,1.4708,0,27,27
24,15,1.4705,0,54,79
131,101,1.4699,0,17,18
101,87,1.4698,0,18,19
122,113,1.4693,0,75,78
105,67,1.4693,0,43,14
85,65,1.4691,0,31,23
118,76,1.4687,0,25,18
100,18,1.4682,0,60,46
158,134,1.4682,0,45,27
67,10,1.4674,0,14,19
113,20,1.4674,0,78,44
129,114,1.4669,0,37,17
15,9,1.4666,0,79,27
49,43,1.4663,0,64,98
128,94,1.4663,0,21,50
30,8,1.4662,0,21,14
50,5,1.4646,0,44,55
49,32,1.4646,0,64,62
142,114,1.4641,0,14,17
113,40,1.4639,0,78,45
43,15,1.4635,0,98,79
129,120,1.4633,0,37,45
94,44,1.4632,0,50,87
30,24,1.4629,0,21,54
86,73,1.4629,0,22,19
135,118,1.4627,0,19,25
127,86,1.4619,0,27,22
94,88,1.4603,0,50,15
82,65,1.4597,0,45,23
82,67,1.4597,0,45,14
101,90,1.4595,0,18,33
150,134,1.4592,0,13,27
31,15,1.4591,0,75,79
128,76,1.459,0,21,18
32,22,1.4589,0,62,87
158,146,1.4589,0,45,25
143,136,1.4588,0,22,37
67,55,1.4588,0,14,73
124,80,1.4584,0,31,35
145,134,1.4583,0,30,27
150,138,1.4583,0,13,25
81,31,1.4577,0,51,75
100,54,1.4576,0,60,80
142,136,1.4569,0,14,37
117,76,1.4566,0,27,18
52,40,1.4551,0,47,45
145,135,1.4548,0,30,19
136,69,1.4543,0,37,16
62,25,1.4542,0,46,58
19,13,1.454,0,19,45
130,67,1.4539,0,25,14
150,131,1.4536,0,13,17
158,145,1.4533,0,45,30
81,9,1.4527,0,51,27
86,70,1.4525,0,22,36
156,143,1.4525,0,32,22
16,9,1.4523,0,27,27
80,73,1.4521,0,35,19
115,32,1.4521,0,60,62
79,66,1.4519,0,34,24
118,58,1.4513,0,25,21
98,65,1.451,0,26,23
141,76,1.4509,0,21,18
54,44,1.4508,0,80,87
88,67,1.4507,0,15,14
122,24,1.4503,0,75,54
95,15,1.4502,0,98,79
141,116,1.45,0,21,30
82,69,1.4499,0,45,16
122,57,1.4498,0,75,82
154,144,1.4498,0,18,38
52,24,1.4495,0,47,54
108,67,1.4488,0,57,14
105,16,1.4488,0,43,27
151,140,1.4488,0,39,16
83,45,1.448,0,26,53
60,27,1.4479,0,47,64
117,86,1.4477,0,27,22
132,11,1.4476,0,17,38
144,67,1.4476,0,38,14
103,95,1.4473,0,35,98
102,84,1.446,0,28,21
75,50,1.4455,0,35,44
157,10,1.4451,0,27,19
69,52,1.4448,0,16,47
58,50,1.4447,0,21,44
100,75,1.4446,0,60,35
130,108,1.4446,0,25,57
157,146,1.4445,0,27,25
127,119,1.4443,0,27,26
127,120,1.4441,0,27,45
57,7,1.4437,0,82,87
75,69,1.4435,0,35,16
132,79,1.4435,0,17,34
111,94,1.443,0,41,50
54,43,1.4429,0,80,98
111,102,1.4425,0,41,28
145,87,1.4422,0,30,19
36,28,1.442,0,26,50
119,75,1.4419,0,26,35
103,96,1.4414,0,35,97
71,59,1.4411,0,46,57
80,16,1.4405,0,35,27
142,19,1.4399,0,14,19
87,75,1.4397,0,19,35
126,119,1.4386,0,75,26
98,19,1.4383,0,26,19
33,27,1.4377,0,22,64
33,20,1.4377,0,22,44
88,38,1.4374,0,15,26
28,17,1.4373,0,50,26
130,19,1.4372,0,25,19
31,22,1.4371,0,75,87
86,33,1.4366,0,22,22
56,32,1.4366,0,39,62
57,43,1.4365,0,82,98
131,117,1.4365,0,17,27
75,29,1.4365,0,35,28
96,54,1.4359,0,97,80
49,31,1.4357,0,64,75
59,31,1.4351,0,57,75
58,37,1.435,0,21,43
134,106,1.4348,0,27,21
126,94,1.4343,0,75,50
113,41,1.4342,0,78,41
139,130,1.4338,0,32,25
130,83,1.4336,0,25,26
113,4,1.4334,0,78,42
66,19,1.433,0,24,19
149,136,1.4326,0,22,37
86,16,1.4326,0,22,27
146,138,1.4324,0,25,25
35,14,1.4322,0,75,87
26,17,1.4321,0,26,26
123,117,1.4319,0,45,27
105,83,1.4312,0,43,26
140,88,1.431,0,16,15
137,117,1.4305,0,24,27
133,126,1.43,0,48,75
147,12,1.4298,0,40,46
129,68,1.4294,0,37,12
120,83,1.4292,0,45,26
49,4,1.4287,0,64,42
136,118,1.4286,0,37,25
80,66,1.4286,0,35,24
154,132,1.4285,0,18,17
152,131,1.4284,0,16,17
37,25,1.4276,0,43,58
146,67,1.4274,0,25,14
125,111,1.4272,0,75,41
58,51,1.4263,0,21,51
123,18,1.4262,0,45,46
100,93,1.426,0,60,41
67,58,1.4259,0,14,21
116,109,1.4255,0,30,21
96,57,1.4254,0,97,82
132,86,1.4241,0,17,22
54,46,1.4238,0,80,88
142,128,1.4233,0,14,21
154,137,1.423,0,18,24
122,54,1.423,0,75,80
64,16,1.4229,0,51,27
48,25,1.4229,0,59,58
129,105,1.4221,0,37,43
127,117,1.421,0,27,27
60,47,1.4209,0,47,36
57,38,1.4208,0,82,26
112,91,1.4208,0,35,38
150,132,1.4206,0,13,17
51,26,1.4203,0,51,26
138,127,1.4202,0,25,27
143,83,1.4202,0,22,26
124,65,1.4202,0,31,23
35,28,1.42,0,75,50
136,83,1.42,0,37,26
33,24,1.4196,0,22,54
44,29,1.4193,0,87,28
140,68,1.4193,0,16,12
82,48,1.4191,0,45,59
27,14,1.4185,0,64,87
110,79,1.4183,0,48,34
94,49,1.418,0,50,64
143,131,1.418,0,22,17
144,3,1.4175,0,38,34
118,78,1.4173,0,25,29
149,11,1.4172,0,22,38
86,69,1.4167,0,22,16
123,103,1.4167,0,45,35
92,42,1.4165,0,30,84
125,3,1.4165,0,75,34
144,87,1.4163,0,38,19
117,109,1.4158,0,27,21
144,12,1.4155,0,38,46
39,28,1.4155,0,32,50
156,84,1.4154,0,32,21
137,109,1.4151,0,24,21
32,26,1.415,0,62,26
94,46,1.4145,0,50,88
118,71,1.4144,0,25,46
114,98,1.414,0,17,26
126,96,1.4137,0,75,97
135,11,1.4136,0,19,38
150,109,1.4136,0,13,21
120,71,1.4133,0,45,46
106,67,1.4125,0,21,14
88,74,1.4125,0,15,38
123,56,1.412,0,45,39
151,139,1.4118,0,39,32
150,10,1.4114,0,13,19
29,23,1.4111,0,28,32
134,80,1.4109,0,27,35
86,60,1.4108,0,22,47
108,101,1.4106,0,57,18
144,136,1.4103,0,38,37
47,22,1.4101,0,36,87
145,108,1.4097,0,30,57
115,15,1.4094,0,60,79
127,19,1.4094,0,27,19
157,108,1.4092,0,27,57
95,63,1.409,0,98,50
29,20,1.4089,0,28,44
55,28,1.4089,0,73,50
35,20,1.4088,0,75,44
28,18,1.4087,0,50,46
33,16,1.4083,0,22,27
127,8,1.4082,0,27,14
157,80,1.4081,0,27,35
131,120,1.4075,0,17,45
90,74,1.4074,0,33,38
108,87,1.4073,0,57,19
51,45,1.4073,0,51,53
130,97,1.4072,0,25,40
34,25,1.407,0,19,58
54,7,1.4067,0,80,87
94,50,1.4063,0,50,44
143,73,1.4062,0,22,19
113,62,1.4059,0,78,46
29,18,1.4056,0,28,46
136,13,1.4055,0,37,45
91,82,1.4051,0,38,45
118,110,1.4046,0,25,48
149,137,1.4044,0,22,24
76,64,1.4041,0,18,51
104,96,1.4036,0,57,97
105,68,1.4036,0,43,12
127,88,1.4033,0,27,15
155,9,1.4031,0,20,27
71,52,1.4031,0,46,47
47,24,1.4029,0,36,54
68,48,1.4028,0,12,59
138,89,1.4026,0,25,21
128,122,1.4026,0,21,75
146,135,1.4025,0,25,19
84,69,1.4022,0,21,16
142,82,1.4017,0,14,45
49,40,1.4016,0,64,45
153,139,1.4016,0,46,32
140,70,1.4015,0,16,36
46,23,1.4013,0,88,32
107,99,1.4012,0,41,38
149,128,1.401,0,22,21
154,74,1.4009,0,18,38
103,85,1.4007,0,35,31
25,6,1.4007,0,58,28
146,91,1.4007,0,25,38
134,124,1.4006,0,27,31
90,67,1.4006,0,33,14
130,88,1.4005,0,25,15
78,71,1.4004,0,29,46
156,140,1.3996,0,32,16
28,21,1.3995,0,50,70
64,43,1.3993,0,51,98
105,72,1.3991,0,43,50
113,35,1.399,0,78,75
115,57,1.3984,0,60,82
155,142,1.3983,0,20,14
88,65,1.3982,0,15,23
102,67,1.3982,0,28,14
45,39,1.398,0,53,32
48,40,1.3979,0,59,45
97,72,1.3977,0,40,50
96,31,1.3976,0,97,75
128,103,1.3974,0,21,35
142,118,1.3973,0,14,25
78,69,1.3973,0,29,16
52,3,1.3972,0,47,34
128,12,1.3971,0,21,46
116,52,1.3969,0,30,47
113,46,1.3969,0,78,88
49,15,1.3967,0,64,79
96,22,1.3966,0,97,87
