152,74,14.336,0,16,38
141,74,13.719,0,21,38
152,141,13.68,0,16,21
121,13,11.742,0,71,45
73,58,11.439,0,19,21
150,143,10.588,0,13,22
57,35,10.459,0,82,75
150,144,10.234,0,13,38
116,10,10.185,0,30,19
92,38,9.4599,0,30,26
157,142,9.2263,0,27,14
147,141,9.1524,0,40,21
152,140,9.0962,0,16,16
96,43,9.0034,0,97,98
61,47,8.9791,0,74,36
150,142,8.9239,0,13,14
149,142,8.9131,0,22,14
154,135,8.9035,0,18,19
149,143,8.8802,0,22,22
152,142,8.8035,0,16,14
59,52,8.7941,0,57,47
94,59,8.73,0,50,57
151,141,8.4328,0,39,21
59,42,8.4166,0,57,84
21,13,8.3758,0,70,45
155,109,8.3394,0,20,21
96,14,8.3148,0,97,87
125,6,8.2772,0,75,28
154,114,8.2664,0,18,17
155,149,8.2624,0,20,22
135,29,8.1766,0,19,28
125,4,8.1591,0,75,42
83,70,8.128,0,26,36
59,53,8.1171,0,57,62
50,42,8.0951,0,44,84
90,38,8.072,0,33,26
137,130,8.0539,0,24,25
158,152,8.0277,0,45,16
14,6,7.9909,0,87,28
150,141,7.987,0,13,21
151,142,7.9643,0,39,14
154,138,7.9583,0,18,25
84,75,7.932,0,21,35
43,31,7.8874,0,98,75
157,146,7.8858,0,27,25
94,31,7.8598,0,50,75
121,9,7.8588,0,71,27
152,116,7.8433,0,16,30
154,147,7.7477,0,18,40
149,141,7.7345,0,22,21
58,39,7.7291,0,21,32
107,4,7.7288,0,41,42
128,120,7.7275,0,21,45
136,130,7.7244,0,37,25
100,6,7.7223,0,60,28
36,29,7.7145,0,26,28
35,20,7.7101,0,75,44
157,143,7.6998,0,27,22
137,131,7.6912,0,24,17
111,3,7.6435,0,41,34
119,9,7.633,0,26,27
60,47,7.6328,0,47,36
152,146,7.6136,0,16,25
157,144,7.6024,0,27,38
103,93,7.5889,0,35,41
140,130,7.5791,0,16,25
155,144,7.5742,0,20,38
95,43,7.5648,0,98,98
49,42,7.5558,0,64,84
34,28,7.5542,0,19,50
100,14,7.5404,0,60,87
152,138,7.5285,0,16,25
151,26,7.5203,0,39,26
155,143,7.5152,0,20,22
109,3,7.5133,0,21,34
98,64,7.5071,0,26,51
93,46,7.4695,0,41,88
112,8,7.4667,0,35,14
81,59,7.4561,0,51,57
132,83,7.4512,0,17,26
142,132,7.4416,0,14,17
157,150,7.4325,0,27,13
75,52,7.4282,0,35,47
138,132,7.415,0,25,17
157,145,7.4096,0,27,30
157,118,7.4072,0,27,25
105,84,7.4032,0,43,21
152,143,7.3964,0,16,22
111,30,7.3667,0,41,21
57,31,7.3563,0,82,75
137,118,7.35,0,24,25
57,50,7.337,0,82,44
24,16,7.3359,0,54,27
113,27,7.3308,0,78,64
54,42,7.3265,0,80,84
150,140,7.3212,0,13,16
141,118,7.3185,0,21,25
125,8,7.3109,0,75,14
80,70,7.3016,0,35,36
39,22,7.2966,0,32,87
72,47,7.2903,0,50,36
151,143,7.2874,0,39,22
15,7,7.2845,0,79,87
56,36,7.2798,0,39,26
141,119,7.2737,0,21,26
113,31,7.269,0,78,75
118,74,7.2678,0,25,38
113,7,7.2634,0,78,87
143,137,7.2571,0,22,24
81,70,7.2523,0,51,36
153,138,7.2352,0,46,25
152,118,7.2309,0,16,25
155,111,7.2309,0,20,41
99,93,7.2191,0,38,41
141,132,7.209,0,21,17
99,62,7.2002,0,38,46
150,116,7.1988,0,13,30
155,137,7.1928,0,20,24
118,11,7.1927,0,25,38
28,20,7.1908,0,50,44
157,149,7.1906,0,27,22
122,18,7.176,0,75,46
53,42,7.174,0,62,84
157,136,7.1593,0,27,37
90,3,7.1491,0,33,34
84,19,7.1468,0,21,19
113,35,7.1436,0,78,75
61,52,7.1385,0,74,47
155,145,7.1339,0,20,30
94,57,7.1317,0,50,82
35,29,7.1109,0,75,28
60,54,7.1078,0,47,80
142,106,7.1049,0,14,21
111,90,7.0905,0,41,33
57,40,7.0893,0,82,45
150,137,7.0531,0,13,24
56,18,7.0502,0,39,46
54,14,7.046,0,80,87
146,140,7.0449,0,25,16
20,5,7.0424,0,44,55
152,144,7.0407,0,16,38
124,13,7.0277,0,31,45
113,94,7.0257,0,78,50
80,17,7.0244,0,35,26
113,96,7.0117,0,78,97
152,139,7.0108,0,16,32
153,139,6.982,0,46,32
59,40,6.9779,0,57,45
155,130,6.9776,0,20,25
120,16,6.9752,0,45,27
47,24,6.9698,0,36,54
28,15,6.9695,0,50,79
140,131,6.9644,0,16,17
155,146,6.9639,0,20,25
154,143,6.9632,0,18,22
23,5,6.9464,0,32,55
154,142,6.9377,0,18,14
31,25,6.936,0,75,58
69,53,6.933,0,16,62
95,46,6.9328,0,98,88
81,75,6.9315,0,51,35
106,82,6.929,0,21,45
157,147,6.928,0,27,40
37,29,6.9212,0,43,28
63,44,6.9206,0,50,87
54,35,6.9167,0,80,75
101,84,6.9079,0,18,21
35,28,6.9069,0,75,50
154,145,6.9005,0,18,30
50,23,6.8985,0,44,32
103,78,6.8978,0,35,29
136,109,6.886,0,37,21
155,141,6.8657,0,20,21
116,108,6.8533,0,30,57
81,62,6.8503,0,51,46
115,22,6.8455,0,60,87
86,66,6.8437,0,22,24
77,52,6.8427,0,61,47
52,23,6.8384,0,47,32
154,146,6.8338,0,18,25
70,58,6.8316,0,36,21
112,29,6.8293,0,35,28
142,68,6.8253,0,14,12
81,58,6.824,0,51,21
59,50,6.8207,0,57,44
128,110,6.8162,0,21,48
153,147,6.8154,0,46,40
96,46,6.8129,0,97,88
122,21,6.8071,0,75,70
105,98,6.7999,0,43,26
113,54,6.782,0,78,80
152,130,6.7766,0,16,25
143,136,6.7756,0,22,37
49,28,6.7687,0,64,50
57,27,6.7646,0,82,64
140,106,6.7644,0,16,21
113,57,6.7637,0,78,82
95,27,6.7585,0,98,64
144,135,6.7555,0,38,19
158,145,6.7522,0,45,30
102,78,6.7518,0,28,29
145,135,6.7446,0,30,19
52,36,6.7371,0,47,26
125,100,6.7371,0,75,60
100,4,6.7339,0,60,42
88,2,6.7332,0,15,38
144,116,6.7304,0,38,30
142,130,6.72,0,14,25
113,15,6.7137,0,78,79
123,32,6.7097,0,45,62
131,87,6.704,0,17,19
146,86,6.7011,0,25,22
154,141,6.6982,0,18,21
35,27,6.6865,0,75,64
84,66,6.679,0,21,24
140,66,6.6739,0,16,24
144,11,6.6736,0,38,38
53,4,6.6726,0,62,42
64,44,6.6658,0,51,87
142,131,6.6558,0,14,17
36,30,6.6492,0,26,21
144,136,6.6361,0,38,37
157,137,6.6356,0,27,24
116,86,6.6247,0,30,22
143,131,6.6242,0,22,17
97,60,6.6177,0,40,47
9,3,6.6153,0,27,34
111,94,6.6085,0,41,50
154,117,6.6053,0,18,27
83,68,6.6014,0,26,12
98,87,6.6012,0,26,19
132,66,6.5959,0,17,24
84,68,6.5919,0,21,12
88,58,6.5911,0,15,21
131,106,6.5828,0,17,21
147,11,6.5797,0,40,38
19,13,6.5762,0,19,45
84,58,6.5757,0,21,21
21,14,6.5741,0,70,87
153,142,6.5732,0,46,14
122,27,6.5695,0,75,64
143,132,6.5692,0,22,17
138,130,6.5687,0,25,25
154,140,6.564,0,18,16
29,4,6.5631,0,28,42
19,11,6.5614,0,19,38
141,116,6.5608,0,21,30
21,7,6.5591,0,70,87
94,42,6.5575,0,50,84
29,23,6.5437,0,28,32
21,15,6.5433,0,70,79
94,35,6.5418,0,50,75
31,5,6.5381,0,75,55
86,76,6.5352,0,22,18
144,88,6.5342,0,38,15
153,146,6.5335,0,46,25
150,138,6.5282,0,13,25
111,92,6.5261,0,41,30
30,23,6.5155,0,21,32
144,67,6.5153,0,38,14
88,66,6.5153,0,15,24
115,24,6.5133,0,60,54
47,22,6.5127,0,36,87
30,14,6.5099,0,21,87
49,32,6.5098,0,64,62
134,121,6.5,0,27,71
35,15,6.4868,0,75,79
106,83,6.4852,0,21,26
31,23,6.4818,0,75,32
145,134,6.4813,0,30,27
144,129,6.4782,0,38,37
45,29,6.4752,0,53,28
158,143,6.4724,0,45,22
141,135,6.4702,0,21,19
57,25,6.4692,0,82,58
61,54,6.4675,0,74,80
28,22,6.4653,0,50,87
52,32,6.461,0,47,62
86,11,6.4601,0,22,38
154,137,6.4528,0,18,24
147,132,6.4501,0,40,17
142,119,6.4478,0,14,26
155,88,6.4465,0,20,15
76,67,6.4442,0,18,14
143,135,6.4441,0,22,19
113,50,6.4436,0,78,44
131,117,6.4422,0,17,27
54,34,6.4422,0,80,19
140,129,6.4415,0,16,37
122,7,6.4393,0,75,87
100,52,6.4378,0,60,47
122,32,6.4322,0,75,62
98,84,6.4276,0,26,21
139,131,6.4218,0,32,17
66,58,6.4073,0,24,21
15,5,6.4064,0,79,55
145,139,6.4062,0,30,32
114,8,6.4036,0,17,14
49,18,6.4014,0,64,46
135,117,6.4006,0,19,27
72,38,6.3986,0,50,26
83,66,6.3972,0,26,24
32,25,6.395,0,62,58
54,31,6.3944,0,80,75
158,144,6.394,0,45,38
157,116,6.3936,0,27,30
144,130,6.3885,0,38,25
121,12,6.3853,0,71,46
108,85,6.3785,0,57,31
107,88,6.3745,0,41,15
127,67,6.3725,0,27,14
146,139,6.3716,0,25,32
109,66,6.3708,0,21,24
57,49,6.3692,0,82,64
115,7,6.367,0,60,87
155,138,6.363,0,20,25
76,52,6.3556,0,18,47
24,7,6.351,0,54,87
145,137,6.3476,0,30,24
57,15,6.3471,0,82,79
142,127,6.3436,0,14,27
39,23,6.3432,0,32,32
136,74,6.3404,0,37,38
113,14,6.3377,0,78,87
83,77,6.3328,0,26,61
111,100,6.3322,0,41,60
144,68,6.3316,0,38,12
122,94,6.329,0,75,50
126,105,6.3289,0,75,43
140,132,6.3268,0,16,17
149,127,6.3254,0,22,27
23,15,6.3228,0,32,79
127,80,6.3195,0,27,35
20,13,6.3193,0,44,45
105,76,6.3167,0,43,18
46,40,6.311,0,88,45
98,25,6.3105,0,26,58
63,48,6.3074,0,50,59
84,73,6.303,0,21,19
157,88,6.3002,0,27,15
150,68,6.2993,0,13,12
141,120,6.2965,0,21,45
150,139,6.2895,0,13,32
137,117,6.2866,0,24,27
69,52,6.2863,0,16,47
57,28,6.2854,0,82,50
88,68,6.2846,0,15,12
96,7,6.2842,0,97,87
144,138,6.2778,0,38,25
154,2,6.275,0,18,38
37,23,6.2729,0,43,32
124,116,6.2702,0,31,30
116,107,6.2696,0,30,41
74,66,6.2663,0,38,24
32,23,6.2635,0,62,32
74,67,6.2623,0,38,14
54,5,6.2609,0,80,55
117,9,6.2605,0,27,27
82,76,6.26,0,45,18
147,131,6.2589,0,40,17
36,23,6.2524,0,26,32
75,56,6.2497,0,35,39
120,67,6.2492,0,45,14
59,47,6.2477,0,57,36
50,27,6.2443,0,44,64
103,81,6.2375,0,35,51
108,86,6.2369,0,57,22
57,32,6.2343,0,82,62
59,51,6.2338,0,57,51
38,29,6.2334,0,26,28
123,56,6.2331,0,45,39
88,65,6.2305,0,15,23
122,115,6.2302,0,75,60
158,141,6.2301,0,45,21
57,51,6.2291,0,82,51
51,45,6.2282,0,51,53
35,21,6.2254,0,75,70
12,6,6.2175,0,46,28
140,70,6.2161,0,16,36
49,23,6.2149,0,64,32
152,145,6.2148,0,16,30
92,40,6.2133,0,30,45
40,31,6.2122,0,45,75
130,108,6.2119,0,25,57
113,24,6.208,0,78,54
154,130,6.2079,0,18,25
141,124,6.2059,0,21,31
156,147,6.2043,0,32,40
158,149,6.1938,0,45,22
153,145,6.1933,0,46,30
118,68,6.1907,0,25,12
157,109,6.1884,0,27,21
27,18,6.1855,0,64,46
98,22,6.1855,0,26,87
31,24,6.1823,0,75,54
142,135,6.1788,0,14,19
126,98,6.178,0,75,26
128,119,6.1779,0,21,26
143,66,6.1776,0,22,24
136,127,6.177,0,37,27
89,45,6.1768,0,21,53
113,23,6.1765,0,78,32
126,101,6.1758,0,75,18
145,68,6.173,0,30,12
85,65,6.1724,0,31,23
75,53,6.1723,0,35,62
100,53,6.1718,0,60,62
100,94,6.1708,0,60,50
154,69,6.1688,0,18,16
27,20,6.1673,0,64,44
59,49,6.1654,0,57,64
146,108,6.1579,0,25,57
124,80,6.1527,0,31,35
89,38,6.1525,0,21,26
88,67,6.1513,0,15,14
122,114,6.1473,0,75,17
103,4,6.1466,0,35,42
155,142,6.1451,0,20,14
150,136,6.1435,0,13,37
22,7,6.1419,0,87,87
144,134,6.1364,0,38,27
71,45,6.136,0,46,53
151,145,6.1311,0,39,30
135,66,6.1301,0,19,24
54,29,6.1293,0,80,28
113,46,6.1284,0,78,88
156,141,6.1267,0,32,21
101,80,6.1259,0,18,35
49,20,6.1237,0,64,44
152,132,6.1195,0,16,17
158,151,6.117,0,45,39
126,111,6.1156,0,75,41
76,66,6.1151,0,18,24
145,86,6.1147,0,30,22
151,144,6.1138,0,39,38
155,135,6.1135,0,20,19
151,137,6.1128,0,39,24
34,5,6.1111,0,19,55
112,6,6.1111,0,35,28
102,52,6.1046,0,28,47
158,146,6.1041,0,45,25
142,73,6.1038,0,14,19
69,58,6.1001,0,16,21
122,113,6.0989,0,75,78
142,118,6.0969,0,14,25
31,7,6.0956,0,75,87
93,2,6.0951,0,41,38
138,131,6.095,0,25,17
94,20,6.0939,0,50,44
116,109,6.092,0,30,21
137,106,6.0915,0,24,21
122,49,6.0905,0,75,64
54,36,6.0904,0,80,26
152,12,6.0901,0,16,46
113,6,6.0878,0,78,28
88,39,6.0878,0,15,32
16,8,6.0857,0,27,14
84,76,6.0836,0,21,18
133,110,6.0824,0,48,48
75,66,6.0788,0,35,24
117,22,6.0779,0,27,87
48,25,6.0767,0,59,58
117,68,6.0734,0,27,12
69,51,6.0732,0,16,51
126,120,6.073,0,75,45
144,118,6.0723,0,38,25
157,86,6.0721,0,27,22
156,144,6.0709,0,32,38
106,79,6.063,0,21,34
116,106,6.0626,0,30,21
81,66,6.0624,0,51,24
136,120,6.0588,0,37,45
51,35,6.0528,0,51,75
110,8,6.0468,0,48,14
155,147,6.0434,0,20,40
74,65,6.0431,0,38,23
120,17,6.0413,0,45,26
109,45,6.0404,0,21,53
147,3,6.0371,0,40,34
60,4,6.0361,0,47,42
56,22,6.036,0,39,87
149,83,6.0343,0,22,26
153,144,6.031,0,46,38
150,134,6.0299,0,13,27
58,38,6.0298,0,21,26
89,67,6.0295,0,21,14
142,136,6.0264,0,14,37
149,139,6.0254,0,22,32
35,22,6.0242,0,75,87
100,57,6.0238,0,60,82
86,3,6.0177,0,22,34
131,120,6.016,0,17,45
118,83,6.0129,0,25,26
144,117,6.0117,0,38,27
98,71,6.0114,0,26,46
122,28,6.0113,0,75,50
147,86,6.0099,0,40,22
44,14,6.0089,0,87,87
56,32,6.0086,0,39,62
149,12,6.0047,0,22,46
137,120,6.0046,0,24,45
144,131,6.004,0,38,17
130,112,6.0038,0,25,35
76,10,6.0034,0,18,19
94,49,6.0025,0,50,64
83,19,5.9937,0,26,19
110,59,5.9917,0,48,57
141,128,5.9893,0,21,21
90,39,5.9882,0,33,32
87,74,5.988,0,19,38
82,65,5.9868,0,45,23
139,73,5.9868,0,32,19
122,35,5.9863,0,75,75
96,15,5.9839,0,97,79
92,34,5.9835,0,30,19
146,138,5.9826,0,25,25
102,84,5.9821,0,28,21
132,106,5.9815,0,17,21
60,41,5.9814,0,47,41
122,22,5.9796,0,75,87
14,7,5.9783,0,87,87
123,47,5.9763,0,45,36
87,69,5.9748,0,19,16
38,12,5.974,0,26,46
156,149,5.9717,0,32,22
66,17,5.971,0,24,26
137,129,5.9708,0,24,37
23,7,5.9685,0,32,87
106,86,5.9666,0,21,22
140,114,5.9628,0,16,17
125,104,5.9623,0,75,57
56,49,5.9599,0,39,64
149,135,5.9596,0,22,19
87,68,5.9581,0,19,12
155,140,5.9579,0,20,16
88,72,5.9549,0,15,50
86,68,5.9531,0,22,12
73,67,5.9494,0,19,14
101,17,5.9492,0,18,26
65,58,5.9487,0,23,21
57,21,5.9479,0,82,70
52,34,5.9479,0,47,19
81,67,5.9434,0,51,14
139,23,5.9385,0,32,32
72,58,5.936,0,50,21
118,66,5.9351,0,25,24
123,97,5.9337,0,45,40
151,139,5.9326,0,39,32
118,70,5.9313,0,25,36
143,73,5.9312,0,22,19
151,136,5.9311,0,39,37
113,40,5.9291,0,78,45
144,137,5.9289,0,38,24
144,108,5.9284,0,38,57
55,29,5.9283,0,73,28
75,67,5.9242,0,35,14
57,24,5.9241,0,82,54
51,42,5.9219,0,51,84
86,10,5.9216,0,22,19
142,84,5.9199,0,14,21
122,31,5.9182,0,75,75
157,68,5.9166,0,27,12
98,38,5.9166,0,26,26
142,66,5.9165,0,14,24
113,42,5.9163,0,78,84
127,12,5.9135,0,27,46
87,71,5.9132,0,19,46
134,75,5.9114,0,27,35
90,36,5.9111,0,33,26
157,132,5.909,0,27,17
106,88,5.9075,0,21,15
115,28,5.9049,0,60,50
125,3,5.904,0,75,34
116,68,5.9025,0,30,12
132,68,5.9022,0,17,12
106,87,5.9008,0,21,19
143,68,5.8995,0,22,12
85,58,5.8992,0,31,21
113,59,5.8956,0,78,57
141,3,5.8953,0,21,34
124,114,5.8952,0,31,17
105,67,5.8933,0,43,14
91,41,5.8933,0,38,41
115,23,5.891,0,60,32
132,84,5.891,0,17,21
113,20,5.8889,0,78,44
90,84,5.8883,0,33,21
61,33,5.8883,0,74,22
109,55,5.8874,0,21,73
143,130,5.8835,0,22,25
46,31,5.8824,0,88,75
57,7,5.8823,0,82,87
135,114,5.882,0,19,17
54,25,5.8819,0,80,58
146,135,5.8795,0,25,19
155,139,5.8783,0,20,32
152,135,5.877,0,16,19
106,84,5.8761,0,21,21
126,114,5.8739,0,75,17
154,3,5.873,0,18,34
30,24,5.8724,0,21,54
114,54,5.8713,0,17,80
49,31,5.8712,0,64,75
34,25,5.8693,0,19,58
118,108,5.8684,0,25,57
97,47,5.8672,0,40,36
126,119,5.8669,0,75,26
149,117,5.8655,0,22,27
142,108,5.8648,0,14,57
100,93,5.8636,0,60,41
150,131,5.8626,0,13,17
103,83,5.8623,0,35,26
32,18,5.8615,0,62,46
102,90,5.8612,0,28,33
69,49,5.861,0,16,64
116,55,5.86,0,30,73
144,119,5.8586,0,38,26
53,6,5.8582,0,62,28
87,56,5.8582,0,19,39
49,40,5.8582,0,64,45
145,106,5.8548,0,30,21
147,117,5.8533,0,40,27
135,112,5.8522,0,19,35
132,118,5.852,0,17,25
116,67,5.8517,0,30,14
140,73,5.8506,0,16,19
149,11,5.8495,0,22,38
90,58,5.8491,0,33,21
109,102,5.8485,0,21,28
49,25,5.8482,0,64,58
143,88,5.8463,0,22,15
142,83,5.8457,0,14,26
127,65,5.844,0,27,23
36,24,5.843,0,26,54
44,29,5.8425,0,87,28
138,118,5.8404,0,25,25
35,23,5.8395,0,75,32
81,64,5.8392,0,51,51
52,42,5.839,0,47,84
132,87,5.8384,0,17,19
97,59,5.838,0,40,57
55,25,5.8373,0,73,58
28,18,5.8332,0,50,46
146,117,5.8322,0,25,27
45,10,5.8293,0,53,19
106,85,5.8285,0,21,31
35,5,5.8227,0,75,55
106,70,5.8223,0,21,36
73,19,5.8213,0,19,19
147,116,5.8208,0,40,30
150,117,5.819,0,13,27
145,119,5.8169,0,30,26
157,141,5.8165,0,27,21
119,103,5.8144,0,26,35
60,39,5.8137,0,47,32
127,87,5.8121,0,27,19
31,20,5.812,0,75,44
152,136,5.81,0,16,37
74,68,5.8037,0,38,12
147,137,5.8037,0,40,24
122,56,5.8006,0,75,39
111,34,5.8003,0,41,19
146,137,5.8003,0,25,24
116,52,5.7997,0,30,47
83,73,5.7996,0,26,19
33,26,5.7995,0,22,26
138,114,5.7988,0,25,17
127,88,5.7987,0,27,15
85,66,5.7986,0,31,24
117,86,5.7985,0,27,22
66,19,5.7961,0,24,19
113,100,5.7949,0,78,60
101,86,5.7887,0,18,22
96,42,5.7887,0,97,84
98,45,5.788,0,26,53
118,86,5.7875,0,25,22
154,144,5.7852,0,18,38
88,73,5.7852,0,15,19
135,127,5.7848,0,19,27
96,57,5.7824,0,97,82
27,21,5.7822,0,64,70
87,80,5.7812,0,19,35
152,8,5.7811,0,16,14
151,109,5.7806,0,39,21
145,67,5.7805,0,30,14
134,128,5.7797,0,27,21
118,71,5.7784,0,25,46
30,8,5.7778,0,21,14
88,76,5.7756,0,15,18
45,32,5.7748,0,53,62
141,114,5.7736,0,21,17
139,106,5.7727,0,32,21
54,23,5.7722,0,80,32
142,86,5.7707,0,14,22
85,70,5.7706,0,31,36
108,9,5.7698,0,57,27
28,5,5.7691,0,50,55
146,68,5.7687,0,25,12
145,116,5.7676,0,30,30
141,66,5.7674,0,21,24
147,138,5.7669,0,40,25
157,140,5.7664,0,27,16
127,89,5.7652,0,27,21
89,73,5.7633,0,21,19
97,76,5.7622,0,40,18
114,10,5.762,0,17,19
141,127,5.7613,0,21,27
66,16,5.7599,0,24,27
146,71,5.7598,0,25,46
79,73,5.7595,0,34,19
85,12,5.7589,0,31,46
142,129,5.7575,0,14,37
87,66,5.7552,0,19,24
68,26,5.7546,0,12,26
88,74,5.7546,0,15,38
56,34,5.7543,0,39,19
64,35,5.754,0,51,75
108,90,5.7531,0,57,33
156,150,5.7521,0,32,13
35,25,5.7506,0,75,58
147,135,5.7505,0,40,19
146,132,5.7504,0,25,17
106,78,5.7495,0,21,29
56,29,5.7483,0,39,28
49,6,5.7475,0,64,28
142,116,5.7459,0,14,30
98,33,5.7457,0,26,22
142,16,5.7455,0,14,27
26,8,5.7443,0,26,14
100,49,5.7417,0,60,64
108,11,5.7415,0,57,38
130,66,5.7411,0,25,24
92,7,5.741,0,30,87
156,143,5.7408,0,32,22
96,31,5.7407,0,97,75
49,35,5.7387,0,64,75
145,117,5.7379,0,30,27
69,22,5.7379,0,16,87
117,105,5.7373,0,27,43
158,108,5.7361,0,45,57
82,68,5.7351,0,45,12
83,76,5.735,0,26,18
131,122,5.7347,0,17,75
79,69,5.7342,0,34,16
65,36,5.734,0,23,26
104,79,5.7338,0,57,34
121,110,5.7336,0,71,48
147,136,5.7336,0,40,37
126,59,5.7306,0,75,57
89,76,5.73,0,21,18
139,130,5.7298,0,32,25
32,26,5.7294,0,62,26
85,77,5.7274,0,31,61
140,127,5.7274,0,16,27
90,59,5.7219,0,33,57
152,137,5.7218,0,16,24
153,143,5.7207,0,46,22
149,138,5.7194,0,22,25
109,97,5.7156,0,21,40
75,58,5.7154,0,35,21
141,73,5.7142,0,21,19
137,127,5.7138,0,24,27
136,121,5.7123,0,37,71
147,106,5.7112,0,40,21
84,56,5.7097,0,21,39
51,31,5.7081,0,51,75
139,108,5.7076,0,32,57
130,68,5.7071,0,25,12
127,73,5.7068,0,27,19
150,132,5.7057,0,13,17
101,49,5.7052,0,18,64
123,7,5.7036,0,45,87
48,42,5.7036,0,59,84
127,106,5.7021,0,27,21
142,120,5.702,0,14,45
130,81,5.7013,0,25,51
52,3,5.7005,0,47,34
117,106,5.699,0,27,21
36,26,5.6981,0,26,26
24,14,5.698,0,54,87
106,89,5.6974,0,21,21
82,22,5.6974,0,45,87
142,117,5.697,0,14,27
155,30,5.6964,0,20,21
117,37,5.6962,0,27,43
139,132,5.6962,0,32,17
100,75,5.6958,0,60,35
106,98,5.6951,0,21,26
118,19,5.6917,0,25,19
115,15,5.6907,0,60,79
42,7,5.6906,0,84,87
51,8,5.6903,0,51,14
64,48,5.6891,0,51,59
67,25,5.6881,0,14,58
137,128,5.6875,0,24,21
127,117,5.6874,0,27,27
135,118,5.6864,0,19,25
135,129,5.6856,0,19,37
113,93,5.6853,0,78,41
118,73,5.6838,0,25,19
143,134,5.6837,0,22,27
73,39,5.6837,0,19,32
55,45,5.6821,0,73,53
136,68,5.6803,0,37,12
80,71,5.6801,0,35,46
97,48,5.68,0,40,59
51,27,5.6776,0,51,64
76,58,5.6765,0,18,21
150,19,5.6738,0,13,19
71,28,5.673,0,46,50
109,33,5.673,0,21,22
137,102,5.6728,0,24,28
97,36,5.672,0,40,26
74,63,5.672,0,38,50
35,24,5.6715,0,75,54
39,32,5.67,0,32,62
94,50,5.6671,0,50,44
108,73,5.6644,0,57,19
71,55,5.6642,0,46,73
145,88,5.6629,0,30,15
68,17,5.6627,0,12,26
60,24,5.6626,0,47,54
127,120,5.6621,0,27,45
71,65,5.6614,0,46,23
150,109,5.6585,0,13,21
146,130,5.6563,0,25,25
141,131,5.6552,0,21,17
37,31,5.6535,0,43,75
87,17,5.653,0,19,26
73,66,5.6514,0,19,24
132,70,5.6499,0,17,36
140,87,5.6494,0,16,19
132,120,5.6489,0,17,45
87,65,5.6486,0,19,23
31,21,5.6484,0,75,70
79,25,5.6467,0,34,58
86,33,5.6459,0,22,22
114,73,5.6443,0,17,19
42,35,5.6431,0,84,75
143,116,5.6414,0,22,30
152,11,5.6395,0,16,38
136,78,5.6374,0,37,29
149,137,5.6366,0,22,24
103,95,5.6365,0,35,98
105,71,5.6364,0,43,46
143,109,5.6356,0,22,21
86,67,5.6354,0,22,14
77,56,5.6349,0,61,39
145,118,5.6333,0,30,25
102,49,5.6325,0,28,64
154,124,5.6322,0,18,31
151,66,5.6308,0,39,24
132,89,5.6307,0,17,21
143,87,5.6301,0,22,19
115,25,5.629,0,60,58
38,26,5.6286,0,26,26
33,25,5.6284,0,22,58
131,76,5.6279,0,17,18
103,66,5.6274,0,35,24
124,115,5.627,0,31,60
111,59,5.6268,0,41,57
157,120,5.6265,0,27,45
83,69,5.6263,0,26,16
102,33,5.6262,0,28,22
113,32,5.6262,0,78,62
142,69,5.6244,0,14,16
129,120,5.6231,0,37,45
51,7,5.6214,0,51,87
32,7,5.6211,0,62,87
144,73,5.6205,0,38,19
86,64,5.6203,0,22,51
109,67,5.6183,0,21,14
150,88,5.6183,0,13,15
79,35,5.6182,0,34,75
81,60,5.6178,0,51,47
95,61,5.6158,0,98,74
127,101,5.6145,0,27,18
127,8,5.6144,0,27,14
124,11,5.6135,0,31,38
122,67,5.6106,0,75,14
97,24,5.6104,0,40,54
61,43,5.609,0,74,98
86,65,5.6089,0,22,23
29,20,5.6075,0,28,44
134,88,5.6056,0,27,15
23,16,5.6055,0,32,27
103,80,5.6041,0,35,35
135,12,5.6034,0,19,46
153,132,5.6031,0,46,17
50,25,5.6031,0,44,58
153,30,5.6028,0,46,21
42,36,5.6028,0,84,26
58,51,5.6023,0,21,51
136,129,5.6011,0,37,37
129,88,5.5997,0,37,15
25,18,5.5977,0,58,46
117,72,5.5968,0,27,50
129,103,5.5961,0,37,35
46,20,5.5951,0,88,44
10,4,5.5948,0,19,42
122,51,5.5939,0,75,51
130,70,5.5936,0,25,36
64,45,5.5914,0,51,53
142,80,5.5909,0,14,35
146,127,5.5901,0,25,27
106,65,5.5882,0,21,23
57,44,5.588,0,82,87
152,88,5.5879,0,16,15
92,3,5.5876,0,30,34
42,20,5.5875,0,84,44
118,88,5.5873,0,25,15
98,76,5.587,0,26,18
61,42,5.5869,0,74,84
73,11,5.5856,0,19,38
140,80,5.5856,0,16,35
157,66,5.5806,0,27,24
57,6,5.5796,0,82,28
106,67,5.5775,0,21,14
120,76,5.5768,0,45,18
154,121,5.5767,0,18,71
144,83,5.5756,0,38,26
137,87,5.5732,0,24,19
123,80,5.5721,0,45,35
142,12,5.5716,0,14,46
88,38,5.5715,0,15,26
83,17,5.5714,0,26,26
36,19,5.5713,0,26,19
136,83,5.5711,0,37,26
122,72,5.571,0,75,50
138,87,5.5706,0,25,19
88,52,5.5696,0,15,47
99,43,5.5695,0,38,98
115,16,5.5691,0,60,27
63,57,5.5689,0,50,82
150,10,5.5689,0,13,19
134,68,5.5686,0,27,12
51,24,5.5666,0,51,54
52,31,5.5663,0,47,75
66,39,5.5642,0,24,32
55,32,5.5636,0,73,62
19,10,5.5619,0,19,19
144,87,5.5616,0,38,19
131,88,5.561,0,17,15
98,48,5.5608,0,26,59
150,130,5.5606,0,13,25
138,129,5.5594,0,25,37
52,35,5.5588,0,47,75
23,10,5.5579,0,32,19
24,15,5.5577,0,54,79
98,80,5.5574,0,26,35
82,66,5.5563,0,45,24
123,21,5.555,0,45,70
117,76,5.5546,0,27,18
49,24,5.5538,0,64,54
50,35,5.5529,0,44,75
59,36,5.5524,0,57,26
109,90,5.5521,0,21,33
130,74,5.5518,0,25,38
137,88,5.5512,0,24,15
131,108,5.5499,0,17,57
42,14,5.5498,0,84,87
128,16,5.5493,0,21,27
117,65,5.5484,0,27,23
69,47,5.5481,0,16,36
73,53,5.5475,0,19,62
129,114,5.5473,0,37,17
149,10,5.5472,0,22,19
147,108,5.5455,0,40,57
46,35,5.5442,0,88,75
142,3,5.5433,0,14,34
145,108,5.5425,0,30,57
135,85,5.5419,0,19,31
92,14,5.5396,0,30,87
144,3,5.537,0,38,34
37,30,5.5366,0,43,21
101,11,5.535,0,18,38
68,19,5.5343,0,12,19
130,12,5.5328,0,25,46
131,64,5.5326,0,17,51
145,121,5.5325,0,30,71
36,28,5.5319,0,26,50
107,38,5.5307,0,41,26
152,66,5.529,0,16,24
107,9,5.5288,0,41,27
136,118,5.5284,0,37,25
125,92,5.5283,0,75,30
141,69,5.527,0,21,16
106,75,5.5261,0,21,35
106,73,5.5248,0,21,19
84,33,5.5247,0,21,22
81,20,5.524,0,51,44
34,23,5.523,0,19,32
129,68,5.5215,0,37,12
38,10,5.5203,0,26,19
115,62,5.5193,0,60,46
116,74,5.5192,0,30,38
118,80,5.5176,0,25,35
138,66,5.5175,0,25,24
158,137,5.5173,0,45,24
128,88,5.5171,0,21,15
