152,140,26.927,3.8648,16,16
61,47,26.828,3.9393,74,36
73,58,25.992,4.2969,19,21
125,4,25.62,4.2167,75,42
112,8,24.277,4.2008,35,14
57,35,23.523,2.9038,82,75
150,144,22.554,6.2814,13,38
147,141,22.413,7.1491,40,21
155,109,21.816,3.5351,20,21
121,13,21.748,3.9301,71,45
72,47,21.559,3.793,50,36
150,143,21.476,3.7201,13,22
96,43,20.868,4.0166,97,98
154,114,20.755,2.6505,18,17
109,3,20.484,3.0501,21,34
149,143,20.464,3.477,22,22
154,135,20.427,2.8553,18,19
149,142,20.397,4.5779,22,14
155,149,20.375,16.797,20,22
150,140,19.974,3.8491,13,16
57,31,19.735,3.6084,82,75
94,31,19.733,3.8961,50,75
152,141,19.683,4.8073,16,21
92,38,19.674,3.8756,30,26
154,138,19.614,4.1678,18,25
124,13,19.54,3.8456,31,45
94,59,19.516,6.4672,50,57
150,142,19.338,3.7699,13,14
59,42,19.179,3.9735,57,84
100,40,19.102,9.9357,60,45
149,141,19.086,4.8547,22,21
115,24,19.071,3.5495,60,54
152,142,18.93,7.4137,16,14
115,22,18.918,3.6299,60,87
155,137,18.821,3.0315,20,24
121,9,18.703,8.051,71,27
113,7,18.585,3.6406,78,87
84,75,18.58,3.9534,21,35
116,10,18.519,4.6292,30,19
63,48,18.492,7.1901,50,59
57,49,18.458,13.062,82,64
96,14,18.414,4.3383,97,87
49,28,18.342,10.267,64,50
57,28,18.333,6.8278,82,50
155,142,18.321,15.797,20,14
59,52,18.224,4.5306,57,47
157,142,18.215,22.278,27,14
23,5,18.195,14.678,32,55
150,141,18.178,3.0205,13,21
155,143,18.131,18.185,20,22
28,20,18.128,5.3407,50,44
152,116,18.093,6.0619,16,30
158,152,18.077,16.427,45,16
146,140,18.042,13.423,25,16
31,24,17.983,7.7299,75,54
92,3,17.872,3.5751,30,34
151,141,17.871,2.6519,39,21
49,24,17.79,13.967,64,54
51,24,17.79,16.391,51,54
107,4,17.777,3.426,41,42
152,143,17.776,8.8644,16,22
35,21,17.723,18.283,75,70
152,145,17.67,14.583,16,30
154,141,17.636,8.2148,18,21
152,144,17.576,11.344,16,38
50,42,17.547,3.984,44,84
20,5,17.539,8.672,44,55
81,62,17.499,4.142,51,46
52,23,17.494,12.107,47,32
35,29,17.489,6.9019,75,28
31,25,17.46,6.967,75,58
57,27,17.439,9.3364,82,64
152,146,17.419,13.254,16,25
57,40,17.414,3.9334,82,45
93,46,17.386,8.051,41,88
151,145,17.373,8.7009,39,30
49,27,17.357,13.108,64,64
143,137,17.317,15.878,22,24
113,57,17.306,13.28,78,82
35,28,17.294,7.1344,75,50
146,137,17.294,17.94,25,24
90,3,17.237,2.6801,33,34
57,32,17.22,3.8906,82,62
57,25,17.203,11.62,82,58
88,39,17.175,3.8651,15,32
37,29,17.16,10.966,43,28
152,137,17.081,6.5778,16,24
49,35,17.08,14.517,64,75
49,20,17.061,6.3077,64,44
113,31,17.059,6.6243,78,75
113,27,17.046,2.8587,78,64
142,86,17.037,36.666,14,22
95,43,17.014,2.7274,98,98
59,50,16.945,6.2515,57,44
155,111,16.934,3.9025,20,41
103,93,16.925,3.694,35,41
157,145,16.907,29.774,27,30
147,134,16.853,23.847,40,27
144,137,16.78,15.679,38,24
157,146,16.771,27.551,27,25
90,38,16.765,2.744,33,26
157,144,16.764,26.068,27,38
49,32,16.758,14.825,64,62
100,14,16.756,3.7947,60,87
111,3,16.704,3.6142,41,34
157,147,16.698,23.754,27,40
157,143,16.696,24.663,27,22
150,117,16.687,5.518,13,27
150,137,16.638,13.503,13,24
49,42,16.622,7.3665,64,84
149,124,16.613,16.351,22,31
157,150,16.601,20.589,27,13
59,49,16.523,10.525,57,64
149,137,16.512,15.252,22,24
58,39,16.504,3.5229,21,32
154,143,16.5,14.768,18,22
157,149,16.491,23.138,27,22
137,130,16.456,12.716,24,25
119,9,16.435,4.7738,26,27
122,18,16.374,4.6241,75,46
141,132,16.328,23.023,21,17
59,24,16.324,18.146,57,54
142,130,16.315,23.706,14,25
140,130,16.309,18.672,16,25
51,27,16.275,15.711,51,64
152,138,16.262,3.9466,16,25
54,14,16.253,14.278,80,87
54,35,16.25,5.3466,80,75
154,140,16.235,7.3672,18,16
81,59,16.229,8.5289,51,57
49,25,16.219,15.388,64,58
142,132,16.183,26.496,14,17
140,106,16.161,25.691,16,21
63,44,16.147,3.6638,50,87
118,10,16.127,4.2752,25,19
113,15,16.117,10.925,78,79
155,140,16.112,9.789,20,16
115,7,16.107,4.3235,60,87
113,35,16.102,10.424,78,75
34,28,16.097,7.0855,19,50
113,6,16.096,3.0587,78,28
35,25,16.085,12.018,75,58
154,147,16.082,13.981,18,40
125,6,16.072,3.9738,75,28
154,145,16.07,19.705,18,30
49,5,16.065,12.203,64,55
59,53,16.052,3.5634,57,62
150,116,16.046,2.929,13,30
57,50,16.034,8.4806,82,44
14,6,16.032,5.312,87,28
146,139,16.019,13.385,25,32
50,25,16.014,14.81,44,58
155,145,16.008,23.101,20,30
155,147,16.008,17.259,20,40
149,85,16.007,31.148,22,31
142,68,16.002,38.992,14,12
125,8,15.967,3.9401,75,14
54,31,15.967,3.7908,80,75
142,84,15.952,36.99,14,21
155,138,15.941,5.0917,20,25
155,144,15.932,19.357,20,38
94,5,15.931,3.6641,50,55
147,137,15.928,14.968,40,24
155,135,15.926,3.515,20,19
139,130,15.925,16.578,32,25
143,135,15.918,19.293,22,19
113,96,15.914,13.918,78,97
149,134,15.891,22.675,22,27
113,24,15.812,5.2488,78,54
143,68,15.788,38.763,22,12
35,20,15.783,11.95,75,44
155,146,15.779,21.045,20,25
115,23,15.773,6.8246,60,32
140,132,15.76,20.577,16,17
113,49,15.738,16.302,78,64
114,12,15.738,7.6687,17,46
51,35,15.726,14.198,51,75
157,140,15.719,16.002,27,16
136,109,15.718,6.1347,37,21
154,137,15.675,3.3239,18,24
35,15,15.674,17.018,75,79
94,57,15.641,7.1571,50,82
143,88,15.625,34.269,22,15
37,31,15.621,8.2968,43,75
54,42,15.618,5.3388,80,84
150,134,15.599,19.975,13,27
145,86,15.595,39.254,30,22
142,136,15.569,18.055,14,37
142,127,15.556,25.217,14,27
28,15,15.55,12.828,50,79
51,31,15.548,11.19,51,75
132,83,15.534,23.622,17,26
27,21,15.525,10.362,64,70
113,54,15.519,14.193,78,80
153,146,15.504,11.273,46,25
143,134,15.496,23.829,22,27
100,6,15.495,3.1709,60,28
149,117,15.482,3.8378,22,27
144,108,15.479,28.797,38,57
155,130,15.43,10.529,20,25
158,144,15.427,29.302,45,38
144,138,15.423,15.663,38,25
57,51,15.406,11.959,82,51
140,68,15.403,39.745,16,12
157,136,15.384,4.1263,27,37
146,132,15.34,32.232,25,17
24,7,15.338,6.6498,54,87
146,134,15.329,27.63,25,27
59,51,15.324,8.3437,57,51
141,127,15.31,22.781,21,27
151,26,15.307,3.1406,39,26
113,100,15.291,8.9502,78,60
59,35,15.283,8.3545,57,75
46,40,15.278,8.5637,88,45
113,94,15.278,11.599,78,50
122,115,15.273,13.996,75,60
27,20,15.263,6.3581,64,44
122,27,15.263,16.247,75,64
123,32,15.258,19.326,45,62
144,136,15.249,22.165,38,37
141,116,15.242,7.3523,21,30
14,7,15.237,3.7185,87,87
102,78,15.235,3.5089,28,29
154,144,15.235,16.119,18,38
92,7,15.218,10.523,30,87
56,37,15.218,2.8886,39,43
157,141,15.208,17.854,27,21
96,7,15.206,9.6781,97,87
142,88,15.205,32.8,14,15
130,68,15.204,37.033,25,12
140,124,15.199,20.227,16,31
143,132,15.194,28.6,22,17
157,138,15.178,10.134,27,25
136,130,15.168,10.372,37,25
157,137,15.166,7.1805,27,24
35,24,15.158,12.943,75,54
149,140,15.147,7.3814,22,16
114,10,15.141,6.7341,17,19
117,9,15.119,3.3918,27,27
149,138,15.103,14.206,22,25
35,27,15.1,8.6025,75,64
53,42,15.082,6.7506,62,84
136,68,15.076,36.941,37,12
100,24,15.059,13.728,60,54
31,7,15.055,7.1743,75,87
100,31,15.047,6.7313,60,75
142,12,15.024,18.952,14,46
151,144,14.999,4.9357,39,38
122,94,14.998,13.254,75,50
140,66,14.977,40.648,16,24
94,20,14.971,7.5603,50,44
157,80,14.97,23.658,27,35
108,9,14.964,20.036,57,27
150,68,14.956,35.902,13,12
152,135,14.944,7.8579,16,19
147,140,14.942,10.268,40,16
74,66,14.909,4.9309,38,24
93,2,14.901,4.0681,41,38
153,145,14.886,13.704,46,30
141,36,14.884,17.907,21,26
150,138,14.884,11.861,13,25
115,28,14.876,8.3809,60,50
142,131,14.874,26.067,14,17
117,84,14.873,34.23,27,21
55,31,14.871,8.0012,73,75
54,32,14.866,7.3394,80,62
113,14,14.866,7.7943,78,87
145,139,14.858,15.239,30,32
137,68,14.854,35.871,24,12
137,131,14.845,13.957,24,17
154,117,14.841,14.3,18,27
115,49,14.839,14.658,60,64
49,7,14.836,11.97,64,87
155,139,14.818,6.7774,20,32
146,83,14.816,36.383,25,26
125,110,14.812,4.4221,75,48
147,132,14.808,28.589,40,17
146,86,14.802,34.518,25,22
128,51,14.797,25.172,21,51
116,67,14.789,35.737,30,14
152,130,14.779,15.222,16,25
150,86,14.776,34.366,13,22
147,117,14.766,9.8137,40,27
107,86,14.75,14.37,41,22
143,117,14.745,9.7423,22,27
75,60,14.737,3.7824,35,47
116,108,14.734,23.088,30,57
49,31,14.724,10.791,64,75
49,21,14.722,9.5854,64,70
155,141,14.717,11.191,20,21
155,127,14.69,15.065,20,27
50,23,14.677,13.37,44,32
28,21,14.676,10.585,50,70
145,131,14.674,34.185,30,17
157,118,14.668,25.096,27,25
153,138,14.657,3.2928,46,25
115,15,14.657,9.6493,60,79
140,88,14.656,28.376,16,15
157,127,14.654,13.958,27,27
144,135,14.653,21.56,38,19
100,94,14.633,3.2034,60,50
51,32,14.632,14.987,51,62
83,68,14.631,18.198,26,12
145,137,14.63,19.894,30,24
147,130,14.629,26.674,40,25
142,135,14.629,16.586,14,19
137,129,14.629,14.732,24,37
147,139,14.618,10.94,40,32
154,124,14.614,14.94,18,31
115,25,14.61,8.6597,60,58
23,7,14.61,9.2223,32,87
113,51,14.595,19.297,78,51
151,142,14.588,4.1883,39,14
158,141,14.586,21.233,45,21
50,5,14.581,9.7857,44,55
158,142,14.578,25.617,45,14
57,21,14.573,18.235,82,70
54,23,14.572,14.176,80,32
132,86,14.566,23.443,17,22
130,117,14.565,19.558,25,27
100,35,14.562,9.1684,60,75
157,139,14.548,12.908,27,32
151,143,14.529,5.2153,39,22
146,120,14.527,19.131,25,45
155,91,14.518,11.435,20,38
136,121,14.514,27.58,37,71
143,86,14.51,38.075,22,22
142,134,14.506,21.264,14,27
153,140,14.495,4.8656,46,16
149,68,14.489,33.087,22,12
130,84,14.488,28.9,25,21
144,116,14.487,10.237,38,30
141,135,14.483,13.052,21,19
143,131,14.478,27.92,22,17
116,74,14.472,31.266,30,38
138,66,14.471,39.266,25,24
113,46,14.469,14.57,78,88
122,28,14.469,17.125,75,50
130,88,14.469,24.64,25,15
155,134,14.468,3.9033,20,27
150,139,14.467,8.0758,13,32
141,118,14.466,13.432,21,25
32,24,14.464,9.2684,62,54
136,117,14.455,21.47,37,27
130,112,14.452,9.3874,25,35
91,68,14.45,20.299,38,12
91,36,14.448,9.7952,38,26
28,5,14.445,7.8096,50,55
122,32,14.442,21.793,75,62
117,10,14.44,3.0361,27,19
134,86,14.435,23.88,27,22
141,124,14.435,21.348,21,31
99,93,14.435,3.9852,38,41
147,68,14.434,32.168,40,12
140,36,14.43,20.807,16,26
130,89,14.429,21.413,25,21
29,23,14.423,9.3819,28,32
88,58,14.421,7.4867,15,21
150,130,14.413,20.287,13,25
77,51,14.411,20.065,61,51
154,142,14.408,12.616,18,14
84,70,14.403,12.599,21,36
154,139,14.403,5.1156,18,32
21,13,14.4,5.9822,70,45
29,5,14.399,7.7806,28,55
100,25,14.395,15.598,60,58
138,130,14.393,13.242,25,25
152,139,14.391,3.5876,16,32
92,40,14.388,3.1324,30,45
106,84,14.388,11.857,21,21
65,28,14.386,25.228,23,50
149,132,14.375,26.883,22,17
153,141,14.373,3.8722,46,21
128,49,14.356,20.419,21,64
128,25,14.342,20.911,21,58
30,24,14.328,6.8919,21,54
139,132,14.325,17.95,32,17
107,88,14.321,12.493,41,15
140,129,14.309,20.817,16,37
106,82,14.305,3.9993,21,45
154,69,14.297,30.214,18,16
100,52,14.296,14.497,60,47
152,136,14.296,10.392,16,37
130,87,14.286,28.302,25,19
86,66,14.278,19.581,22,24
154,134,14.275,6.4809,18,27
149,119,14.275,7.1627,22,26
145,132,14.274,34.406,30,17
103,4,14.257,4.0045,35,42
144,10,14.25,16.155,38,19
146,138,14.245,18.848,25,25
122,113,14.241,15.372,75,78
31,5,14.241,3.8761,75,55
21,15,14.229,4.7962,70,79
143,82,14.227,35.934,22,45
141,129,14.223,22.953,21,37
143,106,14.222,32.339,22,21
109,90,14.22,4.2292,21,33
74,68,14.217,3.6443,38,12
84,73,14.212,4.4402,21,19
145,68,14.211,36.456,30,12
130,114,14.204,10.399,25,17
145,134,14.2,29.334,30,27
131,68,14.193,39.157,17,12
66,11,14.193,31.11,24,38
138,89,14.187,20.12,25,21
101,68,14.186,22.762,18,12
94,49,14.186,8.3148,50,64
127,107,14.182,11.982,27,41
94,54,14.179,4.0538,50,80
145,88,14.177,35.502,30,15
144,68,14.169,36.652,38,12
32,21,14.169,16.863,62,70
76,66,14.167,4.2501,18,24
114,8,14.165,3.4761,17,14
57,15,14.161,18.335,82,79
147,86,14.156,32.61,40,22
146,135,14.151,23.992,25,19
130,82,14.149,21.546,25,45
84,58,14.149,2.6344,21,21
50,27,14.143,11.886,44,64
132,120,14.143,26.969,17,45
128,104,14.137,3.8977,21,57
154,146,14.134,17.76,18,25
23,16,14.13,11.658,32,27
140,117,14.128,9.9336,16,27
141,69,14.122,33.632,21,16
73,67,14.12,6.9738,19,14
51,25,14.117,17.245,51,58
149,135,14.116,18.601,22,19
80,68,14.113,12.717,35,12
106,78,14.108,4.3879,21,29
139,86,14.107,29.109,32,22
118,68,14.098,33.083,25,12
144,131,14.09,30.835,38,17
135,58,14.081,26.247,19,21
88,74,14.078,15.712,15,38
151,138,14.061,7.9354,39,25
144,119,14.06,16.426,38,26
96,46,14.056,2.9318,97,88
64,44,14.053,6.4025,51,87
153,124,14.053,17.417,46,31
88,69,14.053,19.811,15,16
106,88,14.052,11.654,21,15
69,23,14.05,23.5,16,32
137,3,14.049,12.537,24,34
113,28,14.048,7.1292,78,50
146,88,14.047,30.772,25,15
149,86,14.042,35.41,22,22
71,28,14.041,17.766,46,50
154,130,14.037,9.4158,18,25
130,83,14.037,26.944,25,26
67,27,14.036,27.528,14,64
118,83,14.03,36.062,25,26
118,109,14.026,24.062,25,21
149,139,14.023,10.092,22,32
130,108,14.02,11.134,25,57
137,85,14.019,23.142,24,31
32,7,14.018,10.584,62,87
32,25,14.017,7.9335,62,58
40,31,14.013,5.478,45,75
155,84,14.002,22.675,20,21
57,7,13.995,13.177,82,87
50,28,13.993,8.7145,44,50
81,75,13.989,3.6377,51,35
142,85,13.989,33.096,14,31
29,20,13.987,10.26,28,44
144,86,13.982,36.643,38,22
155,136,13.978,2.7368,20,37
152,84,13.974,28.992,16,21
126,25,13.972,22.021,75,58
88,68,13.966,22.815,15,12
122,23,13.962,15.181,75,32
55,49,13.961,12.286,73,64
116,107,13.952,22.709,30,41
89,83,13.945,11.363,21,26
106,90,13.942,10.232,21,33
56,31,13.941,9.7965,39,75
130,12,13.932,9.4166,25,46
91,82,13.932,4.2644,38,45
145,106,13.929,36.234,30,21
130,85,13.928,25.597,25,31
153,139,13.923,2.899,46,32
132,66,13.92,33.886,17,24
69,39,13.915,15.262,16,32
144,117,13.913,12.225,38,27
52,31,13.908,7.9763,47,75
22,7,13.908,3.794,87,87
144,87,13.907,36.094,38,19
103,78,13.907,4.197,35,29
141,38,13.89,17.486,21,26
122,35,13.883,21.054,75,75
138,108,13.879,14.181,25,57
145,135,13.876,25.134,30,19
146,130,13.875,30.008,25,25
60,39,13.873,4.2996,47,32
120,16,13.872,3.5685,45,27
20,7,13.87,5.4968,44,87
122,49,13.867,9.8728,75,64
154,12,13.865,10.779,18,46
138,132,13.855,15.035,25,17
122,51,13.855,15.651,75,51
150,132,13.854,23.805,13,17
156,144,13.854,22.681,32,38
73,66,13.853,8.6799,19,24
154,131,13.851,11.442,18,17
145,130,13.843,31.746,30,25
123,7,13.842,7.7844,45,87
125,92,13.842,10.665,75,30
141,73,13.836,32.073,21,19
57,24,13.835,12.745,82,54
11,3,13.832,18.891,38,34
130,86,13.82,27.602,25,22
152,127,13.819,16.363,16,27
143,108,13.817,27.903,22,57
140,86,13.814,32.182,16,22
147,136,13.801,21.364,40,37
35,5,13.798,4.3412,75,55
55,28,13.796,10.521,73,50
88,36,13.795,10.004,15,26
141,83,13.793,33.127,21,26
132,87,13.79,24.09,17,19
85,68,13.786,17.546,31,12
147,106,13.778,29.189,40,21
122,24,13.777,17.076,75,54
135,124,13.777,19.564,19,31
135,117,13.776,18.607,19,27
142,58,13.776,30.269,14,21
142,108,13.775,25.772,14,57
38,10,13.767,24.389,26,19
85,78,13.765,7.7365,31,29
141,134,13.762,17.215,21,27
147,135,13.758,20.411,40,19
92,34,13.754,3.879,30,19
72,58,13.752,6.7086,50,21
128,24,13.751,16.187,21,54
95,57,13.75,12.004,98,82
111,49,13.75,16.457,41,64
140,131,13.749,20.725,16,17
143,10,13.748,13.37,22,19
146,117,13.747,12.382,25,27
112,63,13.746,21.977,35,50
113,32,13.741,9.4029,78,62
143,130,13.731,25.389,22,25
142,66,13.729,40.971,14,24
143,11,13.724,17.357,22,38
137,118,13.724,21.075,24,25
140,134,13.723,14.778,16,27
66,16,13.722,22.998,24,27
106,73,13.72,17.013,21,19
83,66,13.713,17.111,26,24
118,89,13.71,33.251,25,21
157,88,13.709,14.71,27,15
155,11,13.707,17.177,20,38
134,68,13.698,37.219,27,12
141,84,13.697,32.086,21,21
157,86,13.694,19.085,27,22
141,68,13.687,37.237,21,12
83,76,13.686,9.6727,26,18
127,12,13.683,3.5046,27,46
65,48,13.678,8.4579,23,59
141,74,13.677,33.511,21,38
137,88,13.666,20.477,24,15
54,28,13.664,7.8938,80,50
149,136,13.66,20.611,22,37
122,7,13.656,11.155,75,87
118,67,13.656,34.689,25,14
24,15,13.656,12.757,54,79
131,69,13.653,38.68,17,16
144,38,13.652,23.542,38,26
121,12,13.644,8.134,71,46
124,68,13.641,25.016,31,12
138,129,13.641,15.576,25,37
145,138,13.641,19.482,30,25
145,67,13.628,39.011,30,14
158,147,13.626,26.663,45,40
86,68,13.624,19.895,22,12
23,15,13.62,11.327,32,79
94,42,13.618,3.6712,50,84
128,67,13.613,30.7,21,14
119,10,13.607,4.7736,26,19
140,89,13.605,25.2,16,21
56,36,13.604,4.0451,39,26
156,134,13.604,3.1241,32,27
143,136,13.604,21.062,22,37
105,84,13.603,17.004,43,21
104,66,13.595,23.028,57,24
72,38,13.587,11.308,50,26
134,116,13.587,19.764,27,30
103,58,13.584,11.503,35,21
117,22,13.58,5.4455,27,87
141,86,13.577,30.959,21,22
147,38,13.573,20.418,40,26
105,67,13.567,24.818,43,14
139,36,13.567,16.397,32,26
151,86,13.566,30.556,39,22
120,24,13.564,14.38,45,54
122,25,13.556,20.137,75,58
129,74,13.553,29.041,37,38
142,87,13.546,36.258,14,19
131,26,13.546,26.353,17,26
147,83,13.544,33.69,40,26
31,23,13.542,11.498,75,32
55,25,13.533,14.556,73,58
151,140,13.523,3.4969,39,16
140,90,13.52,19.208,16,33
152,10,13.514,10.451,16,19
147,3,13.513,22.044,40,34
117,86,13.512,35.257,27,22
113,37,13.509,17.272,78,43
113,23,13.507,9.7971,78,32
153,137,13.505,3.9672,46,24
130,70,13.505,38.24,25,36
116,109,13.504,19.858,30,21
31,20,13.498,7.8825,75,44
130,105,13.498,12.052,25,43
52,35,13.496,10.281,47,75
124,118,13.489,10.542,31,25
37,23,13.487,21.6,43,32
69,58,13.483,11.152,16,21
140,3,13.48,19.524,16,34
30,23,13.475,11.237,21,32
143,19,13.475,19.761,22,19
126,28,13.473,17.626,75,50
52,32,13.47,8.8636,47,62
120,68,13.47,27.87,45,12
74,67,13.469,3.3422,38,14
128,28,13.463,18.23,21,50
118,11,13.457,6.8524,25,38
146,106,13.457,32.62,25,21
111,34,13.455,3.4594,41,19
141,89,13.453,24.472,21,21
143,16,13.452,20.615,22,27
147,108,13.451,25.746,40,57
140,119,13.446,15.901,16,26
54,15,13.445,16.023,80,79
73,36,13.445,15.308,19,26
81,63,13.443,8.0349,51,50
117,91,13.443,25.58,27,38
80,72,13.442,10.504,35,50
51,26,13.442,18.845,51,26
117,67,13.441,34.184,27,14
131,118,13.434,24.321,17,25
122,67,13.431,23.698,75,14
135,118,13.428,21.569,19,25
57,20,13.426,11.698,82,44
81,60,13.424,4.2442,51,47
109,88,13.424,12.219,21,15
86,67,13.422,18.436,22,14
80,53,13.422,17.294,35,62
89,36,13.42,9.696,21,26
75,52,13.418,14.68,35,47
114,11,13.412,8.6293,17,38
137,127,13.412,17.596,24,27
121,107,13.409,22.988,71,41
52,24,13.406,13.094,47,54
153,89,13.405,19.74,46,21
85,12,13.404,23.758,31,46
88,75,13.404,13.277,15,35
126,100,13.402,3.6984,75,60
127,86,13.398,26.541,27,22
128,32,13.397,19.234,21,62
152,83,13.392,29.102,16,26
141,130,13.388,20.867,21,25
106,16,13.384,23.859,21,27
82,66,13.379,16.182,45,24
157,134,13.376,2.7696,27,27
119,103,13.374,21.911,26,35
135,2,13.373,14.243,19,38
154,87,13.372,23.01,18,19
158,145,13.364,32.945,45,30
57,44,13.36,15.421,82,87
100,57,13.36,12.262,60,82
96,15,13.356,8.302,97,79
157,87,13.355,18.289,27,19
143,83,13.35,39.075,22,26
73,19,13.349,20.164,19,19
129,120,13.345,22.194,37,45
60,49,13.344,11.912,47,64
137,86,13.343,24.717,24,22
141,67,13.341,37.694,21,14
142,36,13.338,22.938,14,26
86,10,13.335,33.39,22,19
59,20,13.333,13.745,57,44
15,7,13.331,6.2429,79,87
88,67,13.331,21.684,15,14
141,119,13.329,16.075,21,26
124,10,13.328,5.8543,31,19
137,75,13.323,28.814,24,35
52,28,13.319,8.0972,47,50
127,73,13.318,25.429,27,19
139,68,13.314,37.028,32,12
126,27,13.314,15.222,75,64
71,24,13.313,22.822,46,54
79,67,13.312,15.789,34,14
106,4,13.31,6.2666,21,42
144,106,13.31,33.188,38,21
96,31,13.309,10.075,97,75
87,68,13.306,23.387,19,12
129,68,13.303,34.439,37,12
115,52,13.297,17.528,60,47
158,108,13.292,2.9484,45,57
153,147,13.29,7.4711,46,40
106,85,13.29,11.393,21,31
89,68,13.289,26.466,21,12
75,66,13.284,7.6072,35,24
38,12,13.284,22.027,26,46
157,68,13.279,34.574,27,12
152,108,13.279,16.413,16,57
146,68,13.279,32.895,25,12
9,3,13.278,16.992,27,34
144,12,13.273,20.788,38,46
15,5,13.273,11.252,79,55
139,127,13.272,20.419,32,27
140,127,13.269,20.881,16,27
150,127,13.269,19.831,13,27
131,76,13.266,30.166,17,18
100,4,13.254,3.6994,60,42
155,85,13.25,18.523,20,31
128,56,13.25,26.148,21,39
113,21,13.248,12.047,78,70
157,131,13.242,7.2206,27,17
67,29,13.242,28.414,14,28
29,21,13.242,14.661,28,70
86,11,13.238,32.015,22,38
52,26,13.234,14.524,47,26
149,3,13.233,23.278,22,34
95,27,13.233,12.309,98,64
151,84,13.227,30.875,39,21
83,17,13.223,28.431,26,26
55,24,13.222,15.851,73,54
131,83,13.222,27.354,17,26
143,12,13.219,18.51,22,46
130,109,13.217,11.948,25,21
113,5,13.217,6.108,78,55
141,106,13.217,26.354,21,21
140,85,13.215,29.504,16,31
113,56,13.213,18.922,78,39
116,86,13.208,34.116,30,22
149,118,13.208,5.6167,22,25
79,52,13.206,21.484,34,47
70,52,13.205,10.264,36,47
86,3,13.196,11.906,22,34
54,20,13.196,9.9498,80,44
114,88,13.19,24.679,17,15
138,88,13.19,23.673,25,15
154,132,13.19,11.223,18,17
115,26,13.182,8.9153,60,26
77,28,13.182,24.216,61,50
81,31,13.181,15.589,51,75
150,136,13.181,18.181,13,37
115,57,13.181,16.531,60,82
140,118,13.18,13.203,16,25
130,91,13.179,19.468,25,38
121,11,13.178,7.8687,71,38
142,3,13.176,24.365,14,34
121,38,13.174,27.631,71,26
139,84,13.173,30.634,32,21
155,131,13.173,12.002,20,17
142,11,13.171,17.988,14,38
137,117,13.168,17.91,24,27
151,13,13.165,11.852,39,45
105,66,13.165,24.208,43,24
53,28,13.165,12.257,62,50
115,29,13.163,10.903,60,28
107,38,13.163,13.048,41,26
128,8,13.163,5.3709,21,14
42,31,13.16,7.7322,84,75
156,140,13.159,12.767,32,16
146,85,13.158,30.855,25,31
143,84,13.157,38.01,22,21
152,118,13.157,12.524,16,25
154,38,13.157,11.896,18,26
35,22,13.154,14.195,75,87
130,8,13.153,11.64,25,14
137,106,13.153,18.332,24,21
134,88,13.152,20.055,27,15
100,75,13.151,12.792,60,35
114,68,13.15,32.768,17,12
144,127,13.146,28.109,38,27
73,12,13.145,24.784,19,46
118,73,13.144,32.244,25,19
84,66,13.143,13.941,21,24
136,74,13.138,31.328,37,38
158,143,13.136,27.878,45,22
131,106,13.135,14.402,17,21
145,108,13.133,32.477,30,57
156,147,13.132,20.292,32,40
147,127,13.132,25.013,40,27
144,22,13.131,11.796,38,87
141,131,13.13,23.083,21,17
142,83,13.127,38.085,14,26
95,46,13.122,3.5513,98,88
142,119,13.12,16.859,14,26
139,131,13.12,18.655,32,17
16,8,13.119,10.634,27,14
27,5,13.118,6.3085,64,55
112,104,13.116,7.8405,35,57
115,27,13.116,5.0699,60,64
35,23,13.112,16.48,75,32
156,137,13.108,5.5487,32,24
49,18,13.106,2.8598,64,46
88,73,13.106,12.47,15,19
141,108,13.104,20.978,21,57
143,66,13.096,40.799,22,24
132,68,13.092,35.927,17,12
144,124,13.089,24.583,38,31
143,69,13.085,35.319,22,16
102,84,13.084,14.302,28,21
128,113,13.084,8.5078,21,78
91,66,13.082,20.087,38,24
118,85,13.082,32.551,25,31
142,69,13.081,35.434,14,16
158,133,13.078,3.2537,45,48
144,134,13.078,25.655,38,27
94,50,13.075,4.3653,50,44
79,68,13.074,18.395,34,12
142,109,13.071,22.05,14,21
98,64,13.071,10.908,26,51
116,9,13.069,5.5942,30,27
99,43,13.068,3.4856,38,98
155,132,13.067,10.182,20,17
89,73,13.066,16.322,21,19
118,103,13.065,25.471,25,35
52,40,13.064,8.2728,47,45
53,35,13.064,10.209,62,75
141,87,13.064,30.248,21,19
144,130,13.062,28.35,38,25
135,127,13.062,14.886,19,27
147,119,13.058,13.646,40,26
150,106,13.057,27.327,13,21
150,119,13.055,11.345,13,26
81,58,13.053,7.1901,51,21
127,67,13.053,29.218,27,14
136,127,13.049,17.138,37,27
142,129,13.043,25.901,14,37
135,68,13.04,38.341,19,12
88,3,13.04,9.557,15,34
124,11,13.039,3.2008,31,38
53,6,13.039,17.181,62,28
122,21,13.037,7.9526,75,70
79,66,13.037,15.806,34,24
113,59,13.037,18.698,78,57
117,68,13.032,32.778,27,12
154,68,13.029,32.321,18,12
150,11,13.027,11.874,13,38
86,16,13.026,30.039,22,27
127,68,13.024,30.146,27,12
142,117,13.023,11.208,14,27
144,85,13.023,33.039,38,31
51,23,13.022,15.063,51,32
127,108,13.019,14.178,27,57
132,73,13.019,29.377,17,19
128,90,13.018,15.739,21,33
75,25,13.018,27.754,35,58
67,55,13.016,18.16,14,73
138,87,13.016,27.059,25,19
46,35,13.013,10.939,88,75
154,10,13.012,12.665,18,19
99,62,13.01,4.7044,38,46
141,117,13.009,10.183,21,27
31,15,13.008,13.451,75,79
116,88,13.007,30.805,30,15
132,10,13.004,20.338,17,19
102,66,13.001,15.222,28,24
137,89,13.001,16.933,24,21
100,93,13,3.7219,60,41
100,49,12.999,10.252,60,64
56,49,12.998,16.283,39,64
103,66,12.99,16.875,35,24
128,120,12.99,18.088,21,45
137,128,12.986,10.483,24,21
155,117,12.985,17.505,20,27
116,66,12.984,35.971,30,24
149,131,12.983,25.894,22,17
81,30,12.982,20.597,51,21
36,29,12.981,7.813,26,28
128,102,12.98,10.941,21,28
149,12,12.978,13.549,22,46
66,44,12.976,7.3781,24,87
127,83,12.976,23.98,27,26
84,78,12.974,6.7292,21,29
139,87,12.974,28.02,32,19
143,73,12.973,35.867,22,19
106,3,12.973,6.3227,21,34
137,90,12.972,11.733,24,33
134,101,12.968,17.302,27,18
134,74,12.967,31.425,27,38
84,68,12.966,14.629,21,12
124,116,12.966,14.13,31,30
134,66,12.966,36.998,27,24
143,118,12.965,11.997,22,25
124,114,12.961,11.956,31,17
113,20,12.96,9.5829,78,44
118,84,12.957,35.823,25,21
129,52,12.956,29.991,37,47
140,83,12.956,34.04,16,26
51,29,12.955,16.533,51,28
154,84,12.95,24.606,18,21
154,119,12.949,18.016,18,26
112,13,12.947,9.8704,35,45
119,85,12.945,28.715,26,31
106,76,12.945,12.841,21,18
142,19,12.943,21.134,14,19
69,53,12.942,5.5544,16,62
119,84,12.941,31.626,26,21
117,36,12.94,24.251,27,26
141,8,12.933,11.543,21,14
51,45,12.933,6.8217,51,53
145,87,12.932,39.074,30,19
30,20,12.931,11.217,21,44
137,67,12.93,35.636,24,14
139,88,12.926,24.83,32,15
105,70,12.924,28.352,43,36
69,16,12.923,21.428,16,27
111,94,12.923,8.7383,41,50
130,69,12.922,36.697,25,16
143,116,12.919,7.5635,22,30
137,76,12.918,32.276,24,18
97,23,12.917,17.795,40,32
81,53,12.914,15.887,51,62
149,66,12.912,35.036,22,24
88,79,12.91,11.759,15,34
150,10,12.905,8.6524,13,19
91,3,12.904,2.9184,38,34
21,5,12.902,14.243,70,55
139,83,12.902,31.437,32,26
74,65,12.9,4.6108,38,23
119,11,12.899,6.0772,26,38
149,89,12.899,30.193,22,21
68,17,12.894,18.709,12,26
134,87,12.894,23.759,27,19
67,26,12.893,31.033,14,26
79,73,12.893,10.492,34,19
28,18,12.892,12.705,50,46
142,106,12.892,30.819,14,21
84,19,12.891,25.34,21,19
146,87,12.889,34.037,25,19
26,16,12.886,18.558,26,27
142,120,12.885,20.184,14,45
98,25,12.883,23.459,26,58
158,41,12.882,14.662,45,41
54,25,12.88,12.756,80,58
95,35,12.88,9.3149,98,75
122,15,12.88,2.9461,75,79
130,90,12.878,18.021,25,33
103,68,12.877,18.254,35,12
64,56,12.872,23.365,51,39
31,21,12.871,14.16,75,70
137,38,12.863,12.4,24,26
135,84,12.861,28.666,19,21
106,87,12.86,14.208,21,19
106,83,12.86,9.2708,21,26
143,87,12.86,37.882,22,19
147,9,12.858,13.361,40,27
34,5,12.857,4.1295,19,55
111,102,12.855,14.253,41,28
139,106,12.854,22.889,32,21
152,12,12.852,12.095,16,46
22,15,12.852,5.0977,87,79
144,9,12.849,15.802,38,27
142,116,12.848,8.091,14,30
28,22,12.845,6.939,50,87
145,83,12.844,40.517,30,26
155,106,12.839,13.715,20,21
109,69,12.838,26.397,21,16
70,17,12.837,23.288,36,26
98,87,12.833,22.466,26,19
141,120,12.833,19.446,21,45
149,69,12.832,30.62,22,16
128,17,12.832,20.376,21,26
130,119,12.829,20.779,25,26
157,130,12.829,7.3501,27,25
119,12,12.825,7.4241,26,46
131,65,12.824,34.699,17,23
125,112,12.824,4.024,75,35
151,119,12.823,13.182,39,26
135,66,12.822,38.311,19,24
105,11,12.82,17.432,43,38
61,43,12.819,4.1529,74,98
157,117,12.819,22.521,27,27
131,16,12.817,26.351,17,27
132,106,12.817,10.236,17,21
90,66,12.815,23.807,33,24
155,88,12.811,16.219,20,15
139,76,12.81,35.182,32,18
146,84,12.809,33.662,25,21
41,15,12.808,14.966,41,79
130,3,12.807,15.724,25,34
54,40,12.805,4.3179,80,45
130,104,12.805,8.7,25,57
100,15,12.803,8.1934,60,79
82,75,12.799,6.0778,45,35
91,85,12.799,3.9348,38,31
81,49,12.797,17.469,51,64
153,142,12.797,9.1525,46,14
63,57,12.796,16.253,50,82
143,119,12.796,14.799,22,26
139,90,12.796,16.326,32,33
140,8,12.794,11.039,16,14
