8,2,NaN,0,14,38
9,2,NaN,0,27,38
9,3,NaN,0,27,34
10,2,NaN,0,19,38
10,3,NaN,0,19,34
10,4,NaN,0,19,42
11,2,NaN,0,38,38
11,3,NaN,0,38,34
11,4,NaN,0,38,42
11,5,NaN,0,38,55
12,2,NaN,0,46,38
12,3,NaN,0,46,34
12,4,NaN,0,46,42
12,5,NaN,0,46,55
12,6,NaN,0,46,28
13,2,NaN,0,45,38
13,3,NaN,0,45,34
13,4,NaN,0,45,42
13,5,NaN,0,45,55
13,6,NaN,0,45,28
13,7,NaN,0,45,87
14,2,NaN,0,87,38
14,3,NaN,0,87,34
14,4,NaN,0,87,42
14,5,NaN,0,87,55
14,6,NaN,0,87,28
14,7,NaN,0,87,87
14,8,NaN,0,87,14
15,2,NaN,0,79,38
15,3,NaN,0,79,34
15,4,NaN,0,79,42
15,5,NaN,0,79,55
15,6,NaN,0,79,28
15,7,NaN,0,79,87
15,8,NaN,0,79,14
15,9,NaN,0,79,27
16,2,NaN,0,27,38
16,3,NaN,0,27,34
16,4,NaN,0,27,42
16,5,NaN,0,27,55
16,6,NaN,0,27,28
16,7,NaN,0,27,87
16,8,NaN,0,27,14
16,9,NaN,0,27,27
16,10,NaN,0,27,19
17,2,NaN,0,26,38
17,3,NaN,0,26,34
17,4,NaN,0,26,42
17,5,NaN,0,26,55
17,6,NaN,0,26,28
17,7,NaN,0,26,87
17,8,NaN,0,26,14
17,9,NaN,0,26,27
17,10,NaN,0,26,19
17,11,NaN,0,26,38
18,2,NaN,0,46,38
18,3,NaN,0,46,34
18,4,NaN,0,46,42
18,5,NaN,0,46,55
18,6,NaN,0,46,28
18,7,NaN,0,46,87
18,8,NaN,0,46,14
18,9,NaN,0,46,27
18,10,NaN,0,46,19
18,11,NaN,0,46,38
18,12,NaN,0,46,46
19,2,NaN,0,19,38
19,3,NaN,0,19,34
19,4,NaN,0,19,42
19,5,NaN,0,19,55
19,6,NaN,0,19,28
19,7,NaN,0,19,87
19,8,NaN,0,19,14
19,9,NaN,0,19,27
19,10,NaN,0,19,19
19,11,NaN,0,19,38
19,12,NaN,0,19,46
19,13,NaN,0,19,45
20,2,NaN,0,44,38
20,3,NaN,0,44,34
20,4,NaN,0,44,42
20,5,NaN,0,44,55
20,6,NaN,0,44,28
20,7,NaN,0,44,87
20,8,NaN,0,44,14
20,9,NaN,0,44,27
20,10,NaN,0,44,19
20,11,NaN,0,44,38
20,12,NaN,0,44,46
20,13,NaN,0,44,45
20,14,NaN,0,44,87
21,2,NaN,0,70,38
21,3,NaN,0,70,34
21,4,NaN,0,70,42
21,5,NaN,0,70,55
21,6,NaN,0,70,28
21,7,NaN,0,70,87
21,8,NaN,0,70,14
21,9,NaN,0,70,27
21,10,NaN,0,70,19
21,11,NaN,0,70,38
21,12,NaN,0,70,46
21,13,NaN,0,70,45
21,14,NaN,0,70,87
21,15,NaN,0,70,79
22,2,NaN,0,87,38
22,3,NaN,0,87,34
22,4,NaN,0,87,42
22,5,NaN,0,87,55
22,6,NaN,0,87,28
22,7,NaN,0,87,87
22,8,NaN,0,87,14
22,9,NaN,0,87,27
22,10,NaN,0,87,19
22,11,NaN,0,87,38
22,12,NaN,0,87,46
22,13,NaN,0,87,45
22,14,NaN,0,87,87
22,15,NaN,0,87,79
22,16,NaN,0,87,27
23,2,NaN,0,32,38
23,3,NaN,0,32,34
23,4,NaN,0,32,42
23,5,NaN,0,32,55
23,6,NaN,0,32,28
23,7,NaN,0,32,87
23,8,NaN,0,32,14
23,9,NaN,0,32,27
23,10,NaN,0,32,19
23,11,NaN,0,32,38
23,12,NaN,0,32,46
23,13,NaN,0,32,45
23,14,NaN,0,32,87
23,15,NaN,0,32,79
23,16,NaN,0,32,27
23,17,NaN,0,32,26
24,2,NaN,0,54,38
24,3,NaN,0,54,34
24,4,NaN,0,54,42
24,5,NaN,0,54,55
24,6,NaN,0,54,28
24,7,NaN,0,54,87
24,8,NaN,0,54,14
24,9,NaN,0,54,27
24,10,NaN,0,54,19
24,11,NaN,0,54,38
24,12,NaN,0,54,46
24,13,NaN,0,54,45
24,14,NaN,0,54,87
24,15,NaN,0,54,79
24,16,NaN,0,54,27
24,17,NaN,0,54,26
24,18,NaN,0,54,46
25,2,NaN,0,58,38
25,3,NaN,0,58,34
25,4,NaN,0,58,42
25,5,NaN,0,58,55
25,6,NaN,0,58,28
25,7,NaN,0,58,87
25,8,NaN,0,58,14
25,9,NaN,0,58,27
25,10,NaN,0,58,19
25,11,NaN,0,58,38
25,12,NaN,0,58,46
25,13,NaN,0,58,45
25,14,NaN,0,58,87
25,15,NaN,0,58,79
25,16,NaN,0,58,27
25,17,NaN,0,58,26
25,18,NaN,0,58,46
25,19,NaN,0,58,19
26,2,NaN,0,26,38
26,3,NaN,0,26,34
26,4,NaN,0,26,42
26,5,NaN,0,26,55
26,6,NaN,0,26,28
26,7,NaN,0,26,87
26,8,NaN,0,26,14
26,9,NaN,0,26,27
26,10,NaN,0,26,19
26,11,NaN,0,26,38
26,12,NaN,0,26,46
26,13,NaN,0,26,45
26,14,NaN,0,26,87
26,15,NaN,0,26,79
26,16,NaN,0,26,27
26,17,NaN,0,26,26
26,18,NaN,0,26,46
26,19,NaN,0,26,19
26,20,NaN,0,26,44
27,2,NaN,0,64,38
27,3,NaN,0,64,34
27,4,NaN,0,64,42
27,5,NaN,0,64,55
27,6,NaN,0,64,28
27,7,NaN,0,64,87
27,8,NaN,0,64,14
27,9,NaN,0,64,27
27,10,NaN,0,64,19
27,11,NaN,0,64,38
27,12,NaN,0,64,46
27,13,NaN,0,64,45
27,14,NaN,0,64,87
27,15,NaN,0,64,79
27,16,NaN,0,64,27
27,17,NaN,0,64,26
27,18,NaN,0,64,46
27,19,NaN,0,64,19
27,20,NaN,0,64,44
27,21,NaN,0,64,70
28,2,NaN,0,50,38
28,3,NaN,0,50,34
28,4,NaN,0,50,42
28,5,NaN,0,50,55
28,6,NaN,0,50,28
28,7,NaN,0,50,87
28,8,NaN,0,50,14
28,9,NaN,0,50,27
28,10,NaN,0,50,19
28,11,NaN,0,50,38
28,12,NaN,0,50,46
28,13,NaN,0,50,45
28,14,NaN,0,50,87
28,15,NaN,0,50,79
28,16,NaN,0,50,27
28,17,NaN,0,50,26
28,18,NaN,0,50,46
28,19,NaN,0,50,19
28,20,NaN,0,50,44
28,21,NaN,0,50,70
28,22,NaN,0,50,87
29,2,NaN,0,28,38
29,3,NaN,0,28,34
29,4,NaN,0,28,42
29,5,NaN,0,28,55
29,6,NaN,0,28,28
29,7,NaN,0,28,87
29,8,NaN,0,28,14
29,9,NaN,0,28,27
29,10,NaN,0,28,19
29,11,NaN,0,28,38
29,12,NaN,0,28,46
29,13,NaN,0,28,45
29,14,NaN,0,28,87
29,15,NaN,0,28,79
29,16,NaN,0,28,27
29,17,NaN,0,28,26
29,18,NaN,0,28,46
29,19,NaN,0,28,19
29,20,NaN,0,28,44
29,21,NaN,0,28,70
29,22,NaN,0,28,87
29,23,NaN,0,28,32
30,2,NaN,0,21,38
30,3,NaN,0,21,34
30,4,NaN,0,21,42
30,5,NaN,0,21,55
30,6,NaN,0,21,28
30,7,NaN,0,21,87
30,8,NaN,0,21,14
30,9,NaN,0,21,27
30,10,NaN,0,21,19
30,11,NaN,0,21,38
30,12,NaN,0,21,46
30,13,NaN,0,21,45
30,14,NaN,0,21,87
30,15,NaN,0,21,79
30,16,NaN,0,21,27
30,17,NaN,0,21,26
30,18,NaN,0,21,46
30,19,NaN,0,21,19
30,20,NaN,0,21,44
30,21,NaN,0,21,70
30,22,NaN,0,21,87
30,23,NaN,0,21,32
30,24,NaN,0,21,54
31,2,NaN,0,75,38
31,3,NaN,0,75,34
31,4,NaN,0,75,42
31,5,NaN,0,75,55
31,6,NaN,0,75,28
31,7,NaN,0,75,87
31,8,NaN,0,75,14
31,9,NaN,0,75,27
31,10,NaN,0,75,19
31,11,NaN,0,75,38
31,12,NaN,0,75,46
31,13,NaN,0,75,45
31,14,NaN,0,75,87
31,15,NaN,0,75,79
31,16,NaN,0,75,27
31,17,NaN,0,75,26
31,18,NaN,0,75,46
31,19,NaN,0,75,19
31,20,NaN,0,75,44
31,21,NaN,0,75,70
31,22,NaN,0,75,87
31,23,NaN,0,75,32
31,24,NaN,0,75,54
31,25,NaN,0,75,58
32,2,NaN,0,62,38
32,3,NaN,0,62,34
32,4,NaN,0,62,42
32,5,NaN,0,62,55
32,6,NaN,0,62,28
32,7,NaN,0,62,87
32,8,NaN,0,62,14
32,9,NaN,0,62,27
32,10,NaN,0,62,19
32,11,NaN,0,62,38
32,12,NaN,0,62,46
32,13,NaN,0,62,45
32,14,NaN,0,62,87
32,15,NaN,0,62,79
32,16,NaN,0,62,27
32,17,NaN,0,62,26
32,18,NaN,0,62,46
32,19,NaN,0,62,19
32,20,NaN,0,62,44
32,21,NaN,0,62,70
32,22,NaN,0,62,87
32,23,NaN,0,62,32
32,24,NaN,0,62,54
32,25,NaN,0,62,58
32,26,NaN,0,62,26
33,2,NaN,0,22,38
33,3,NaN,0,22,34
33,4,NaN,0,22,42
33,5,NaN,0,22,55
33,6,NaN,0,22,28
33,7,NaN,0,22,87
33,8,NaN,0,22,14
33,9,NaN,0,22,27
33,10,NaN,0,22,19
33,11,NaN,0,22,38
33,12,NaN,0,22,46
33,13,NaN,0,22,45
33,14,NaN,0,22,87
33,15,NaN,0,22,79
33,16,NaN,0,22,27
33,17,NaN,0,22,26
33,18,NaN,0,22,46
33,19,NaN,0,22,19
33,20,NaN,0,22,44
33,21,NaN,0,22,70
33,22,NaN,0,22,87
33,23,NaN,0,22,32
33,24,NaN,0,22,54
33,25,NaN,0,22,58
33,26,NaN,0,22,26
33,27,NaN,0,22,64
34,2,NaN,0,19,38
34,3,NaN,0,19,34
34,4,NaN,0,19,42
34,5,NaN,0,19,55
34,6,NaN,0,19,28
34,7,NaN,0,19,87
34,8,NaN,0,19,14
34,9,NaN,0,19,27
34,10,NaN,0,19,19
34,11,NaN,0,19,38
34,12,NaN,0,19,46
34,13,NaN,0,19,45
34,14,NaN,0,19,87
34,15,NaN,0,19,79
34,16,NaN,0,19,27
34,17,NaN,0,19,26
34,18,NaN,0,19,46
34,19,NaN,0,19,19
34,20,NaN,0,19,44
34,21,NaN,0,19,70
34,22,NaN,0,19,87
34,23,NaN,0,19,32
34,24,NaN,0,19,54
34,25,NaN,0,19,58
34,26,NaN,0,19,26
34,27,NaN,0,19,64
34,28,NaN,0,19,50
35,2,NaN,0,75,38
35,3,NaN,0,75,34
35,4,NaN,0,75,42
35,5,NaN,0,75,55
35,6,NaN,0,75,28
35,7,NaN,0,75,87
35,8,NaN,0,75,14
35,9,NaN,0,75,27
35,10,NaN,0,75,19
35,11,NaN,0,75,38
35,12,NaN,0,75,46
35,13,NaN,0,75,45
35,14,NaN,0,75,87
35,15,NaN,0,75,79
35,16,NaN,0,75,27
35,17,NaN,0,75,26
35,18,NaN,0,75,46
35,19,NaN,0,75,19
35,20,NaN,0,75,44
35,21,NaN,0,75,70
35,22,NaN,0,75,87
35,23,NaN,0,75,32
35,24,NaN,0,75,54
35,25,NaN,0,75,58
35,26,NaN,0,75,26
35,27,NaN,0,75,64
35,28,NaN,0,75,50
35,29,NaN,0,75,28
36,2,NaN,0,26,38
36,3,NaN,0,26,34
36,4,NaN,0,26,42
36,5,NaN,0,26,55
36,6,NaN,0,26,28
36,7,NaN,0,26,87
36,8,NaN,0,26,14
36,9,NaN,0,26,27
36,10,NaN,0,26,19
36,11,NaN,0,26,38
36,12,NaN,0,26,46
36,13,NaN,0,26,45
36,14,NaN,0,26,87
36,15,NaN,0,26,79
36,16,NaN,0,26,27
36,17,NaN,0,26,26
36,18,NaN,0,26,46
36,19,NaN,0,26,19
36,20,NaN,0,26,44
36,21,NaN,0,26,70
36,22,NaN,0,26,87
36,23,NaN,0,26,32
36,24,NaN,0,26,54
36,25,NaN,0,26,58
36,26,NaN,0,26,26
36,27,NaN,0,26,64
36,28,NaN,0,26,50
36,29,NaN,0,26,28
36,30,NaN,0,26,21
37,2,NaN,0,43,38
37,3,NaN,0,43,34
37,4,NaN,0,43,42
37,5,NaN,0,43,55
37,6,NaN,0,43,28
37,7,NaN,0,43,87
37,8,NaN,0,43,14
37,9,NaN,0,43,27
37,10,NaN,0,43,19
37,11,NaN,0,43,38
37,12,NaN,0,43,46
37,13,NaN,0,43,45
37,14,NaN,0,43,87
37,15,NaN,0,43,79
37,16,NaN,0,43,27
37,17,NaN,0,43,26
37,18,NaN,0,43,46
37,19,NaN,0,43,19
37,20,NaN,0,43,44
37,21,NaN,0,43,70
37,22,NaN,0,43,87
37,23,NaN,0,43,32
37,24,NaN,0,43,54
37,25,NaN,0,43,58
37,26,NaN,0,43,26
37,27,NaN,0,43,64
37,28,NaN,0,43,50
37,29,NaN,0,43,28
37,30,NaN,0,43,21
37,31,NaN,0,43,75
38,2,NaN,0,26,38
38,3,NaN,0,26,34
38,4,NaN,0,26,42
38,5,NaN,0,26,55
38,6,NaN,0,26,28
38,7,NaN,0,26,87
38,8,NaN,0,26,14
38,9,NaN,0,26,27
38,10,NaN,0,26,19
38,11,NaN,0,26,38
38,12,NaN,0,26,46
38,13,NaN,0,26,45
38,14,NaN,0,26,87
38,15,NaN,0,26,79
38,16,NaN,0,26,27
38,17,NaN,0,26,26
38,18,NaN,0,26,46
38,19,NaN,0,26,19
38,20,NaN,0,26,44
38,21,NaN,0,26,70
38,22,NaN,0,26,87
38,23,NaN,0,26,32
38,24,NaN,0,26,54
38,25,NaN,0,26,58
38,26,NaN,0,26,26
38,27,NaN,0,26,64
38,28,NaN,0,26,50
38,29,NaN,0,26,28
38,30,NaN,0,26,21
38,31,NaN,0,26,75
38,32,NaN,0,26,62
39,2,NaN,0,32,38
39,3,NaN,0,32,34
39,4,NaN,0,32,42
39,5,NaN,0,32,55
39,6,NaN,0,32,28
39,7,NaN,0,32,87
39,8,NaN,0,32,14
39,9,NaN,0,32,27
39,10,NaN,0,32,19
39,11,NaN,0,32,38
39,12,NaN,0,32,46
39,13,NaN,0,32,45
39,14,NaN,0,32,87
39,15,NaN,0,32,79
39,16,NaN,0,32,27
39,17,NaN,0,32,26
39,18,NaN,0,32,46
39,19,NaN,0,32,19
39,20,NaN,0,32,44
39,21,NaN,0,32,70
39,22,NaN,0,32,87
39,23,NaN,0,32,32
39,24,NaN,0,32,54
39,25,NaN,0,32,58
39,26,NaN,0,32,26
39,27,NaN,0,32,64
39,28,NaN,0,32,50
39,29,NaN,0,32,28
39,30,NaN,0,32,21
39,31,NaN,0,32,75
39,32,NaN,0,32,62
39,33,NaN,0,32,22
40,2,NaN,0,45,38
40,3,NaN,0,45,34
40,4,NaN,0,45,42
40,5,NaN,0,45,55
40,6,NaN,0,45,28
40,7,NaN,0,45,87
40,8,NaN,0,45,14
40,9,NaN,0,45,27
40,10,NaN,0,45,19
40,11,NaN,0,45,38
40,12,NaN,0,45,46
40,13,NaN,0,45,45
40,14,NaN,0,45,87
40,15,NaN,0,45,79
40,16,NaN,0,45,27
40,17,NaN,0,45,26
40,18,NaN,0,45,46
40,19,NaN,0,45,19
40,20,NaN,0,45,44
40,21,NaN,0,45,70
40,22,NaN,0,45,87
40,23,NaN,0,45,32
40,24,NaN,0,45,54
40,25,NaN,0,45,58
40,26,NaN,0,45,26
40,27,NaN,0,45,64
40,28,NaN,0,45,50
40,29,NaN,0,45,28
40,30,NaN,0,45,21
40,31,NaN,0,45,75
40,32,NaN,0,45,62
40,33,NaN,0,45,22
40,34,NaN,0,45,19
41,2,NaN,0,41,38
41,3,NaN,0,41,34
41,4,NaN,0,41,42
41,5,NaN,0,41,55
41,6,NaN,0,41,28
41,7,NaN,0,41,87
41,8,NaN,0,41,14
41,9,NaN,0,41,27
41,10,NaN,0,41,19
41,11,NaN,0,41,38
41,12,NaN,0,41,46
41,13,NaN,0,41,45
41,14,NaN,0,41,87
41,15,NaN,0,41,79
41,16,NaN,0,41,27
41,17,NaN,0,41,26
41,18,NaN,0,41,46
41,19,NaN,0,41,19
41,20,NaN,0,41,44
41,21,NaN,0,41,70
41,22,NaN,0,41,87
41,23,NaN,0,41,32
41,24,NaN,0,41,54
41,25,NaN,0,41,58
41,26,NaN,0,41,26
41,27,NaN,0,41,64
41,28,NaN,0,41,50
41,29,NaN,0,41,28
41,30,NaN,0,41,21
41,31,NaN,0,41,75
41,32,NaN,0,41,62
41,33,NaN,0,41,22
41,34,NaN,0,41,19
41,35,NaN,0,41,75
42,2,NaN,0,84,38
42,3,NaN,0,84,34
42,4,NaN,0,84,42
42,5,NaN,0,84,55
42,6,NaN,0,84,28
42,7,NaN,0,84,87
42,8,NaN,0,84,14
42,9,NaN,0,84,27
42,10,NaN,0,84,19
42,11,NaN,0,84,38
42,12,NaN,0,84,46
42,13,NaN,0,84,45
42,14,NaN,0,84,87
42,15,NaN,0,84,79
42,16,NaN,0,84,27
42,17,NaN,0,84,26
42,18,NaN,0,84,46
42,19,NaN,0,84,19
42,20,NaN,0,84,44
42,21,NaN,0,84,70
42,22,NaN,0,84,87
42,23,NaN,0,84,32
42,24,NaN,0,84,54
42,25,NaN,0,84,58
42,26,NaN,0,84,26
42,27,NaN,0,84,64
42,28,NaN,0,84,50
42,29,NaN,0,84,28
42,30,NaN,0,84,21
42,31,NaN,0,84,75
42,32,NaN,0,84,62
42,33,NaN,0,84,22
42,34,NaN,0,84,19
42,35,NaN,0,84,75
42,36,NaN,0,84,26
43,2,NaN,0,98,38
43,3,NaN,0,98,34
43,4,NaN,0,98,42
43,5,NaN,0,98,55
43,6,NaN,0,98,28
43,7,NaN,0,98,87
43,8,NaN,0,98,14
43,9,NaN,0,98,27
43,10,NaN,0,98,19
43,11,NaN,0,98,38
43,12,NaN,0,98,46
43,13,NaN,0,98,45
43,14,NaN,0,98,87
43,15,NaN,0,98,79
43,16,NaN,0,98,27
43,17,NaN,0,98,26
43,18,NaN,0,98,46
43,19,NaN,0,98,19
43,20,NaN,0,98,44
43,21,NaN,0,98,70
43,22,NaN,0,98,87
43,23,NaN,0,98,32
43,24,NaN,0,98,54
43,25,NaN,0,98,58
43,26,NaN,0,98,26
43,27,NaN,0,98,64
43,28,NaN,0,98,50
43,29,NaN,0,98,28
43,30,NaN,0,98,21
43,31,NaN,0,98,75
43,32,NaN,0,98,62
43,33,NaN,0,98,22
43,34,NaN,0,98,19
43,35,NaN,0,98,75
43,36,NaN,0,98,26
43,37,NaN,0,98,43
44,2,NaN,0,87,38
44,3,NaN,0,87,34
44,4,NaN,0,87,42
44,5,NaN,0,87,55
44,6,NaN,0,87,28
44,7,NaN,0,87,87
44,8,NaN,0,87,14
44,9,NaN,0,87,27
44,10,NaN,0,87,19
44,11,NaN,0,87,38
44,12,NaN,0,87,46
44,13,NaN,0,87,45
44,14,NaN,0,87,87
44,15,NaN,0,87,79
44,16,NaN,0,87,27
44,17,NaN,0,87,26
44,18,NaN,0,87,46
44,19,NaN,0,87,19
44,20,NaN,0,87,44
44,21,NaN,0,87,70
44,22,NaN,0,87,87
44,23,NaN,0,87,32
44,24,NaN,0,87,54
44,25,NaN,0,87,58
44,26,NaN,0,87,26
44,27,NaN,0,87,64
44,28,NaN,0,87,50
44,29,NaN,0,87,28
44,30,NaN,0,87,21
44,31,NaN,0,87,75
44,32,NaN,0,87,62
44,33,NaN,0,87,22
44,34,NaN,0,87,19
44,35,NaN,0,87,75
44,36,NaN,0,87,26
44,37,NaN,0,87,43
44,38,NaN,0,87,26
45,2,NaN,0,53,38
45,3,NaN,0,53,34
45,4,NaN,0,53,42
45,5,NaN,0,53,55
45,6,NaN,0,53,28
45,7,NaN,0,53,87
45,8,NaN,0,53,14
45,9,NaN,0,53,27
45,10,NaN,0,53,19
45,11,NaN,0,53,38
45,12,NaN,0,53,46
45,13,NaN,0,53,45
45,14,NaN,0,53,87
45,15,NaN,0,53,79
45,16,NaN,0,53,27
45,17,NaN,0,53,26
45,18,NaN,0,53,46
45,19,NaN,0,53,19
45,20,NaN,0,53,44
45,21,NaN,0,53,70
45,22,NaN,0,53,87
45,23,NaN,0,53,32
45,24,NaN,0,53,54
45,25,NaN,0,53,58
45,26,NaN,0,53,26
45,27,NaN,0,53,64
45,28,NaN,0,53,50
45,29,NaN,0,53,28
45,30,NaN,0,53,21
45,31,NaN,0,53,75
45,32,NaN,0,53,62
45,33,NaN,0,53,22
45,34,NaN,0,53,19
45,35,NaN,0,53,75
45,36,NaN,0,53,26
45,37,NaN,0,53,43
45,38,NaN,0,53,26
45,39,NaN,0,53,32
46,2,NaN,0,88,38
46,3,NaN,0,88,34
46,4,NaN,0,88,42
46,5,NaN,0,88,55
46,6,NaN,0,88,28
46,7,NaN,0,88,87
46,8,NaN,0,88,14
46,9,NaN,0,88,27
46,10,NaN,0,88,19
46,11,NaN,0,88,38
46,12,NaN,0,88,46
46,13,NaN,0,88,45
46,14,NaN,0,88,87
46,15,NaN,0,88,79
46,16,NaN,0,88,27
46,17,NaN,0,88,26
46,18,NaN,0,88,46
46,19,NaN,0,88,19
46,20,NaN,0,88,44
46,21,NaN,0,88,70
46,22,NaN,0,88,87
46,23,NaN,0,88,32
46,24,NaN,0,88,54
46,25,NaN,0,88,58
46,26,NaN,0,88,26
46,27,NaN,0,88,64
46,28,NaN,0,88,50
46,29,NaN,0,88,28
46,30,NaN,0,88,21
46,31,NaN,0,88,75
46,32,NaN,0,88,62
46,33,NaN,0,88,22
46,34,NaN,0,88,19
46,35,NaN,0,88,75
46,36,NaN,0,88,26
46,37,NaN,0,88,43
46,38,NaN,0,88,26
46,39,NaN,0,88,32
46,40,NaN,0,88,45
47,2,NaN,0,36,38
47,3,NaN,0,36,34
47,4,NaN,0,36,42
47,5,NaN,0,36,55
47,6,NaN,0,36,28
47,7,NaN,0,36,87
47,8,NaN,0,36,14
47,9,NaN,0,36,27
47,10,NaN,0,36,19
47,11,NaN,0,36,38
47,12,NaN,0,36,46
47,13,NaN,0,36,45
47,14,NaN,0,36,87
47,15,NaN,0,36,79
47,16,NaN,0,36,27
47,17,NaN,0,36,26
47,18,NaN,0,36,46
47,19,NaN,0,36,19
47,20,NaN,0,36,44
47,21,NaN,0,36,70
47,22,NaN,0,36,87
47,23,NaN,0,36,32
47,24,NaN,0,36,54
47,25,NaN,0,36,58
47,26,NaN,0,36,26
47,27,NaN,0,36,64
47,28,NaN,0,36,50
47,29,NaN,0,36,28
47,30,NaN,0,36,21
47,31,NaN,0,36,75
47,32,NaN,0,36,62
47,33,NaN,0,36,22
47,34,NaN,0,36,19
47,35,NaN,0,36,75
47,36,NaN,0,36,26
47,37,NaN,0,36,43
47,38,NaN,0,36,26
47,39,NaN,0,36,32
47,40,NaN,0,36,45
47,41,NaN,0,36,41
48,2,NaN,0,59,38
48,3,NaN,0,59,34
48,4,NaN,0,59,42
48,5,NaN,0,59,55
48,6,NaN,0,59,28
48,7,NaN,0,59,87
48,8,NaN,0,59,14
48,9,NaN,0,59,27
48,10,NaN,0,59,19
48,11,NaN,0,59,38
48,12,NaN,0,59,46
48,13,NaN,0,59,45
48,14,NaN,0,59,87
48,15,NaN,0,59,79
48,16,NaN,0,59,27
48,17,NaN,0,59,26
48,18,NaN,0,59,46
48,19,NaN,0,59,19
48,20,NaN,0,59,44
48,21,NaN,0,59,70
48,22,NaN,0,59,87
48,23,NaN,0,59,32
48,24,NaN,0,59,54
48,25,NaN,0,59,58
48,26,NaN,0,59,26
48,27,NaN,0,59,64
48,28,NaN,0,59,50
48,29,NaN,0,59,28
48,30,NaN,0,59,21
48,31,NaN,0,59,75
48,32,NaN,0,59,62
48,33,NaN,0,59,22
48,34,NaN,0,59,19
48,35,NaN,0,59,75
48,36,NaN,0,59,26
48,37,NaN,0,59,43
48,38,NaN,0,59,26
48,39,NaN,0,59,32
48,40,NaN,0,59,45
48,41,NaN,0,59,41
48,42,NaN,0,59,84
49,2,NaN,0,64,38
49,3,NaN,0,64,34
49,4,NaN,0,64,42
49,5,NaN,0,64,55
49,6,NaN,0,64,28
49,7,NaN,0,64,87
49,8,NaN,0,64,14
49,9,NaN,0,64,27
49,10,NaN,0,64,19
49,11,NaN,0,64,38
49,12,NaN,0,64,46
49,13,NaN,0,64,45
49,14,NaN,0,64,87
49,15,NaN,0,64,79
49,16,NaN,0,64,27
49,17,NaN,0,64,26
49,18,NaN,0,64,46
49,19,NaN,0,64,19
49,20,NaN,0,64,44
49,21,NaN,0,64,70
49,22,NaN,0,64,87
49,23,NaN,0,64,32
49,24,NaN,0,64,54
49,25,NaN,0,64,58
49,26,NaN,0,64,26
49,27,NaN,0,64,64
49,28,NaN,0,64,50
49,29,NaN,0,64,28
49,30,NaN,0,64,21
49,31,NaN,0,64,75
49,32,NaN,0,64,62
49,33,NaN,0,64,22
49,34,NaN,0,64,19
49,35,NaN,0,64,75
49,36,NaN,0,64,26
49,37,NaN,0,64,43
49,38,NaN,0,64,26
49,39,NaN,0,64,32
49,40,NaN,0,64,45
49,41,NaN,0,64,41
49,42,NaN,0,64,84
49,43,NaN,0,64,98
50,2,NaN,0,44,38
50,3,NaN,0,44,34
50,4,NaN,0,44,42
50,5,NaN,0,44,55
50,6,NaN,0,44,28
50,7,NaN,0,44,87
50,8,NaN,0,44,14
50,9,NaN,0,44,27
50,10,NaN,0,44,19
50,11,NaN,0,44,38
50,12,NaN,0,44,46
50,13,NaN,0,44,45
50,14,NaN,0,44,87
50,15,NaN,0,44,79
50,16,NaN,0,44,27
50,17,NaN,0,44,26
50,18,NaN,0,44,46
50,19,NaN,0,44,19
50,20,NaN,0,44,44
50,21,NaN,0,44,70
50,22,NaN,0,44,87
50,23,NaN,0,44,32
50,24,NaN,0,44,54
50,25,NaN,0,44,58
50,26,NaN,0,44,26
50,27,NaN,0,44,64
50,28,NaN,0,44,50
50,29,NaN,0,44,28
50,30,NaN,0,44,21
50,31,NaN,0,44,75
50,32,NaN,0,44,62
50,33,NaN,0,44,22
50,34,NaN,0,44,19
50,35,NaN,0,44,75
50,36,NaN,0,44,26
50,37,NaN,0,44,43
50,38,NaN,0,44,26
50,39,NaN,0,44,32
50,40,NaN,0,44,45
50,41,NaN,0,44,41
50,42,NaN,0,44,84
50,43,NaN,0,44,98
50,44,NaN,0,44,87
51,2,NaN,0,51,38
51,3,NaN,0,51,34
51,4,NaN,0,51,42
51,5,NaN,0,51,55
51,6,NaN,0,51,28
51,7,NaN,0,51,87
51,8,NaN,0,51,14
51,9,NaN,0,51,27
51,10,NaN,0,51,19
51,11,NaN,0,51,38
51,12,NaN,0,51,46
51,13,NaN,0,51,45
51,14,NaN,0,51,87
51,15,NaN,0,51,79
51,16,NaN,0,51,27
51,17,NaN,0,51,26
51,18,NaN,0,51,46
51,19,NaN,0,51,19
51,20,NaN,0,51,44
51,21,NaN,0,51,70
51,22,NaN,0,51,87
51,23,NaN,0,51,32
51,24,NaN,0,51,54
51,25,NaN,0,51,58
51,26,NaN,0,51,26
51,27,NaN,0,51,64
51,28,NaN,0,51,50
51,29,NaN,0,51,28
51,30,NaN,0,51,21
51,31,NaN,0,51,75
51,32,NaN,0,51,62
51,33,NaN,0,51,22
51,34,NaN,0,51,19
51,35,NaN,0,51,75
51,36,NaN,0,51,26
51,37,NaN,0,51,43
51,38,NaN,0,51,26
51,39,NaN,0,51,32
51,40,NaN,0,51,45
51,41,NaN,0,51,41
51,42,NaN,0,51,84
51,43,NaN,0,51,98
51,44,NaN,0,51,87
51,45,NaN,0,51,53
52,2,NaN,0,47,38
52,3,NaN,0,47,34
52,4,NaN,0,47,42
52,5,NaN,0,47,55
52,6,NaN,0,47,28
52,7,NaN,0,47,87
52,8,NaN,0,47,14
52,9,NaN,0,47,27
52,10,NaN,0,47,19
52,11,NaN,0,47,38
