8,2,NaN,14.941,14,38
9,2,NaN,20.297,27,38
9,3,NaN,16.992,27,34
10,2,NaN,23.073,19,38
10,3,NaN,20.009,19,34
10,4,NaN,16.58,19,42
11,2,NaN,21.315,38,38
11,3,NaN,18.891,38,34
11,4,NaN,14.612,38,42
11,5,NaN,14.434,38,55
12,2,NaN,17.686,46,38
12,3,NaN,15.655,46,34
12,4,NaN,11.082,46,42
12,5,NaN,11,46,55
12,6,NaN,8.0479,46,28
13,2,NaN,19.58,45,38
13,3,NaN,16.674,45,34
13,4,NaN,13.242,45,42
13,5,NaN,10.879,45,55
13,6,NaN,7.9698,45,28
13,7,NaN,4.1448,45,87
14,2,NaN,15.206,87,38
14,3,NaN,12.964,87,34
14,4,NaN,9.3717,87,42
14,5,NaN,7.9528,87,55
14,6,NaN,5.312,87,28
14,7,NaN,3.7185,87,87
14,8,NaN,4.203,87,14
15,2,NaN,19.803,79,38
15,3,NaN,17.16,79,34
15,4,NaN,13.99,79,42
15,5,NaN,11.252,79,55
15,6,NaN,9.2174,79,28
15,7,NaN,6.2429,79,87
15,8,NaN,7.3863,79,14
15,9,NaN,7.2164,79,27
16,2,NaN,22.614,27,38
16,3,NaN,20.024,27,34
16,4,NaN,17.143,27,42
16,5,NaN,14.126,27,55
16,6,NaN,12.484,27,28
16,7,NaN,9.4045,27,87
16,8,NaN,10.634,27,14
16,9,NaN,9.4542,27,27
16,10,NaN,10.557,27,19
17,2,NaN,24.496,26,38
17,3,NaN,22.198,26,34
17,4,NaN,19.438,26,42
17,5,NaN,16.802,26,55
17,6,NaN,15.438,26,28
17,7,NaN,12.72,26,87
17,8,NaN,13.945,26,14
17,9,NaN,12.559,26,27
17,10,NaN,13.258,26,19
17,11,NaN,13.788,26,38
18,2,NaN,20.547,46,38
18,3,NaN,18.605,46,34
18,4,NaN,16.791,46,42
18,5,NaN,14.152,46,55
18,6,NaN,13.899,46,28
18,7,NaN,11.956,46,87
18,8,NaN,13.95,46,14
18,9,NaN,13.694,46,27
18,10,NaN,14.906,46,19
18,11,NaN,15.255,46,38
18,12,NaN,12.821,46,46
19,2,NaN,22.24,19,38
19,3,NaN,19.329,19,34
19,4,NaN,16.961,19,42
19,5,NaN,13.226,19,55
19,6,NaN,11.962,19,28
19,7,NaN,8.9746,19,87
19,8,NaN,10.687,19,14
19,9,NaN,9.8737,19,27
19,10,NaN,12.054,19,19
19,11,NaN,13.238,19,38
19,12,NaN,10.643,19,46
19,13,NaN,7.2945,19,45
20,2,NaN,18.508,44,38
20,3,NaN,15.027,44,34
20,4,NaN,12.517,44,42
20,5,NaN,8.672,44,55
20,6,NaN,7.4348,44,28
20,7,NaN,5.4968,44,87
20,8,NaN,7.8458,44,14
20,9,NaN,8.879,44,27
20,10,NaN,11.562,44,19
20,11,NaN,13.458,44,38
20,12,NaN,10.416,44,46
20,13,NaN,7.8116,44,45
20,14,NaN,3.9231,44,87
21,2,NaN,23.892,70,38
21,3,NaN,20.698,70,34
21,4,NaN,17.838,70,42
21,5,NaN,14.243,70,55
21,6,NaN,11.895,70,28
21,7,NaN,8.3456,70,87
21,8,NaN,9.232,70,14
21,9,NaN,7.2186,70,27
21,10,NaN,9.5858,70,19
21,11,NaN,11.876,70,38
21,12,NaN,10.159,70,46
21,13,NaN,5.9822,70,45
21,14,NaN,5.5477,70,87
21,15,NaN,4.7962,70,79
22,2,NaN,20.081,87,38
22,3,NaN,16.525,87,34
22,4,NaN,13.348,87,42
22,5,NaN,9.9688,87,55
22,6,NaN,6.9404,87,28
22,7,NaN,3.794,87,87
22,8,NaN,4.9714,87,14
22,9,NaN,4.1095,87,27
22,10,NaN,6.81,87,19
22,11,NaN,9.5089,87,38
22,12,NaN,7.4701,87,46
22,13,NaN,4.2131,87,45
22,14,NaN,3.9912,87,87
22,15,NaN,5.0977,87,79
22,16,NaN,6.8897,87,27
23,2,NaN,25.403,32,38
23,3,NaN,21.771,32,34
23,4,NaN,18.789,32,42
23,5,NaN,14.678,32,55
23,6,NaN,12.74,32,28
23,7,NaN,9.2223,32,87
23,8,NaN,11.024,32,14
23,9,NaN,9.886,32,27
23,10,NaN,12.25,32,19
23,11,NaN,15.628,32,38
23,12,NaN,14.72,32,46
23,13,NaN,11.517,32,45
23,14,NaN,10.595,32,87
23,15,NaN,11.327,32,79
23,16,NaN,11.658,32,27
23,17,NaN,14.1,32,26
24,2,NaN,22.191,54,38
24,3,NaN,18.718,54,34
24,4,NaN,15.722,54,42
24,5,NaN,11.085,54,55
24,6,NaN,9.755,54,28
24,7,NaN,6.6498,54,87
24,8,NaN,7.7963,54,14
24,9,NaN,8.5868,54,27
24,10,NaN,10.356,54,19
24,11,NaN,13.742,54,38
24,12,NaN,13.336,54,46
24,13,NaN,10.727,54,45
24,14,NaN,11.372,54,87
24,15,NaN,12.757,54,79
24,16,NaN,13.838,54,27
24,17,NaN,16.351,54,26
24,18,NaN,14.418,54,46
25,2,NaN,22.533,58,38
25,3,NaN,19.274,58,34
25,4,NaN,16.686,58,42
25,5,NaN,11.348,58,55
25,6,NaN,12.702,58,28
25,7,NaN,10.043,58,87
25,8,NaN,12.828,58,14
25,9,NaN,13.794,58,27
25,10,NaN,15.807,58,19
25,11,NaN,19.206,58,38
25,12,NaN,18.142,58,46
25,13,NaN,15.197,58,45
25,14,NaN,14.237,58,87
25,15,NaN,15.794,58,79
25,16,NaN,16.688,58,27
25,17,NaN,18.954,58,26
25,18,NaN,16.685,58,46
25,19,NaN,13.811,58,19
26,2,NaN,20.261,26,38
26,3,NaN,16.921,26,34
26,4,NaN,14.324,26,42
26,5,NaN,9.2502,26,55
26,6,NaN,10.65,26,28
26,7,NaN,9.1431,26,87
26,8,NaN,11.831,26,14
26,9,NaN,13.784,26,27
26,10,NaN,16.094,26,19
26,11,NaN,19.169,26,38
26,12,NaN,17.931,26,46
26,13,NaN,15.488,26,45
26,14,NaN,14.995,26,87
26,15,NaN,16.929,26,79
26,16,NaN,18.558,26,27
26,17,NaN,21.196,26,26
26,18,NaN,18.732,26,46
26,19,NaN,15.892,26,19
26,20,NaN,10.934,26,44
27,2,NaN,17.045,64,38
27,3,NaN,13.741,64,34
27,4,NaN,10.406,64,42
27,5,NaN,6.3085,64,55
27,6,NaN,5.658,64,28
27,7,NaN,3.4643,64,87
27,8,NaN,6.7088,64,14
27,9,NaN,9.0001,64,27
27,10,NaN,11.966,64,19
27,11,NaN,14.748,64,38
27,12,NaN,12.545,64,46
27,13,NaN,10.094,64,45
27,14,NaN,9.3051,64,87
27,15,NaN,11.306,64,79
27,16,NaN,13.325,64,27
27,17,NaN,16.454,64,26
27,18,NaN,14.164,64,46
27,19,NaN,11.304,64,19
27,20,NaN,6.3581,64,44
27,21,NaN,10.362,64,70
28,2,NaN,18.549,50,38
28,3,NaN,15.132,50,34
28,4,NaN,13.009,50,42
28,5,NaN,7.8096,50,55
28,6,NaN,9.1104,50,28
28,7,NaN,7.3941,50,87
28,8,NaN,10.789,50,14
28,9,NaN,12.951,50,27
28,10,NaN,15.703,50,19
28,11,NaN,18.655,50,38
28,12,NaN,15.825,50,46
28,13,NaN,13.368,50,45
28,14,NaN,10.858,50,87
28,15,NaN,12.828,50,79
28,16,NaN,14.152,50,27
28,17,NaN,15.79,50,26
28,18,NaN,12.705,50,46
28,19,NaN,10.993,50,19
28,20,NaN,5.3407,50,44
28,21,NaN,10.585,50,70
28,22,NaN,6.939,50,87
29,2,NaN,17.957,28,38
29,3,NaN,14.697,28,34
29,4,NaN,13.349,28,42
29,5,NaN,7.7806,28,55
29,6,NaN,11.303,28,28
29,7,NaN,9.9047,28,87
29,8,NaN,13.096,28,14
29,9,NaN,15.455,28,27
29,10,NaN,18.194,28,19
29,11,NaN,21.12,28,38
29,12,NaN,19.009,28,46
29,13,NaN,16.607,28,45
29,14,NaN,15.175,28,87
29,15,NaN,17.301,28,79
29,16,NaN,18.76,28,27
29,17,NaN,20.982,28,26
29,18,NaN,17.881,28,46
29,19,NaN,15.821,28,19
29,20,NaN,10.26,28,44
29,21,NaN,14.661,28,70
29,22,NaN,10.11,28,87
29,23,NaN,9.3819,28,32
30,2,NaN,13.576,21,38
30,3,NaN,10.254,21,34
30,4,NaN,7.8687,21,42
30,5,NaN,4.119,21,55
30,6,NaN,5.9074,21,28
30,7,NaN,7.3774,21,87
30,8,NaN,9.2536,21,14
30,9,NaN,12.476,21,27
30,10,NaN,15.31,21,19
30,11,NaN,17.174,21,38
30,12,NaN,15.075,21,46
30,13,NaN,13.881,21,45
30,14,NaN,12.788,21,87
30,15,NaN,15.764,21,79
30,16,NaN,18.305,21,27
30,17,NaN,21.444,21,26
30,18,NaN,18.837,21,46
30,19,NaN,16.5,21,19
30,20,NaN,11.217,21,44
30,21,NaN,15.996,21,70
30,22,NaN,10.395,21,87
30,23,NaN,11.237,21,32
30,24,NaN,6.8919,21,54
31,2,NaN,13.093,75,38
31,3,NaN,9.3608,75,34
31,4,NaN,8.0994,75,42
31,5,NaN,3.8761,75,55
31,6,NaN,6.1262,75,28
31,7,NaN,7.1743,75,87
31,8,NaN,10.491,75,14
31,9,NaN,13.583,75,27
31,10,NaN,16.998,75,19
31,11,NaN,18.259,75,38
31,12,NaN,14.953,75,46
31,13,NaN,13.578,75,45
31,14,NaN,11.251,75,87
31,15,NaN,13.451,75,79
31,16,NaN,15.367,75,27
31,17,NaN,17.113,75,26
31,18,NaN,13.715,75,46
31,19,NaN,13.071,75,19
31,20,NaN,7.8825,75,44
31,21,NaN,14.16,75,70
31,22,NaN,9.5741,75,87
31,23,NaN,11.498,75,32
31,24,NaN,7.7299,75,54
31,25,NaN,6.967,75,58
32,2,NaN,15.3,62,38
32,3,NaN,12.458,62,34
32,4,NaN,11.526,62,42
32,5,NaN,5.9573,62,55
32,6,NaN,9.9099,62,28
32,7,NaN,10.584,62,87
32,8,NaN,13.695,62,14
32,9,NaN,16.697,62,27
32,10,NaN,19.893,62,19
32,11,NaN,21.903,62,38
32,12,NaN,18.986,62,46
32,13,NaN,17.264,62,45
32,14,NaN,15.227,62,87
32,15,NaN,17.477,62,79
32,16,NaN,19.221,62,27
32,17,NaN,21.098,62,26
32,18,NaN,17.614,62,46
32,19,NaN,16.419,62,19
32,20,NaN,10.724,62,44
32,21,NaN,16.863,62,70
32,22,NaN,12.234,62,87
32,23,NaN,13.238,62,32
32,24,NaN,9.2684,62,54
32,25,NaN,7.9335,62,58
32,26,NaN,7.2168,62,26
33,2,NaN,14.348,22,38
33,3,NaN,11.39,22,34
33,4,NaN,11.58,22,42
33,5,NaN,7.0421,22,55
33,6,NaN,11.587,22,28
33,7,NaN,12.761,22,87
33,8,NaN,15.643,22,14
33,9,NaN,18.746,22,27
33,10,NaN,21.843,22,19
33,11,NaN,23.889,22,38
33,12,NaN,21.132,22,46
33,13,NaN,19.55,22,45
33,14,NaN,17.828,22,87
33,15,NaN,20.066,22,79
33,16,NaN,21.945,22,27
33,17,NaN,23.902,22,26
33,18,NaN,20.414,22,46
33,19,NaN,19.205,22,19
33,20,NaN,13.491,22,44
33,21,NaN,19.509,22,70
33,22,NaN,14.624,22,87
33,23,NaN,15.247,22,32
33,24,NaN,11.055,22,54
33,25,NaN,9.0585,22,58
33,26,NaN,7.698,22,26
33,27,NaN,6.8427,22,64
34,2,NaN,10.405,19,38
34,3,NaN,7.553,19,34
34,4,NaN,8.056,19,42
34,5,NaN,4.1295,19,55
34,6,NaN,8.58,19,28
34,7,NaN,10.551,19,87
34,8,NaN,12.852,19,14
34,9,NaN,16.159,19,27
34,10,NaN,19.058,19,19
34,11,NaN,20.72,19,38
34,12,NaN,18.394,19,46
34,13,NaN,17.359,19,45
34,14,NaN,15.9,19,87
34,15,NaN,18.892,19,79
34,16,NaN,21.493,19,27
34,17,NaN,23.995,19,26
34,18,NaN,20.921,19,46
34,19,NaN,19.548,19,19
34,20,NaN,14.153,19,44
34,21,NaN,19.544,19,70
34,22,NaN,14.124,19,87
34,23,NaN,15.883,19,32
34,24,NaN,11.723,19,54
34,25,NaN,10.829,19,58
34,26,NaN,8.0172,19,26
34,27,NaN,6.8793,19,64
34,28,NaN,7.0855,19,50
35,2,NaN,11.021,75,38
35,3,NaN,7.9465,75,34
35,4,NaN,7.7225,75,42
35,5,NaN,4.3412,75,55
35,6,NaN,7.9061,75,28
35,7,NaN,10.321,75,87
35,8,NaN,13.447,75,14
35,9,NaN,17.004,75,27
35,10,NaN,20.399,75,19
35,11,NaN,21.193,75,38
35,12,NaN,17.84,75,46
35,13,NaN,17.023,75,45
35,14,NaN,14.489,75,87
35,15,NaN,17.018,75,79
35,16,NaN,19.181,75,27
35,17,NaN,20.964,75,26
35,18,NaN,17.627,75,46
35,19,NaN,17.029,75,19
35,20,NaN,11.95,75,44
35,21,NaN,18.283,75,70
35,22,NaN,14.195,75,87
35,23,NaN,16.48,75,32
35,24,NaN,12.943,75,54
35,25,NaN,12.018,75,58
35,26,NaN,11.051,75,26
35,27,NaN,8.6025,75,64
35,28,NaN,7.1344,75,50
35,29,NaN,6.9019,75,28
36,2,NaN,13.681,26,38
36,3,NaN,11.216,26,34
36,4,NaN,12.005,26,42
36,5,NaN,8.2372,26,55
36,6,NaN,12.444,26,28
36,7,NaN,14.64,26,87
36,8,NaN,17.86,26,14
36,9,NaN,21.162,26,27
36,10,NaN,24.49,26,19
36,11,NaN,25.688,26,38
36,12,NaN,22.442,26,46
36,13,NaN,21.394,26,45
36,14,NaN,19.086,26,87
36,15,NaN,21.316,26,79
36,16,NaN,23.181,26,27
36,17,NaN,24.577,26,26
36,18,NaN,20.908,26,46
36,19,NaN,20.567,26,19
36,20,NaN,15.243,26,44
36,21,NaN,21.729,26,70
36,22,NaN,17.517,26,87
36,23,NaN,18.049,26,32
36,24,NaN,15.061,26,54
36,25,NaN,13.216,26,58
36,26,NaN,12.546,26,26
36,27,NaN,10.693,26,64
36,28,NaN,8.8131,26,50
36,29,NaN,7.813,26,28
36,30,NaN,7.0574,26,21
37,2,NaN,13.112,43,38
37,3,NaN,12.009,43,34
37,4,NaN,14.272,43,42
37,5,NaN,11.574,43,55
37,6,NaN,15.551,43,28
37,7,NaN,17.926,43,87
37,8,NaN,21.116,43,14
37,9,NaN,24.529,43,27
37,10,NaN,27.898,43,19
37,11,NaN,28.878,43,38
37,12,NaN,25.483,43,46
37,13,NaN,24.58,43,45
37,14,NaN,21.765,43,87
37,15,NaN,24.199,43,79
37,16,NaN,25.905,43,27
37,17,NaN,26.869,43,26
37,18,NaN,23.069,43,46
37,19,NaN,23.222,43,19
37,20,NaN,18.137,43,44
37,21,NaN,24.7,43,70
37,22,NaN,20.814,43,87
37,23,NaN,21.6,43,32
37,24,NaN,18.34,43,54
37,25,NaN,16.565,43,58
37,26,NaN,15.88,43,26
37,27,NaN,14.17,43,64
37,28,NaN,11.957,43,50
37,29,NaN,10.966,43,28
37,30,NaN,10.534,43,21
37,31,NaN,8.2968,43,75
38,2,NaN,9.3853,26,38
38,3,NaN,6.716,26,34
38,4,NaN,9.4872,26,42
38,5,NaN,8.0742,26,55
38,6,NaN,11.769,26,28
38,7,NaN,14.86,26,87
38,8,NaN,17.06,26,14
38,9,NaN,21.25,26,27
38,10,NaN,24.389,26,19
38,11,NaN,24.942,26,38
38,12,NaN,22.027,26,46
38,13,NaN,21.733,26,45
38,14,NaN,19.245,26,87
38,15,NaN,22.205,26,79
38,16,NaN,23.929,26,27
38,17,NaN,24.642,26,26
38,18,NaN,20.493,26,46
38,19,NaN,21.576,26,19
38,20,NaN,17.167,26,44
38,21,NaN,23.66,26,70
38,22,NaN,19.524,26,87
38,23,NaN,21.822,26,32
38,24,NaN,17.753,26,54
38,25,NaN,16.627,26,58
38,26,NaN,14.488,26,26
38,27,NaN,12.772,26,64
38,28,NaN,12.493,26,50
38,29,NaN,10.669,26,28
38,30,NaN,8.302,26,21
38,31,NaN,7.5535,26,75
38,32,NaN,7.4224,26,62
39,2,NaN,8.5901,32,38
39,3,NaN,7.2833,32,34
39,4,NaN,9.4466,32,42
39,5,NaN,8.3256,32,55
39,6,NaN,12.168,32,28
39,7,NaN,15.166,32,87
39,8,NaN,17.456,32,14
39,9,NaN,21.761,32,27
39,10,NaN,25.172,32,19
39,11,NaN,24.824,32,38
39,12,NaN,21.092,32,46
39,13,NaN,21.102,32,45
39,14,NaN,16.853,32,87
39,15,NaN,20.372,32,79
39,16,NaN,22.377,32,27
39,17,NaN,23.244,32,26
39,18,NaN,18.846,32,46
39,19,NaN,20.588,32,19
39,20,NaN,16.529,32,44
39,21,NaN,22.815,32,70
39,22,NaN,19.305,32,87
39,23,NaN,22.877,32,32
39,24,NaN,19.606,32,54
39,25,NaN,19.238,32,58
39,26,NaN,18.15,32,26
39,27,NaN,15.255,32,64
39,28,NaN,14.414,32,50
39,29,NaN,14.453,32,28
39,30,NaN,12.487,32,21
39,31,NaN,8.7868,32,75
39,32,NaN,9.9491,32,62
39,33,NaN,10.564,32,22
40,2,NaN,9.7028,45,38
40,3,NaN,7.9349,45,34
40,4,NaN,9.7314,45,42
40,5,NaN,6.9655,45,55
40,6,NaN,10.831,45,28
40,7,NaN,13.22,45,87
40,8,NaN,16.119,45,14
40,9,NaN,19.803,45,27
40,10,NaN,23.271,45,19
40,11,NaN,23.221,45,38
40,12,NaN,19.34,45,46
40,13,NaN,18.931,45,45
40,14,NaN,14.702,45,87
40,15,NaN,17.68,45,79
40,16,NaN,19.322,45,27
40,17,NaN,19.676,45,26
40,18,NaN,15.34,45,46
40,19,NaN,16.935,45,19
40,20,NaN,13.391,45,44
40,21,NaN,19.628,45,70
40,22,NaN,16.674,45,87
40,23,NaN,19.456,45,32
40,24,NaN,16.514,45,54
40,25,NaN,16.168,45,58
40,26,NaN,15.53,45,26
40,27,NaN,12.531,45,64
40,28,NaN,11.333,45,50
40,29,NaN,11.966,45,28
40,30,NaN,10.471,45,21
40,31,NaN,5.478,45,75
40,32,NaN,7.9172,45,62
40,33,NaN,9.593,45,22
40,34,NaN,7.1255,45,19
41,2,NaN,6.5496,41,38
41,3,NaN,7.3498,41,34
41,4,NaN,8.0981,41,42
41,5,NaN,7.3466,41,55
41,6,NaN,9.9559,41,28
41,7,NaN,12.158,41,87
41,8,NaN,13.978,41,14
41,9,NaN,17.939,41,27
41,10,NaN,21.107,41,19
41,11,NaN,20.048,41,38
41,12,NaN,16.225,41,46
41,13,NaN,16.355,41,45
41,14,NaN,11.256,41,87
41,15,NaN,14.966,41,79
41,16,NaN,16.77,41,27
41,17,NaN,17.473,41,26
41,18,NaN,12.961,41,46
41,19,NaN,15.423,41,19
41,20,NaN,12.519,41,44
41,21,NaN,18.278,41,70
41,22,NaN,15.572,41,87
41,23,NaN,20.391,41,32
41,24,NaN,18.471,41,54
41,25,NaN,19.298,41,58
41,26,NaN,18.57,41,26
41,27,NaN,14.84,41,64
41,28,NaN,13.629,41,50
41,29,NaN,16.039,41,28
41,30,NaN,14.082,41,21
41,31,NaN,8.083,41,75
41,32,NaN,12.418,41,62
41,33,NaN,13.708,41,22
41,34,NaN,10.483,41,19
41,35,NaN,8.1284,41,75
42,2,NaN,10.558,84,38
42,3,NaN,9.5317,84,34
42,4,NaN,10.078,84,42
42,5,NaN,9.1674,84,55
42,6,NaN,11.265,84,28
42,7,NaN,12.656,84,87
42,8,NaN,14.839,84,14
42,9,NaN,17.935,84,27
42,10,NaN,20.978,84,19
42,11,NaN,20.192,84,38
42,12,NaN,16.348,84,46
42,13,NaN,15.959,84,45
42,14,NaN,10.929,84,87
42,15,NaN,13.621,84,79
42,16,NaN,14.949,84,27
42,17,NaN,14.755,84,26
42,18,NaN,9.9092,84,46
42,19,NaN,12.706,84,19
42,20,NaN,11.232,84,44
42,21,NaN,16.524,84,70
42,22,NaN,14.841,84,87
42,23,NaN,18.516,84,32
42,24,NaN,17.549,84,54
42,25,NaN,18.325,84,58
42,26,NaN,18.667,84,26
42,27,NaN,14.803,84,64
42,28,NaN,12.288,84,50
42,29,NaN,16.088,84,28
42,30,NaN,15.096,84,21
42,31,NaN,7.7322,84,75
42,32,NaN,12.468,84,62
42,33,NaN,14.487,84,22
42,34,NaN,13.175,84,19
42,35,NaN,9.7068,84,75
42,36,NaN,11.92,84,26
43,2,NaN,12.554,98,38
43,3,NaN,11.568,98,34
43,4,NaN,10.825,98,42
43,5,NaN,10.292,98,55
43,6,NaN,11.847,98,28
43,7,NaN,13.574,98,87
43,8,NaN,15.04,98,14
43,9,NaN,18.116,98,27
43,10,NaN,20.545,98,19
43,11,NaN,19.368,98,38
43,12,NaN,15.67,98,46
43,13,NaN,15.548,98,45
43,14,NaN,10.165,98,87
43,15,NaN,12.895,98,79
43,16,NaN,13.708,98,27
43,17,NaN,12.627,98,26
43,18,NaN,7.4475,98,46
43,19,NaN,11.467,98,19
43,20,NaN,12.098,98,44
43,21,NaN,16.305,98,70
43,22,NaN,15.581,98,87
43,23,NaN,20.052,98,32
43,24,NaN,19.879,98,54
43,25,NaN,21.271,98,58
43,26,NaN,21.077,98,26
43,27,NaN,16.467,98,64
43,28,NaN,15.117,98,50
43,29,NaN,19.414,98,28
43,30,NaN,17.792,98,21
43,31,NaN,10.817,98,75
43,32,NaN,16.169,98,62
43,33,NaN,18.274,98,22
43,34,NaN,16.111,98,19
43,35,NaN,12.781,98,75
43,36,NaN,16.214,98,26
43,37,NaN,17.327,98,43
44,2,NaN,15.846,87,38
44,3,NaN,15.195,87,34
44,4,NaN,14.236,87,42
44,5,NaN,13.691,87,55
44,6,NaN,14.918,87,28
44,7,NaN,16.399,87,87
44,8,NaN,17.763,87,14
44,9,NaN,19.875,87,27
44,10,NaN,21.789,87,19
44,11,NaN,20.952,87,38
44,12,NaN,17.498,87,46
44,13,NaN,16.788,87,45
44,14,NaN,12.019,87,87
44,15,NaN,13.019,87,79
44,16,NaN,13.002,87,27
44,17,NaN,11.166,87,26
44,18,NaN,6.0596,87,46
44,19,NaN,10.587,87,19
44,20,NaN,12.837,87,44
44,21,NaN,16.177,87,70
44,22,NaN,16.741,87,87
44,23,NaN,20.286,87,32
44,24,NaN,20.897,87,54
44,25,NaN,22.442,87,58
44,26,NaN,23.167,87,26
44,27,NaN,18.576,87,64
44,28,NaN,16.355,87,50
44,29,NaN,21.252,87,28
44,30,NaN,20.948,87,21
44,31,NaN,13.679,87,75
44,32,NaN,18.824,87,62
44,33,NaN,21.236,87,22
44,34,NaN,19.529,87,19
44,35,NaN,16.088,87,75
44,36,NaN,19.22,87,26
44,37,NaN,20.144,87,43
44,38,NaN,16.356,87,26
45,2,NaN,17.732,53,38
45,3,NaN,16.549,53,34
45,4,NaN,15.284,53,42
45,5,NaN,13.067,53,55
45,6,NaN,13.73,53,28
45,7,NaN,14.205,53,87
45,8,NaN,16.117,53,14
45,9,NaN,17.264,53,27
45,10,NaN,18.675,53,19
45,11,NaN,17.74,53,38
45,12,NaN,14.736,53,46
45,13,NaN,13.838,53,45
45,14,NaN,9.7073,53,87
45,15,NaN,9.8358,53,79
45,16,NaN,9.7997,53,27
45,17,NaN,8.0584,53,26
45,18,NaN,3.1079,53,46
45,19,NaN,7.3442,53,19
45,20,NaN,9.7477,53,44
45,21,NaN,12.932,53,70
45,22,NaN,13.864,53,87
45,23,NaN,17.234,53,32
45,24,NaN,18.081,53,54
45,25,NaN,19.854,53,58
45,26,NaN,20.933,53,26
45,27,NaN,16.196,53,64
45,28,NaN,14.228,53,50
45,29,NaN,19.326,53,28
45,30,NaN,19.419,53,21
45,31,NaN,12.559,53,75
45,32,NaN,17.543,53,62
45,33,NaN,20.151,53,22
45,34,NaN,19.503,53,19
45,35,NaN,15.867,53,75
45,36,NaN,19.171,53,26
45,37,NaN,20.686,53,43
45,38,NaN,17.605,53,26
45,39,NaN,15.832,53,32
46,2,NaN,14.728,88,38
46,3,NaN,12.325,88,34
46,4,NaN,11.646,88,42
46,5,NaN,8.5256,88,55
46,6,NaN,9.76,88,28
46,7,NaN,10.459,88,87
46,8,NaN,12.558,88,14
46,9,NaN,14.556,88,27
46,10,NaN,16.986,88,19
46,11,NaN,16.362,88,38
46,12,NaN,12.651,88,46
46,13,NaN,11.883,88,45
46,14,NaN,7.1272,88,87
46,15,NaN,8.8377,88,79
46,16,NaN,9.9828,88,27
46,17,NaN,9.5645,88,26
46,18,NaN,4.4608,88,46
46,19,NaN,8.1135,88,19
46,20,NaN,7.655,88,44
46,21,NaN,12.342,88,70
46,22,NaN,11.436,88,87
46,23,NaN,15.681,88,32
46,24,NaN,15.293,88,54
46,25,NaN,16.862,88,58
46,26,NaN,17.074,88,26
46,27,NaN,12.338,88,64
46,28,NaN,10.623,88,50
46,29,NaN,15.35,88,28
46,30,NaN,14.637,88,21
46,31,NaN,7.7318,88,75
46,32,NaN,12.923,88,62
46,33,NaN,15.424,88,22
46,34,NaN,14.569,88,19
46,35,NaN,10.939,88,75
46,36,NaN,14.513,88,26
46,37,NaN,16.381,88,43
46,38,NaN,13.552,88,26
46,39,NaN,11.942,88,32
46,40,NaN,8.5637,88,45
47,2,NaN,16.973,36,38
47,3,NaN,15.163,36,34
47,4,NaN,14.781,36,42
47,5,NaN,12.266,36,55
47,6,NaN,13.631,36,28
47,7,NaN,14.297,36,87
47,8,NaN,16.604,36,14
47,9,NaN,18.409,36,27
47,10,NaN,21.043,36,19
47,11,NaN,20.662,36,38
47,12,NaN,16.977,36,46
47,13,NaN,15.949,36,45
47,14,NaN,11.515,36,87
47,15,NaN,12.244,36,79
47,16,NaN,12.727,36,27
47,17,NaN,11.47,36,26
47,18,NaN,6.4038,36,46
47,19,NaN,9.9413,36,19
47,20,NaN,10.694,36,44
47,21,NaN,14.76,36,70
47,22,NaN,14.65,36,87
47,23,NaN,17.371,36,32
47,24,NaN,18.134,36,54
47,25,NaN,19.182,36,58
47,26,NaN,20.157,36,26
47,27,NaN,15.779,36,64
47,28,NaN,13.321,36,50
47,29,NaN,18.015,36,28
47,30,NaN,17.77,36,21
47,31,NaN,10.474,36,75
47,32,NaN,15.167,36,62
47,33,NaN,17.441,36,22
47,34,NaN,17.093,36,19
47,35,NaN,13.172,36,75
47,36,NaN,14.618,36,26
47,37,NaN,15.367,36,43
47,38,NaN,12.857,36,26
47,39,NaN,12.11,36,32
47,40,NaN,8.2365,36,45
47,41,NaN,8.0064,36,41
48,2,NaN,19.64,59,38
48,3,NaN,17.802,59,34
48,4,NaN,17.396,59,42
48,5,NaN,14.61,59,55
48,6,NaN,15.744,59,28
48,7,NaN,15.973,59,87
48,8,NaN,18.131,59,14
48,9,NaN,19.116,59,27
48,10,NaN,21.533,59,19
48,11,NaN,21.753,59,38
48,12,NaN,18.356,59,46
48,13,NaN,16.688,59,45
48,14,NaN,12.336,59,87
48,15,NaN,12.082,59,79
48,16,NaN,10.839,59,27
48,17,NaN,8.92,59,26
48,18,NaN,4.1509,59,46
48,19,NaN,8.0759,59,19
48,20,NaN,9.9671,59,44
48,21,NaN,13.219,59,70
48,22,NaN,14.451,59,87
48,23,NaN,16.21,59,32
48,24,NaN,17.407,59,54
48,25,NaN,18.871,59,58
48,26,NaN,20.536,59,26
48,27,NaN,16.52,59,64
48,28,NaN,13.631,59,50
48,29,NaN,18.64,59,28
48,30,NaN,19.39,59,21
48,31,NaN,12.292,59,75
48,32,NaN,17.091,59,62
48,33,NaN,19.564,59,22
48,34,NaN,19.326,59,19
48,35,NaN,15.592,59,75
48,36,NaN,18.305,59,26
48,37,NaN,19.431,59,43
48,38,NaN,16.615,59,26
48,39,NaN,15.317,59,32
48,40,NaN,11.44,59,45
48,41,NaN,10.57,59,41
48,42,NaN,5.9003,59,84
49,2,NaN,19.564,64,38
49,3,NaN,17.012,64,34
49,4,NaN,15.824,64,42
49,5,NaN,12.203,64,55
49,6,NaN,12.521,64,28
49,7,NaN,11.97,64,87
49,8,NaN,14.143,64,14
49,9,NaN,15.049,64,27
49,10,NaN,17.561,64,19
49,11,NaN,17.889,64,38
49,12,NaN,14.461,64,46
49,13,NaN,12.7,64,45
49,14,NaN,8.2884,64,87
49,15,NaN,8.2633,64,79
49,16,NaN,7.739,64,27
49,17,NaN,6.6413,64,26
49,18,NaN,2.8598,64,46
49,19,NaN,4.7334,64,19
49,20,NaN,6.3077,64,44
49,21,NaN,9.5854,64,70
49,22,NaN,10.819,64,87
49,23,NaN,12.751,64,32
49,24,NaN,13.967,64,54
49,25,NaN,15.388,64,58
49,26,NaN,17.254,64,26
49,27,NaN,13.108,64,64
49,28,NaN,10.267,64,50
49,29,NaN,15.553,64,28
49,30,NaN,16.878,64,21
49,31,NaN,10.791,64,75
49,32,NaN,14.825,64,62
49,33,NaN,17.489,64,22
49,34,NaN,18.171,64,19
49,35,NaN,14.517,64,75
49,36,NaN,17.262,64,26
49,37,NaN,19.121,64,43
49,38,NaN,17.226,64,26
49,39,NaN,16.42,64,32
49,40,NaN,12.387,64,45
49,41,NaN,11.463,64,41
49,42,NaN,7.3665,64,84
49,43,NaN,6.8423,64,98
50,2,NaN,16.444,44,38
50,3,NaN,13.626,44,34
50,4,NaN,13.122,44,42
50,5,NaN,9.7857,44,55
50,6,NaN,11.165,44,28
50,7,NaN,11.668,44,87
50,8,NaN,14.582,44,14
50,9,NaN,16.578,44,27
50,10,NaN,19.755,44,19
50,11,NaN,20.378,44,38
50,12,NaN,16.6,44,46
50,13,NaN,15.111,44,45
50,14,NaN,10.678,44,87
50,15,NaN,11.48,44,79
50,16,NaN,11.012,44,27
50,17,NaN,9.8888,44,26
50,18,NaN,6.0388,44,46
50,19,NaN,7.7,44,19
50,20,NaN,7.2166,44,44
50,21,NaN,11.954,44,70
50,22,NaN,11.965,44,87
50,23,NaN,13.37,44,32
50,24,NaN,13.747,44,54
50,25,NaN,14.81,44,58
50,26,NaN,15.542,44,26
50,27,NaN,11.886,44,64
50,28,NaN,8.7145,44,50
50,29,NaN,13.274,44,28
50,30,NaN,13.186,44,21
50,31,NaN,6.0905,44,75
50,32,NaN,10.805,44,62
50,33,NaN,13.297,44,22
50,34,NaN,13.32,44,19
50,35,NaN,9.5364,44,75
50,36,NaN,12.449,44,26
50,37,NaN,14.152,44,43
50,38,NaN,11.998,44,26
50,39,NaN,11.253,44,32
50,40,NaN,7.2049,44,45
50,41,NaN,8.0629,44,41
50,42,NaN,3.984,44,84
50,43,NaN,7.0562,44,98
50,44,NaN,7.0351,44,87
51,2,NaN,21.616,51,38
51,3,NaN,19.096,51,34
51,4,NaN,18.653,51,42
51,5,NaN,15.336,51,55
51,6,NaN,16.207,51,28
51,7,NaN,16.045,51,87
51,8,NaN,18.667,51,14
51,9,NaN,20.034,51,27
51,10,NaN,22.97,51,19
51,11,NaN,23.636,51,38
51,12,NaN,20.086,51,46
51,13,NaN,18.301,51,45
51,14,NaN,13.773,51,87
51,15,NaN,14.04,51,79
51,16,NaN,13.125,51,27
51,17,NaN,11.613,51,26
51,18,NaN,7.6035,51,46
51,19,NaN,9.8722,51,19
51,20,NaN,10.262,51,44
51,21,NaN,14.087,51,70
51,22,NaN,14.19,51,87
51,23,NaN,15.063,51,32
51,24,NaN,16.391,51,54
51,25,NaN,17.245,51,58
51,26,NaN,18.845,51,26
51,27,NaN,15.711,51,64
51,28,NaN,11.751,51,50
51,29,NaN,16.533,51,28
51,30,NaN,17.615,51,21
51,31,NaN,11.19,51,75
51,32,NaN,14.987,51,62
51,33,NaN,17.426,51,22
51,34,NaN,18.276,51,19
51,35,NaN,14.198,51,75
51,36,NaN,15.813,51,26
51,37,NaN,17.794,51,43
51,38,NaN,16.113,51,26
51,39,NaN,15.708,51,32
51,40,NaN,11.47,51,45
51,41,NaN,12.644,51,41
51,42,NaN,7.3004,51,84
51,43,NaN,8.9808,51,98
51,44,NaN,7.7944,51,87
51,45,NaN,6.8217,51,53
52,2,NaN,19.908,47,38
52,3,NaN,17.45,47,34
52,4,NaN,17.652,47,42
52,5,NaN,14.09,47,55
52,6,NaN,15.928,47,28
52,7,NaN,15.333,47,87
52,8,NaN,18.68,47,14
52,9,NaN,20.675,47,27
52,10,NaN,23.779,47,19
52,11,NaN,25.619,47,38
