73,58,5.7781,4.2969,19,21
121,13,5.5715,3.9301,71,45
116,10,4.9506,4.6292,30,19
152,140,4.6972,3.8648,16,16
92,38,4.3262,3.8756,30,26
150,143,4.3072,3.7201,13,22
154,135,4.1562,2.8553,18,19
154,114,3.9012,2.6505,18,17
152,138,3.7808,3.9466,16,25
107,4,3.7783,3.426,41,42
56,36,3.656,4.0451,39,26
151,141,3.6376,2.6519,39,21
94,59,3.6366,6.4672,50,57
155,109,3.6219,3.5351,20,21
147,141,3.5549,7.1491,40,21
125,6,3.4428,3.9738,75,28
57,35,3.4384,2.9038,82,75
152,116,3.4264,6.0619,16,30
149,143,3.401,3.477,22,22
98,64,3.4004,10.908,26,51
111,3,3.3976,3.6142,41,34
72,47,3.3748,3.793,50,36
150,144,3.3377,6.2814,13,38
61,47,3.3361,3.9393,74,36
59,40,3.2929,3.7487,57,45
112,8,3.2841,4.2008,35,14
154,138,3.2815,4.1678,18,25
59,52,3.2812,4.5306,57,47
81,62,3.2787,4.142,51,46
59,53,3.2608,3.5634,57,62
155,137,3.2482,3.0315,20,24
150,142,3.2298,3.7699,13,14
99,62,3.2189,4.7044,38,46
151,26,3.2167,3.1406,39,26
155,111,3.2002,3.9025,20,41
84,75,3.1842,3.9534,21,35
59,50,3.1779,6.2515,57,44
124,13,3.146,3.8456,31,45
150,140,3.1459,3.8491,13,16
58,39,3.1351,3.5229,21,32
103,78,3.0922,4.197,35,29
155,30,3.085,3.7776,20,21
90,3,3.0824,2.6801,33,34
125,8,3.0694,3.9401,75,14
99,93,3.0541,3.9852,38,41
152,141,3.0321,4.8073,16,21
125,4,3.0175,4.2167,75,42
103,93,3.0126,3.694,35,41
50,42,3.0117,3.984,44,84
157,136,3.0091,4.1263,27,37
149,142,2.9867,4.5779,22,14
120,16,2.9822,3.5685,45,27
28,20,2.9807,5.3407,50,44
90,38,2.9685,2.744,33,26
96,14,2.9603,4.3383,97,87
128,110,2.9584,4.4301,21,48
150,141,2.9574,3.0205,13,21
109,3,2.9344,3.0501,21,34
96,43,2.9233,4.0166,97,98
94,31,2.9178,3.8961,50,75
147,26,2.8961,2.9864,40,26
23,5,2.8791,14.678,32,55
57,31,2.8769,3.6084,82,75
14,6,2.8497,5.312,87,28
59,42,2.8475,3.9735,57,84
136,130,2.8428,10.372,37,25
111,92,2.8227,3.7415,41,30
37,29,2.8121,10.966,43,28
114,8,2.7964,3.4761,17,14
118,10,2.7952,4.2752,25,19
111,90,2.7933,2.5631,41,33
150,116,2.7929,2.929,13,30
91,41,2.7921,3.4168,38,41
156,135,2.7879,3.2772,32,19
157,109,2.7754,3.9265,27,21
100,4,2.7332,3.6994,60,42
111,34,2.7322,3.4594,41,19
21,13,2.7311,5.9822,70,45
155,149,2.7298,16.797,20,22
137,130,2.7288,12.716,24,25
119,9,2.7202,4.7738,26,27
49,20,2.717,6.3077,64,44
95,43,2.6942,2.7274,98,98
125,92,2.6865,10.665,75,30
52,23,2.6852,12.107,47,32
152,143,2.6818,8.8644,16,22
113,94,2.681,11.599,78,50
100,6,2.6731,3.1709,60,28
35,29,2.6627,6.9019,75,28
60,54,2.6588,8.2316,47,80
152,142,2.6475,7.4137,16,14
88,39,2.6468,3.8651,15,32
149,141,2.6425,4.8547,22,21
103,4,2.6313,4.0045,35,42
111,30,2.6307,4.1135,41,21
113,57,2.6114,13.28,78,82
81,59,2.6084,8.5289,51,57
76,66,2.6008,4.2501,18,24
94,57,2.5989,7.1571,50,82
49,42,2.5982,7.3665,64,84
115,24,2.5855,3.5495,60,54
151,142,2.5809,4.1883,39,14
20,5,2.5793,8.672,44,55
152,139,2.5644,3.5876,16,32
157,149,2.5625,23.138,27,22
112,6,2.5618,3.4,35,28
158,152,2.5581,16.427,45,16
151,143,2.5508,5.2153,39,22
155,143,2.5385,18.185,20,22
106,79,2.5382,5.4828,21,34
115,22,2.5303,3.6299,60,87
54,42,2.5281,5.3388,80,84
24,16,2.5278,13.838,54,27
157,150,2.5187,20.589,27,13
81,75,2.5151,3.6377,51,35
54,35,2.5064,5.3466,80,75
152,144,2.5039,11.344,16,38
152,146,2.5014,13.254,16,25
100,14,2.4966,3.7947,60,87
121,9,2.4964,8.051,71,27
157,147,2.4885,23.754,27,40
75,60,2.4807,3.7824,35,47
137,131,2.4718,13.957,24,17
28,15,2.4699,12.828,50,79
92,3,2.4661,3.5751,30,34
34,28,2.4645,7.0855,19,50
117,10,2.4627,3.0361,27,19
74,67,2.462,3.3422,38,14
157,142,2.4606,22.278,27,14
146,140,2.4579,13.423,25,16
118,11,2.4519,6.8524,25,38
94,20,2.4481,7.5603,50,44
100,94,2.447,3.2034,60,50
113,100,2.4326,8.9502,78,60
15,7,2.4318,6.2429,79,87
88,58,2.4307,7.4867,15,21
113,54,2.4304,14.193,78,80
110,8,2.4298,8.2287,48,14
115,49,2.4272,14.658,60,64
74,68,2.4272,3.6443,38,12
152,145,2.4159,14.583,16,30
53,42,2.4156,6.7506,62,84
142,86,2.4116,36.666,14,22
109,90,2.4097,4.2292,21,33
74,66,2.4043,4.9309,38,24
36,30,2.4042,7.0574,26,21
142,130,2.3952,23.706,14,25
157,145,2.395,29.774,27,30
155,146,2.3939,21.045,20,25
117,9,2.3931,3.3918,27,27
98,45,2.3926,6.2948,26,53
142,132,2.3817,26.496,14,17
151,144,2.3788,4.9357,39,38
100,57,2.3774,12.262,60,82
84,58,2.3658,2.6344,21,21
57,27,2.3592,9.3364,82,64
59,49,2.3562,10.525,57,64
49,18,2.3557,2.8598,64,46
63,48,2.3513,7.1901,50,59
64,44,2.3496,6.4025,51,87
55,32,2.348,5.384,73,62
154,147,2.3465,13.981,18,40
121,21,2.3438,6.3714,71,70
157,144,2.3427,26.068,27,38
141,132,2.3355,23.023,21,17
57,25,2.3323,11.62,82,58
57,50,2.3283,8.4806,82,44
154,143,2.3258,14.768,18,22
15,5,2.3241,11.252,79,55
150,137,2.3221,13.503,13,24
59,51,2.3165,8.3437,57,51
140,132,2.3133,20.577,16,17
154,142,2.3064,12.616,18,14
56,37,2.3043,2.8886,39,43
157,143,2.3042,24.663,27,22
60,41,2.3028,3.4108,47,41
102,78,2.301,3.5089,28,29
36,29,2.3006,7.813,26,28
31,24,2.2979,7.7299,75,54
37,23,2.2961,21.6,43,32
132,83,2.2951,23.622,17,26
132,87,2.2915,24.09,17,19
114,12,2.2869,7.6687,17,46
158,132,2.286,3.513,45,17
81,60,2.2856,4.2442,51,47
36,23,2.2821,18.049,26,32
113,6,2.2794,3.0587,78,28
130,68,2.2775,37.033,25,12
139,131,2.2761,18.655,32,17
84,73,2.2747,4.4402,21,19
114,10,2.2726,6.7341,17,19
157,134,2.2641,2.7696,27,27
122,21,2.2615,7.9526,75,70
140,130,2.2605,18.672,16,25
35,28,2.2595,7.1344,75,50
142,131,2.2577,26.067,14,17
57,32,2.2576,3.8906,82,62
35,15,2.2575,17.018,75,79
139,132,2.2575,17.95,32,17
83,68,2.2534,18.198,26,12
51,27,2.2519,15.711,51,64
140,131,2.2503,20.725,16,17
23,15,2.249,11.327,32,79
106,78,2.2475,4.3879,21,29
150,139,2.2449,8.0758,13,32
23,16,2.2427,11.658,32,27
122,18,2.2382,4.6241,75,46
143,132,2.2299,28.6,22,17
130,114,2.2298,10.399,25,17
144,26,2.2288,6.5265,38,26
31,5,2.2258,3.8761,75,55
116,108,2.2251,23.088,30,57
146,137,2.2246,17.94,25,24
155,138,2.2244,5.0917,20,25
87,68,2.2236,23.387,19,12
115,7,2.223,4.3235,60,87
155,140,2.2223,9.789,20,16
76,69,2.2217,11.887,18,16
155,144,2.2209,19.357,20,38
128,120,2.217,18.088,21,45
44,14,2.217,12.019,87,87
94,42,2.2158,3.6712,50,84
154,140,2.2154,7.3672,18,16
128,8,2.2153,5.3709,21,14
156,149,2.2149,19.336,32,22
141,130,2.2136,20.867,21,25
137,118,2.2131,21.075,24,25
49,32,2.2094,14.825,64,62
154,146,2.2086,17.76,18,25
49,24,2.2051,13.967,64,54
73,67,2.2047,6.9738,19,14
132,66,2.2035,33.886,17,24
127,12,2.2003,3.5046,27,46
71,55,2.1974,8.8969,46,73
157,118,2.197,25.096,27,25
149,119,2.1969,7.1627,22,26
21,15,2.196,4.7962,70,79
57,49,2.1954,13.062,82,64
140,106,2.1941,25.691,16,21
57,40,2.1915,3.9334,82,45
125,100,2.1908,3.8068,75,60
143,137,2.1906,15.878,22,24
103,81,2.1904,4.3215,35,51
59,47,2.1886,4.8328,57,36
22,12,2.1884,7.4701,87,46
55,31,2.1859,8.0012,73,75
67,48,2.1842,9.5926,14,59
49,28,2.1833,10.267,64,50
158,151,2.183,20.416,45,39
57,28,2.1804,6.8278,82,50
138,132,2.1801,15.035,25,17
149,117,2.1793,3.8378,22,27
63,44,2.1769,3.6638,50,87
138,131,2.1756,15.269,25,17
152,137,2.1742,6.5778,16,24
60,39,2.1724,4.2996,47,32
135,129,2.1723,9.7302,19,37
54,5,2.1722,8.4625,80,55
75,67,2.172,6.9845,35,14
35,20,2.1713,11.95,75,44
153,138,2.1711,3.2928,46,25
142,106,2.1686,30.819,14,21
106,84,2.1658,11.857,21,21
115,25,2.1648,8.6597,60,58
100,52,2.1646,14.497,60,47
143,131,2.1637,27.92,22,17
140,87,2.1633,31.643,16,19
86,68,2.1632,19.895,22,12
86,66,2.1631,19.581,22,24
156,141,2.1624,14.603,32,21
149,140,2.1622,7.3814,22,16
152,135,2.1601,7.8579,16,19
141,116,2.1598,7.3523,21,30
22,15,2.1594,5.0977,87,79
154,145,2.1585,19.705,18,30
154,141,2.1551,8.2148,18,21
157,86,2.1504,19.085,27,22
123,97,2.1504,3.82,45,40
51,24,2.1486,16.391,51,54
96,7,2.1475,9.6781,97,87
90,84,2.1454,10.21,33,21
113,27,2.1439,2.8587,78,64
107,38,2.1436,13.048,41,26
94,40,2.1435,4.0856,50,45
130,66,2.1421,35.569,25,24
32,24,2.142,9.2684,62,54
153,30,2.1404,3.7212,46,21
31,25,2.14,6.967,75,58
113,59,2.1396,18.698,78,57
145,139,2.1385,15.239,30,32
113,96,2.1384,13.918,78,97
139,130,2.1367,16.578,32,25
142,88,2.1354,32.8,14,15
32,23,2.1335,13.238,62,32
92,5,2.1332,3.9719,30,55
35,23,2.1329,16.48,75,32
126,120,2.1311,14.831,75,45
124,114,2.1297,11.956,31,17
90,39,2.1286,3.5862,33,32
123,32,2.1262,19.326,45,62
122,56,2.1261,27.115,75,39
147,117,2.1256,9.8137,40,27
28,21,2.1255,10.585,50,70
137,128,2.1252,10.483,24,21
150,134,2.1246,19.975,13,27
83,76,2.1243,9.6727,26,18
122,115,2.1233,13.996,75,60
142,117,2.1217,11.208,14,27
106,83,2.1214,9.2708,21,26
101,68,2.1212,22.762,18,12
52,42,2.1187,6.2601,47,84
130,88,2.1176,24.64,25,15
89,38,2.117,6.9307,21,26
65,44,2.1162,6.0075,23,87
155,141,2.1161,11.191,20,21
157,146,2.1153,27.551,27,25
155,145,2.1153,23.101,20,30
135,114,2.1146,7.467,19,17
140,117,2.1137,9.9336,16,27
35,22,2.1131,14.195,75,87
149,139,2.1125,10.092,22,32
138,114,2.112,6.5925,25,17
106,82,2.1116,3.9993,21,45
21,14,2.1115,5.5477,70,87
54,31,2.1107,3.7908,80,75
136,109,2.109,6.1347,37,21
96,15,2.1087,8.302,97,79
123,21,2.1069,8.5488,45,70
142,87,2.1066,36.258,14,19
157,137,2.1065,7.1805,27,24
74,65,2.1065,4.6108,38,23
144,137,2.1061,15.679,38,24
155,84,2.1045,22.675,20,21
141,131,2.1038,23.083,21,17
149,137,2.1035,15.252,22,24
142,68,2.0988,38.992,14,12
122,32,2.098,21.793,75,62
113,49,2.0958,16.302,78,64
87,69,2.0951,20.602,19,16
115,23,2.0949,6.8246,60,32
145,134,2.0938,29.334,30,27
155,147,2.0908,17.259,20,40
94,44,2.0903,9.3291,50,87
75,58,2.0894,7.8851,35,21
157,140,2.0885,16.002,27,16
127,86,2.0874,26.541,27,22
57,44,2.0863,15.421,82,87
146,139,2.0856,13.385,25,32
84,66,2.0847,13.941,21,24
113,56,2.0845,18.922,78,39
155,142,2.0842,15.797,20,14
94,5,2.0837,3.6641,50,55
145,87,2.0832,39.074,30,19
140,127,2.0826,20.881,16,27
144,134,2.0819,25.655,38,27
131,87,2.0811,28.288,17,19
88,74,2.0809,15.712,15,38
22,7,2.0796,3.794,87,87
131,68,2.079,39.157,17,12
154,117,2.0777,14.3,18,27
54,23,2.0758,14.176,80,32
64,45,2.0756,9.287,51,53
63,57,2.0749,16.253,50,82
79,69,2.0748,18.011,34,16
140,116,2.0748,6.568,16,30
95,27,2.0746,12.309,98,64
126,101,2.0738,3.6836,75,18
156,144,2.073,22.681,32,38
141,135,2.0728,13.052,21,19
73,66,2.0727,8.6799,19,24
100,59,2.0693,13.551,60,57
150,117,2.0692,5.518,13,27
49,27,2.0686,13.108,64,64
19,13,2.0626,7.2945,19,45
95,61,2.0617,7.859,98,74
154,144,2.0606,16.119,18,38
67,55,2.0601,18.16,14,73
125,3,2.059,8.2646,75,34
111,94,2.0589,8.7383,41,50
95,46,2.0582,3.5513,98,88
133,110,2.058,3.7416,48,48
42,15,2.0571,13.621,84,79
96,59,2.0568,12.448,97,57
143,88,2.0567,34.269,22,15
76,67,2.0558,5.8886,18,14
101,94,2.0558,9.0487,18,50
147,131,2.0548,28.894,40,17
143,86,2.0532,38.075,22,22
113,5,2.0531,6.108,78,55
106,98,2.053,10.569,21,26
103,95,2.0528,7.1917,35,98
46,40,2.0517,8.5637,88,45
145,86,2.0514,39.254,30,22
134,101,2.0505,17.302,27,18
24,7,2.0502,6.6498,54,87
52,35,2.0493,10.281,47,75
122,113,2.0493,15.372,75,78
118,68,2.0478,33.083,25,12
142,134,2.0472,21.264,14,27
121,107,2.0469,22.988,71,41
141,127,2.0465,22.781,21,27
88,68,2.0457,22.815,15,12
150,130,2.0452,20.287,13,25
145,132,2.0443,34.406,30,17
153,139,2.0441,2.899,46,32
147,138,2.044,15.497,40,25
88,65,2.0427,22.198,15,23
92,34,2.0425,3.879,30,19
12,6,2.0408,8.0479,46,28
105,67,2.0401,24.818,43,14
158,141,2.0392,21.233,45,21
157,141,2.0392,17.854,27,21
145,131,2.0392,34.185,30,17
96,46,2.0389,2.9318,97,88
143,117,2.0385,9.7423,22,27
131,84,2.0385,29.467,17,21
31,20,2.0379,7.8825,75,44
27,21,2.0375,10.362,64,70
100,93,2.0371,3.7219,60,41
34,5,2.037,4.1295,19,55
86,80,2.0361,7.0368,22,35
147,140,2.0355,10.268,40,16
141,2,2.0352,22.411,21,38
153,145,2.0352,13.704,46,30
96,42,2.0346,5.0976,97,84
35,24,2.034,12.943,75,54
27,20,2.0339,6.3581,64,44
94,49,2.0338,8.3148,50,64
155,130,2.0334,10.529,20,25
140,66,2.0334,40.648,16,24
105,66,2.0323,24.208,43,24
122,27,2.0317,16.247,75,64
28,22,2.0317,6.939,50,87
158,146,2.0313,30.426,45,25
59,39,2.0313,5.6162,57,32
122,49,2.0305,9.8728,75,64
61,43,2.0299,4.1529,74,98
83,77,2.0296,6.791,26,61
84,68,2.0296,14.629,21,12
105,76,2.0292,16.021,43,18
38,12,2.0291,22.027,26,46
24,18,2.0289,14.418,54,46
113,14,2.0286,7.7943,78,87
101,95,2.0284,7.2101,18,98
81,41,2.0273,4.173,51,41
87,70,2.0263,19.002,19,36
143,68,2.0256,38.763,22,12
82,76,2.0254,8.5219,45,18
57,51,2.0249,11.959,82,51
143,87,2.0242,37.882,22,19
98,88,2.0236,19.772,26,15
57,24,2.023,12.745,82,54
127,106,2.0227,12.107,27,21
139,2,2.0213,19.318,32,38
124,118,2.0205,10.542,31,25
149,134,2.0183,22.675,22,27
100,75,2.0183,12.792,60,35
157,139,2.0181,12.908,27,32
149,135,2.0175,18.601,22,19
69,58,2.0154,11.152,16,21
130,12,2.0152,9.4166,25,46
129,89,2.0149,20.779,37,21
132,68,2.0141,35.927,17,12
71,56,2.0141,9.4556,46,39
142,108,2.0135,25.772,14,57
87,80,2.0131,10.472,19,35
140,129,2.0128,20.817,16,37
113,23,2.0126,9.7971,78,32
89,76,2.0121,20.701,21,18
153,144,2.012,9.9506,46,38
121,38,2.0119,27.631,71,26
134,66,2.0118,36.998,27,24
137,106,2.0114,18.332,24,21
89,73,2.0111,16.322,21,19
144,131,2.0104,30.835,38,17
74,63,2.0103,4.0018,38,50
57,15,2.0102,18.335,82,79
142,135,2.0091,16.586,14,19
143,66,2.0084,40.799,22,24
35,27,2.0078,8.6025,75,64
122,67,2.0066,23.698,75,14
132,106,2.0063,10.236,17,21
64,43,2.0063,8.5254,51,98
127,68,2.0062,30.146,27,12
83,66,2.0055,17.111,26,24
33,25,2.0049,9.0585,22,58
51,31,2.0029,11.19,51,75
134,68,2.0027,37.219,27,12
115,27,2.0018,5.0699,60,64
158,142,2.0012,25.617,45,14
136,68,2.0007,36.941,37,12
117,89,2.0004,30.955,27,21
143,136,2.0002,21.062,22,37
143,135,2.0002,19.293,22,19
93,46,2.0001,8.051,41,88
143,106,1.999,32.339,22,21
66,16,1.9979,22.998,24,27
91,85,1.9977,3.9348,38,31
138,130,1.9972,13.242,25,25
19,12,1.9972,10.643,19,46
155,139,1.996,6.7774,20,32
119,13,1.9959,3.3117,26,45
38,13,1.9952,21.733,26,45
79,71,1.9949,18.229,34,46
136,127,1.9946,17.138,37,27
142,85,1.9945,33.096,14,31
113,24,1.994,5.2488,78,54
117,68,1.9938,32.778,27,12
122,24,1.9937,17.076,75,54
122,94,1.9913,13.254,75,50
140,89,1.9911,25.2,16,21
115,52,1.9904,17.528,60,47
134,106,1.9899,13.513,27,21
155,34,1.9893,5.27,20,19
100,49,1.9884,10.252,60,64
116,107,1.9879,22.709,30,41
142,119,1.9876,16.859,14,26
84,76,1.9871,8.1957,21,18
71,28,1.9868,17.766,46,50
29,5,1.9867,7.7806,28,55
157,130,1.9865,7.3501,27,25
131,88,1.9859,24.645,17,15
142,116,1.9858,8.091,14,30
142,84,1.9857,36.99,14,21
84,70,1.9848,12.599,21,36
100,13,1.9843,8.5163,60,45
151,137,1.9832,9.7043,39,24
14,7,1.9828,3.7185,87,87
113,93,1.982,10.894,78,41
113,50,1.9811,14.731,78,44
128,104,1.9804,3.8977,21,57
79,67,1.9794,15.789,34,14
142,136,1.979,18.055,14,37
107,88,1.9788,12.493,41,15
50,27,1.9787,11.886,44,64
69,53,1.9785,5.5544,16,62
140,103,1.9784,25.106,16,35
118,86,1.978,37.385,25,22
154,137,1.9774,3.3239,18,24
149,10,1.9767,8.5959,22,19
88,38,1.976,6.4726,15,26
55,28,1.975,10.521,73,50
143,134,1.9748,23.829,22,27
89,58,1.9739,11.317,21,21
113,42,1.9737,16.337,78,84
99,92,1.9731,7.8189,38,30
87,74,1.9724,15.866,19,38
130,8,1.9723,11.64,25,14
86,73,1.9712,9.2661,22,19
128,67,1.9711,30.7,21,14
123,116,1.971,14.204,45,30
115,28,1.9709,8.3809,60,50
42,35,1.9708,9.7068,84,75
92,40,1.9703,3.1324,30,45
46,31,1.9698,7.7318,88,75
30,24,1.9696,6.8919,21,54
98,84,1.968,17.042,26,21
130,83,1.968,26.944,25,26
145,135,1.9679,25.134,30,19
59,15,1.9675,18.604,57,79
115,32,1.9673,13.253,60,62
93,2,1.9663,4.0681,41,38
108,9,1.9662,20.036,57,27
132,120,1.9661,26.969,17,45
94,50,1.9654,4.3653,50,44
147,119,1.9649,13.646,40,26
57,7,1.964,13.177,82,87
129,67,1.964,33.247,37,14
119,89,1.9633,31.035,26,21
154,130,1.9633,9.4158,18,25
76,68,1.963,9.5721,18,12
83,17,1.9623,28.431,26,26
137,68,1.9617,35.871,24,12
49,5,1.9613,12.203,64,55
153,146,1.9607,11.273,46,25
113,20,1.96,9.5829,78,44
63,54,1.9595,15.688,50,80
121,110,1.959,20.038,71,48
106,90,1.959,10.232,21,33
155,3,1.9582,7.5107,20,34
86,76,1.9582,13.516,22,18
80,68,1.9581,12.717,35,12
49,31,1.9572,10.791,64,75
29,23,1.9564,9.3819,28,32
54,14,1.956,14.278,80,87
146,135,1.955,23.992,25,19
127,83,1.9548,23.98,27,26
144,130,1.9544,28.35,38,25
88,66,1.9538,23.016,15,24
40,31,1.9531,5.478,45,75
69,47,1.9528,3.834,16,36
106,69,1.9518,23.706,21,16
158,150,1.9515,23.509,45,13
102,84,1.9506,14.302,28,21
91,82,1.9504,4.2644,38,45
117,106,1.9503,26.469,27,21
137,76,1.9499,32.276,24,18
119,84,1.9499,31.626,26,21
152,114,1.9496,2.7583,16,17
113,40,1.9488,14.56,78,45
86,67,1.9488,18.436,22,14
157,132,1.9484,4.1828,27,17
116,86,1.9481,34.116,30,22
122,55,1.9481,23.836,75,73
111,105,1.948,12.467,41,43
62,48,1.9472,8.7386,46,59
129,120,1.947,22.194,37,45
145,130,1.9466,31.746,30,25
30,14,1.9465,12.788,21,87
118,103,1.9461,25.471,25,35
94,52,1.9457,8.2583,50,47
130,112,1.9456,9.3874,25,35
105,84,1.9451,17.004,43,21
88,69,1.9446,19.811,15,16
122,51,1.9438,15.651,75,51
75,66,1.9433,7.6072,35,24
132,105,1.9429,8.4271,17,43
158,144,1.9426,29.302,45,38
146,86,1.9416,34.518,25,22
132,118,1.9415,26.185,17,25
111,59,1.9412,16.307,41,57
118,66,1.9412,34.29,25,24
123,56,1.941,24.414,45,39
79,66,1.9409,15.806,34,24
103,62,1.9406,3.9218,35,46
146,119,1.9404,15.097,25,26
37,30,1.9401,10.534,43,21
144,135,1.9389,21.56,38,19
129,105,1.9388,9.424,37,43
27,15,1.9386,11.306,64,79
105,83,1.9384,14.674,43,26
144,136,1.9383,22.165,38,37
113,7,1.9383,3.6406,78,87
107,12,1.9379,14.646,41,46
31,23,1.9378,11.498,75,32
90,68,1.9373,23.355,33,12
149,138,1.9371,14.206,22,25
149,131,1.9371,25.894,22,17
146,132,1.9364,32.232,25,17
141,129,1.9361,22.953,21,37
83,65,1.9358,16.042,26,23
145,138,1.9358,19.482,30,25
106,89,1.9346,10.088,21,21
146,88,1.9342,30.772,25,15
24,5,1.9339,11.085,54,55
51,32,1.9339,14.987,51,62
127,67,1.9331,29.218,27,14
130,108,1.9329,11.134,25,57
150,132,1.9326,23.805,13,17
157,68,1.9324,34.574,27,12
136,118,1.9317,24.434,37,25
127,76,1.9316,22.248,27,18
51,45,1.9312,6.8217,51,53
101,76,1.9308,14.006,18,18
124,68,1.93,25.016,31,12
146,131,1.9299,32.337,25,17
73,19,1.9299,20.164,19,19
103,96,1.9296,7.6181,35,97
120,54,1.9289,22.827,45,80
143,73,1.9288,35.867,22,19
55,27,1.9285,13.583,73,64
155,135,1.9285,3.515,20,19
147,130,1.928,26.674,40,25
129,66,1.9277,32.656,37,24
127,88,1.9277,25.093,27,15
151,140,1.9272,3.4969,39,16
130,124,1.9267,14.64,25,31
35,5,1.9265,4.3412,75,55
59,31,1.9264,8.335,57,75
106,16,1.9263,23.859,21,27
22,16,1.9261,6.8897,87,27
140,88,1.9259,28.376,16,15
140,68,1.9255,39.745,16,12
130,3,1.9255,15.724,25,34
132,109,1.9255,8.8112,17,21
23,6,1.9252,12.74,32,28
69,52,1.9252,6.5639,16,47
132,73,1.9248,29.377,17,19
20,14,1.9243,3.9231,44,87
102,66,1.9238,15.222,28,24
152,10,1.9236,10.451,16,19
16,8,1.9221,10.634,27,14
135,58,1.9219,26.247,19,21
146,138,1.9218,18.848,25,25
71,57,1.9205,6.6994,46,82
127,101,1.9202,6.961,27,18
130,84,1.9201,28.9,25,21
134,87,1.9201,23.759,27,19
64,57,1.92,19.594,51,82
130,51,1.9195,31.428,25,51
110,104,1.9192,3.9863,48,57
132,86,1.9164,23.443,17,22
141,117,1.9159,10.183,21,27
133,121,1.9156,22.481,48,71
150,86,1.9153,34.366,13,22
83,73,1.9153,8.0783,26,19
150,10,1.9152,8.6524,13,19
149,68,1.9147,33.087,22,12
131,76,1.9147,30.166,17,18
102,88,1.9145,16.656,28,15
67,27,1.9145,27.528,14,64
139,106,1.9145,22.889,32,21
141,87,1.9144,30.248,21,19
154,84,1.9131,24.606,18,21
85,65,1.9126,16.394,31,23
142,118,1.9125,14.078,14,25
98,87,1.9125,22.466,26,19
113,35,1.9119,10.424,78,75
109,19,1.911,21.268,21,19
126,25,1.9109,22.021,75,58
52,37,1.9103,13.352,47,43
144,138,1.9098,15.663,38,25
154,131,1.9091,11.442,18,17
106,88,1.9086,11.654,21,15
153,143,1.9086,10.896,46,22
98,38,1.9085,18.924,26,26
37,31,1.9083,8.2968,43,75
32,25,1.9083,7.9335,62,58
50,23,1.9082,13.37,44,32
29,20,1.908,10.26,28,44
32,26,1.9073,7.2168,62,26
84,48,1.9072,17.585,21,59
150,118,1.9069,8.8505,13,25
143,130,1.9062,25.389,22,25
141,26,1.9057,6.303,21,26
108,89,1.9055,8.1876,57,21
106,4,1.9053,6.2666,21,42
83,75,1.904,6.9249,26,35
141,69,1.9033,33.632,21,16
142,12,1.9031,18.952,14,46
113,46,1.903,14.57,78,88
117,84,1.9026,34.23,27,21
10,4,1.9025,16.58,19,42
81,53,1.9023,15.887,51,62
68,26,1.9017,29.988,12,26
142,83,1.9017,38.085,14,26
138,89,1.9012,20.12,25,21
126,111,1.9008,10.822,75,41
51,25,1.9007,17.245,51,58
106,76,1.9006,12.841,21,18
56,49,1.9004,16.283,39,64
129,114,1.9,11.783,37,17
118,84,1.8999,35.823,25,21
88,76,1.8999,17.177,15,18
100,53,1.8991,15.689,60,62
145,106,1.8991,36.234,30,21
31,17,1.8991,17.113,75,26
58,51,1.8986,13.389,21,51
80,66,1.8977,9.907,35,24
102,65,1.8973,12.063,28,23
65,58,1.8968,15.846,23,21
147,88,1.8966,28.824,40,15
141,3,1.8965,19.179,21,34
87,66,1.8959,23.201,19,24
122,6,1.8958,13.419,75,28
101,79,1.8954,12.046,18,34
86,70,1.8945,16.21,22,36
101,93,1.8944,6.9127,18,41
140,119,1.8943,15.901,16,26
49,35,1.8936,14.517,64,75
117,111,1.8933,15.622,27,41
131,106,1.8933,14.402,17,21
132,90,1.8933,15.071,17,33
42,36,1.8932,11.92,84,26
112,12,1.8928,7.9952,35,46
86,3,1.892,11.906,22,34
55,45,1.8911,15.68,73,53
136,73,1.8911,29.401,37,19
132,116,1.8902,22.768,17,30
67,25,1.89,30.306,14,58
132,124,1.8899,16.76,17,31
88,2,1.8897,7.3808,15,38
153,147,1.8896,7.4711,46,40
141,114,1.8895,7.1142,21,17
118,89,1.8893,33.251,25,21
59,35,1.8892,8.3545,57,75
76,65,1.8888,4.6007,18,23
95,57,1.8888,12.004,98,82
76,70,1.8888,11.482,18,36
115,57,1.8884,16.531,60,82
57,42,1.8879,7.9102,82,84
65,48,1.8878,8.4579,23,59
120,17,1.887,6.5771,45,26
131,70,1.8868,40.076,17,36
30,23,1.8862,11.237,21,32
129,68,1.886,34.439,37,12
152,84,1.8858,28.992,16,21
75,69,1.8853,9.1765,35,16
154,124,1.8853,14.94,18,31
106,86,1.8852,12.483,21,22
122,35,1.8851,21.054,75,75
122,23,1.885,15.181,75,32
147,137,1.8848,14.968,40,24
45,16,1.8845,9.7997,53,27
122,28,1.8844,17.125,75,50
62,54,1.8841,12.386,46,80
106,65,1.8839,19.371,21,23
153,142,1.8839,9.1525,46,14
118,33,1.8835,23.991,25,22
134,83,1.8835,25.408,27,26
157,88,1.8834,14.71,27,15
152,130,1.8833,15.222,16,25
149,86,1.8831,35.41,22,22
130,67,1.8826,35.978,25,14
155,66,1.8823,33.141,20,24
42,20,1.8819,11.232,84,44
145,137,1.8814,19.894,30,24
142,127,1.8813,25.217,14,27
136,88,1.8804,18.447,37,15
145,88,1.88,35.502,30,15
150,12,1.8799,12.673,13,46
144,116,1.8797,10.237,38,30
137,117,1.8791,17.91,24,27
143,118,1.8785,11.997,22,25
140,134,1.8781,14.778,16,27
139,66,1.8778,38.518,32,24
62,41,1.8774,4.1307,46,41
51,8,1.8773,18.667,51,14
137,74,1.8773,31.297,24,38
29,18,1.8772,17.881,28,46
79,55,1.877,21.952,34,73
52,26,1.8768,14.524,47,26
47,22,1.8765,14.65,36,87
58,36,1.8762,7.494,21,26
108,73,1.8758,21.107,57,19
103,83,1.8755,7.9818,35,26
134,127,1.8753,13.243,27,27
122,45,1.875,9.125,75,53
106,68,1.875,24.054,21,12
19,10,1.8737,12.054,19,19
141,108,1.8732,20.978,21,57
89,79,1.8727,14.586,21,34
137,127,1.8727,17.596,24,27
113,41,1.8724,15.334,78,41
85,41,1.8724,3.8725,31,41
149,87,1.8723,35.472,22,19
50,6,1.8715,11.165,44,28
151,145,1.8701,8.7009,39,30
105,16,1.8701,21.382,43,27
118,73,1.8699,32.244,25,19
115,62,1.8698,23.481,60,46
150,68,1.8696,35.902,13,12
79,68,1.8694,18.395,34,12
49,23,1.8693,12.751,64,32
117,76,1.8692,32.645,27,18
94,23,1.8689,15.733,50,32
105,87,1.8675,18.487,43,19
143,108,1.8672,27.903,22,57
118,9,1.8671,5.3245,25,27
134,73,1.8671,29.905,27,19
130,19,1.8669,24.69,25,19
24,14,1.8666,11.372,54,87
54,15,1.8665,16.023,80,79
57,21,1.8664,18.235,82,70
32,7,1.8659,10.584,62,87
158,85,1.8657,17.026,45,31
117,86,1.8657,35.257,27,22
45,29,1.8653,19.326,53,28
35,21,1.8645,18.283,75,70
52,5,1.8644,14.09,47,55
88,47,1.8644,18.628,15,36
16,10,1.8643,10.557,27,19
137,75,1.864,28.814,24,35
55,49,1.8639,12.286,73,64
58,38,1.8633,3.6338,21,26
45,19,1.8624,7.3442,53,19
87,79,1.8621,10.94,19,34
101,83,1.8621,16.135,18,26
158,145,1.8613,32.945,45,30
150,135,1.8612,15.783,13,19
98,68,1.861,18.686,26,12
115,15,1.8607,9.6493,60,79
113,51,1.8604,19.297,78,51
135,87,1.8603,25.542,19,19
131,118,1.8602,24.321,17,25
155,136,1.8602,2.7368,20,37
112,91,1.8597,12.155,35,38
60,52,1.8596,9.3944,47,47
146,117,1.8596,12.382,25,27
69,51,1.8592,6.9364,16,51
57,38,1.858,3.1754,82,26
29,21,1.8573,14.661,28,70
109,102,1.8571,11.562,21,28
140,3,1.8569,19.524,16,34
119,10,1.8568,4.7736,26,19
105,68,1.8566,26.547,43,12
103,66,1.8565,16.875,35,24
130,117,1.8556,19.558,25,27
134,121,1.8555,26.873,27,71
88,67,1.8555,21.684,15,14
49,6,1.8554,12.521,64,28
118,76,1.8551,33.333,25,18
63,43,1.8549,6.1674,50,98
106,87,1.8544,14.208,21,19
102,68,1.8542,18.19,28,12
50,5,1.8541,9.7857,44,55
130,69,1.8538,36.697,25,16
140,124,1.8533,20.227,16,31
54,32,1.8524,7.3394,80,62
104,96,1.8522,8.7674,57,97
130,74,1.8521,31.647,25,38
158,143,1.8519,27.878,45,22
82,67,1.8515,15.638,45,14
138,66,1.8511,39.266,25,24
77,68,1.851,13.939,61,12
49,34,1.8509,18.171,64,19
85,38,1.8506,7.286,31,26
116,68,1.85,34.941,30,12
108,91,1.8499,7.692,57,38
62,25,1.849,24.939,46,58
52,31,1.8489,7.9763,47,75
145,67,1.8486,39.011,30,14
125,112,1.8483,4.024,75,35
88,3,1.8482,9.557,15,34
127,73,1.8481,25.429,27,19
127,104,1.8478,5.2392,27,57
115,35,1.8477,15.031,60,75
86,75,1.8476,9.5426,22,35
50,25,1.8476,14.81,44,58
154,139,1.8472,5.1156,18,32
147,139,1.8453,10.94,40,32
132,108,1.8452,7.252,17,57
86,58,1.8452,5.3522,22,21
103,80,1.8452,7.5152,35,35
118,109,1.845,24.062,25,21
122,31,1.8446,17.412,75,75
101,49,1.8442,15.204,18,64
130,86,1.8438,27.602,25,22
68,10,1.8434,32.119,12,19
104,85,1.8433,13.796,57,31
28,18,1.8426,12.705,50,46
89,68,1.8425,26.466,21,12
28,19,1.8417,10.993,50,19
122,57,1.8416,22.023,75,82
82,75,1.8416,6.0778,45,35
116,87,1.8412,34.616,30,19
46,20,1.8409,7.655,88,44
136,83,1.8407,25.352,37,26
154,3,1.8406,9.8461,18,34
78,66,1.8405,13.727,29,24
140,73,1.8405,34.025,16,19
60,4,1.8405,12.631,47,42
136,129,1.8403,12.635,37,37
88,79,1.84,11.759,15,34
154,132,1.8398,11.223,18,17
143,116,1.8398,7.5635,22,30
56,31,1.8396,9.7965,39,75
157,138,1.8396,10.134,27,25
102,49,1.8394,15.457,28,64
131,66,1.8391,37.665,17,24
71,59,1.8389,5.4958,46,57
139,127,1.8389,20.419,32,27
127,114,1.8385,11.121,27,17
116,109,1.8385,19.858,30,21
36,28,1.8384,8.8131,26,50
157,151,1.8384,17.283,27,39
116,106,1.8384,26.258,30,21
120,105,1.8382,23.946,45,43
113,62,1.8381,20.728,78,46
94,35,1.8375,4.6374,50,75
113,31,1.8369,6.6243,78,75
24,15,1.8366,12.757,54,79
68,11,1.8363,31.586,12,38
90,58,1.836,8.9433,33,21
85,60,1.8359,3.5164,31,47
105,74,1.8355,20.244,43,38
137,129,1.835,14.732,24,37
91,39,1.835,4.0681,38,32
155,131,1.835,12.002,20,17
123,115,1.8348,11.822,45,60
71,53,1.8347,3.6035,46,62
38,30,1.8344,8.302,26,21
128,73,1.8336,25.849,21,19
149,92,1.8335,20.904,22,30
69,33,1.8334,22.225,16,22
52,29,1.8334,11.53,47,28
45,32,1.8326,17.543,53,62
127,65,1.8325,25.219,27,23
88,56,1.8324,10.732,15,39
138,87,1.8316,27.059,25,19
130,82,1.8313,21.546,25,45
49,21,1.8311,9.5854,64,70
85,44,1.8308,14.382,31,87
144,68,1.8308,36.652,38,12
61,54,1.8305,7.9699,74,80
118,83,1.8299,36.062,25,26
66,33,1.8291,28.413,24,22
123,117,1.8289,10.855,45,27
155,134,1.8288,3.9033,20,27
124,11,1.8286,3.2008,31,38
60,47,1.8279,6.9554,47,36
42,31,1.8275,7.7322,84,75
149,12,1.8274,13.549,22,46
53,40,1.8273,7.5898,62,45
66,44,1.8273,7.3781,24,87
157,80,1.8268,23.658,27,35
52,40,1.8268,8.2728,47,45
130,90,1.8267,18.021,25,33
59,27,1.8263,15.589,57,64
104,79,1.8259,11.713,57,34
