240,179,8.8163,0,46,57
269,179,7.0159,0,48,57
271,170,6.3374,0,39,56
203,164,6.1982,0,17,13
44,12,5.6572,0,45,29
268,257,4.9771,0,27,42
290,275,4.7209,0,21,51
288,247,4.6753,0,65,81
304,121,4.6171,0,67,78
253,244,4.5584,0,41,34
252,225,4.2941,0,75,63
41,9,4.2862,0,57,59
42,24,4.2831,0,30,56
307,157,4.2222,0,21,21
17,7,4.2097,0,17,37
297,82,4.2087,0,70,52
207,168,4.191,0,28,20
38,23,4.0563,0,70,60
272,247,3.9702,0,73,81
41,13,3.961,0,57,76
42,23,3.9086,0,30,60
273,166,3.8434,0,60,42
30,23,3.7977,0,66,60
329,177,3.7848,0,33,22
326,275,3.6602,0,73,51
201,171,3.65,0,47,36
243,167,3.6137,0,48,35
56,50,3.5695,0,78,61
208,175,3.56,0,27,37
302,86,3.5594,0,25,18
41,12,3.5394,0,57,29
17,6,3.49,0,17,50
283,258,3.4696,0,12,17
241,174,3.4453,0,76,80
260,234,3.4334,0,16,15
294,85,3.427,0,18,14
203,168,3.4243,0,17,20
245,184,3.4213,0,22,25
260,230,3.372,0,16,14
329,173,3.3504,0,33,37
288,272,3.3458,0,65,73
241,179,3.3388,0,76,57
256,230,3.2687,0,40,14
322,290,3.2447,0,22,21
301,87,3.2371,0,31,43
241,182,3.2058,0,76,70
321,169,3.1215,0,24,23
119,65,3.1133,0,51,68
268,242,3.1132,0,27,34
208,172,3.0759,0,27,21
325,173,3.071,0,19,37
259,226,3.0695,0,31,25
256,226,3.0572,0,40,25
28,22,3.0553,0,23,67
20,13,3.0483,0,87,76
298,86,3.0295,0,22,18
20,6,3.0248,0,87,50
123,83,2.9994,0,58,41
87,64,2.9958,0,43,59
200,171,2.9869,0,77,36
207,172,2.9806,0,28,21
300,148,2.9713,0,66,23
204,175,2.9627,0,59,37
204,168,2.9246,0,59,20
204,172,2.9236,0,59,21
204,171,2.9223,0,59,36
253,229,2.9015,0,41,22
274,246,2.8734,0,68,48
92,62,2.7808,0,56,16
327,285,2.7757,0,21,29
110,97,2.7632,0,17,19
200,167,2.7497,0,77,35
239,183,2.7441,0,49,43
137,104,2.7103,0,12,13
291,274,2.6813,0,46,68
199,164,2.6803,0,18,13
30,22,2.6696,0,66,67
291,161,2.6568,0,46,18
282,254,2.6414,0,20,33
61,53,2.6412,0,40,80
253,185,2.6088,0,41,38
205,182,2.5947,0,51,70
45,9,2.5909,0,69,59
114,97,2.5835,0,53,19
301,86,2.5818,0,31,18
240,180,2.5514,0,46,37
287,271,2.5393,0,65,39
329,269,2.5366,0,33,48
35,26,2.5325,0,57,32
275,247,2.5298,0,51,81
321,161,2.5268,0,24,18
21,6,2.5244,0,94,50
321,166,2.521,0,24,42
83,66,2.5183,0,41,37
264,254,2.5047,0,51,33
325,177,2.4929,0,19,22
268,262,2.4781,0,27,36
15,9,2.4756,0,85,59
126,99,2.4699,0,19,25
39,23,2.4412,0,25,60
269,177,2.4232,0,48,22
250,244,2.4189,0,83,34
288,250,2.4142,0,65,83
98,84,2.4104,0,27,44
294,82,2.408,0,18,52
161,150,2.406,0,18,33
153,141,2.4049,0,12,10
319,292,2.3673,0,37,53
128,104,2.3594,0,13,13
240,181,2.3487,0,46,36
292,161,2.3481,0,53,18
13,6,2.3453,0,76,50
94,87,2.3384,0,34,43
242,229,2.3338,0,34,22
257,229,2.3306,0,42,22
94,66,2.3247,0,34,37
319,299,2.322,0,37,11
320,276,2.3179,0,32,25
16,10,2.3178,0,84,92
253,242,2.308,0,41,34
29,22,2.3035,0,11,67
324,290,2.2977,0,33,21
269,240,2.292,0,48,46
80,66,2.2824,0,22,37
286,250,2.2745,0,75,83
313,141,2.2715,0,9,10
27,18,2.2704,0,14,32
287,173,2.2651,0,65,37
39,26,2.2471,0,25,32
320,165,2.2373,0,32,13
21,10,2.2048,0,94,92
323,173,2.1982,0,69,37
19,6,2.1957,0,91,50
198,184,2.1859,0,31,25
259,230,2.1837,0,31,14
123,64,2.1815,0,58,59
305,92,2.181,0,43,56
205,171,2.1731,0,51,36
317,299,2.1703,0,13,11
196,164,2.1699,0,19,13
288,276,2.1654,0,65,25
329,287,2.1649,0,33,65
315,140,2.16,0,9,9
237,181,2.1595,0,20,36
328,265,2.1578,0,66,83
305,90,2.1399,0,43,16
274,247,2.1393,0,68,81
304,123,2.1347,0,67,58
156,147,2.1319,0,13,26
150,126,2.1214,0,33,19
286,279,2.1122,0,75,38
315,132,2.1063,0,9,15
138,104,2.0964,0,26,13
270,254,2.0909,0,44,33
95,63,2.0861,0,31,36
296,22,2.0858,0,31,67
320,213,2.0841,0,32,13
288,279,2.0748,0,65,38
278,247,2.0748,0,29,81
313,153,2.0713,0,9,12
45,4,2.0705,0,69,22
35,23,2.0604,0,57,60
20,9,2.0486,0,87,59
272,250,2.0478,0,73,83
267,261,2.0415,0,63,70
224,218,2.0397,0,22,37
120,62,2.0383,0,67,16
243,184,2.0369,0,48,25
140,134,2.0347,0,9,20
21,13,2.0285,0,94,76
131,102,2.0273,0,17,20
134,101,2.0176,0,20,10
296,148,2.0142,0,31,23
34,15,2.0133,0,69,85
271,243,2.012,0,39,48
208,176,2.0105,0,27,22
243,170,2.0059,0,48,56
45,12,2.0033,0,69,29
274,197,2.0032,0,68,87
297,83,2.0024,0,70,41
152,142,2.0004,0,12,22
282,251,2.0003,0,20,24
116,48,1.9968,0,14,22
201,182,1.9942,0,47,70
245,220,1.9826,0,22,29
302,90,1.9712,0,25,16
106,88,1.9665,0,19,16
205,175,1.9655,0,51,37
301,83,1.965,0,31,41
293,75,1.9633,0,15,44
38,32,1.9607,0,70,33
255,226,1.9577,0,22,25
262,238,1.9564,0,36,16
20,10,1.9541,0,87,92
328,287,1.948,0,66,65
16,9,1.9475,0,84,59
141,130,1.9419,0,10,15
197,163,1.9389,0,87,41
159,146,1.9385,0,66,71
97,65,1.9379,0,19,68
97,84,1.9364,0,19,44
200,164,1.9333,0,77,13
255,222,1.9299,0,22,9
273,163,1.9288,0,60,41
231,216,1.9262,0,19,14
238,181,1.9231,0,16,36
217,189,1.9224,0,16,14
293,79,1.9223,0,15,30
291,273,1.9197,0,46,60
158,151,1.9143,0,26,7
138,130,1.9108,0,26,15
23,13,1.9102,0,60,76
138,129,1.9054,0,26,11
210,175,1.9053,0,35,37
225,218,1.9036,0,63,37
271,174,1.8984,0,39,80
206,172,1.8973,0,16,21
120,92,1.8966,0,67,56
140,132,1.8959,0,9,15
298,89,1.8957,0,22,21
276,247,1.8913,0,25,81
35,27,1.891,0,57,14
163,150,1.8901,0,41,33
57,7,1.8882,0,25,37
114,65,1.8854,0,53,68
141,104,1.8773,0,10,13
283,259,1.8695,0,12,31
309,90,1.8683,0,16,16
315,139,1.8654,0,9,15
326,287,1.8649,0,73,65
209,181,1.8636,0,53,36
201,18,1.8634,0,47,32
38,9,1.8627,0,70,59
132,105,1.861,0,15,32
76,68,1.8592,0,52,34
193,163,1.8572,0,15,41
139,132,1.854,0,15,15
220,187,1.854,0,29,55
42,20,1.8537,0,30,87
136,128,1.852,0,10,13
27,6,1.8468,0,14,50
22,6,1.8431,0,67,50
122,65,1.8397,0,30,68
232,183,1.8394,0,50,43
153,136,1.8378,0,12,10
138,131,1.8373,0,26,17
42,6,1.8366,0,30,50
136,129,1.8344,0,10,11
27,21,1.8331,0,14,94
286,247,1.8325,0,75,81
120,61,1.8297,0,67,40
138,132,1.8297,0,26,15
139,130,1.8263,0,15,15
100,81,1.826,0,15,20
194,187,1.8192,0,18,55
274,163,1.817,0,68,41
38,30,1.816,0,70,66
140,131,1.8145,0,9,17
315,152,1.811,0,9,12
140,129,1.8099,0,9,11
152,135,1.8092,0,12,10
135,129,1.8086,0,10,11
158,150,1.8044,0,26,33
93,63,1.8025,0,16,36
18,6,1.8022,0,32,50
38,20,1.7995,0,70,87
43,36,1.7993,0,26,29
76,69,1.7987,0,52,45
140,133,1.7975,0,9,10
287,265,1.7967,0,65,83
235,151,1.7959,0,14,7
214,137,1.7954,0,14,12
34,19,1.7917,0,69,91
213,181,1.7885,0,13,36
137,131,1.7879,0,12,17
25,19,1.7871,0,67,91
240,177,1.7851,0,46,22
140,130,1.7848,0,9,15
134,127,1.7817,0,20,18
81,72,1.7808,0,20,19
313,215,1.7805,0,9,25
212,135,1.7785,0,18,10
276,213,1.7784,0,25,13
154,135,1.7771,0,10,10
317,138,1.7764,0,13,26
156,139,1.7758,0,13,15
291,149,1.7754,0,46,35
56,48,1.7746,0,78,22
293,245,1.7731,0,15,22
215,138,1.7707,0,25,26
160,149,1.7696,0,13,35
286,272,1.7694,0,75,73
264,257,1.769,0,51,42
193,160,1.7689,0,15,13
156,135,1.7683,0,13,10
298,85,1.7662,0,22,14
14,8,1.7654,0,77,74
320,161,1.7654,0,32,18
212,131,1.7637,0,18,17
133,127,1.7622,0,10,18
289,170,1.7586,0,49,56
17,11,1.7554,0,17,30
235,214,1.7554,0,14,14
280,255,1.7546,0,18,22
34,27,1.7535,0,69,14
135,101,1.7493,0,10,10
47,19,1.7491,0,88,91
94,54,1.7484,0,34,54
213,138,1.7477,0,13,26
117,93,1.7466,0,21,16
21,15,1.7463,0,94,85
153,135,1.7434,0,12,10
78,72,1.7407,0,34,19
59,53,1.7401,0,22,80
147,124,1.7377,0,26,31
56,49,1.7332,0,78,71
153,131,1.7329,0,12,17
291,163,1.7319,0,46,41
134,126,1.7318,0,20,19
209,202,1.7281,0,53,21
156,136,1.7277,0,13,10
221,161,1.7263,0,26,18
42,13,1.7259,0,30,76
153,138,1.7239,0,12,26
272,244,1.723,0,73,34
152,130,1.7218,0,12,15
285,255,1.7217,0,29,22
107,69,1.7187,0,49,45
24,18,1.7185,0,56,32
198,186,1.7179,0,31,27
306,90,1.7178,0,15,16
30,18,1.7159,0,66,32
152,136,1.7146,0,12,10
42,9,1.7127,0,30,59
139,133,1.711,0,15,10
155,136,1.7108,0,11,10
283,255,1.7104,0,12,22
245,22,1.7103,0,22,67
139,131,1.7091,0,15,17
279,247,1.7086,0,38,81
193,161,1.7086,0,15,18
153,133,1.7084,0,12,10
140,104,1.7081,0,9,13
60,53,1.7075,0,24,80
113,93,1.7072,0,13,16
15,8,1.7056,0,85,74
238,142,1.7036,0,16,22
201,184,1.702,0,47,25
29,23,1.7017,0,11,60
312,217,1.701,0,12,16
234,217,1.6996,0,15,16
140,126,1.6984,0,9,19
29,17,1.6982,0,11,17
243,201,1.6981,0,48,47
288,275,1.6974,0,65,51
23,16,1.695,0,60,84
134,128,1.6942,0,20,13
38,13,1.6941,0,70,76
154,133,1.6933,0,10,10
116,51,1.6932,0,14,24
236,211,1.6928,0,15,14
293,274,1.6909,0,15,68
220,189,1.6905,0,29,14
113,97,1.688,0,13,19
45,13,1.6868,0,69,76
117,63,1.6864,0,21,36
217,172,1.6844,0,16,21
213,133,1.6837,0,13,10
127,100,1.6835,0,18,15
139,101,1.6832,0,15,10
249,218,1.6771,0,30,37
150,142,1.6767,0,33,22
229,217,1.6762,0,22,16
270,257,1.6756,0,44,42
325,287,1.6708,0,19,65
42,21,1.6705,0,30,94
262,239,1.6705,0,36,49
214,132,1.6673,0,14,15
54,25,1.6671,0,54,67
271,167,1.6661,0,39,35
257,233,1.6634,0,42,57
94,84,1.6629,0,34,44
211,181,1.6628,0,14,36
313,139,1.662,0,9,15
30,24,1.6613,0,66,56
42,35,1.6603,0,30,57
235,213,1.6596,0,14,13
193,125,1.6585,0,15,14
215,139,1.6584,0,25,15
129,104,1.6565,0,11,13
317,133,1.6555,0,13,10
212,137,1.6547,0,18,12
278,251,1.653,0,29,24
163,149,1.6526,0,41,35
260,238,1.6522,0,16,16
270,247,1.6502,0,44,81
210,180,1.6494,0,35,37
276,251,1.6483,0,25,24
276,248,1.6472,0,25,15
153,139,1.6466,0,12,15
235,216,1.6463,0,14,14
256,233,1.6445,0,40,57
17,9,1.6424,0,17,59
329,174,1.6413,0,33,80
245,194,1.6412,0,22,18
152,139,1.6411,0,12,15
142,130,1.6403,0,22,15
38,10,1.6402,0,70,92
309,60,1.6384,0,16,24
134,102,1.6384,0,20,20
309,237,1.637,0,16,20
152,137,1.6365,0,12,12
316,139,1.6357,0,9,15
328,284,1.6356,0,66,77
148,79,1.6345,0,23,30
315,138,1.6342,0,9,26
115,108,1.6338,0,25,16
141,134,1.6337,0,10,20
328,269,1.6333,0,66,48
109,88,1.6333,0,19,16
289,169,1.6307,0,49,23
151,131,1.6303,0,7,17
230,221,1.6288,0,14,26
279,272,1.6284,0,38,73
152,128,1.6282,0,12,13
75,18,1.628,0,44,32
150,125,1.6276,0,33,14
249,224,1.6268,0,30,22
227,209,1.6253,0,18,53
315,105,1.6245,0,9,32
308,64,1.6245,0,39,59
299,159,1.6244,0,11,66
141,102,1.6243,0,10,20
156,102,1.6239,0,13,20
61,50,1.6237,0,40,61
215,137,1.6235,0,25,12
313,142,1.6199,0,9,22
300,123,1.6196,0,66,58
161,151,1.6194,0,18,7
155,139,1.6184,0,11,15
131,4,1.6175,0,17,22
100,85,1.6167,0,15,14
214,138,1.6153,0,14,26
317,139,1.6148,0,13,15
324,275,1.6119,0,33,51
107,98,1.6114,0,49,27
213,153,1.6098,0,13,12
98,81,1.6096,0,27,20
38,24,1.6084,0,70,56
315,157,1.607,0,9,21
251,245,1.6069,0,24,22
80,18,1.6056,0,22,32
120,60,1.6056,0,67,24
213,135,1.6054,0,13,10
153,134,1.6051,0,12,20
248,74,1.6046,0,15,44
269,241,1.6041,0,48,76
137,128,1.6032,0,12,13
194,186,1.6032,0,18,27
130,102,1.6031,0,15,20
96,80,1.6028,0,44,22
81,70,1.6017,0,20,31
21,9,1.6002,0,94,59
107,99,1.5997,0,49,25
286,270,1.5994,0,75,44
196,160,1.598,0,19,13
287,279,1.5976,0,65,38
158,104,1.5975,0,26,13
153,137,1.5973,0,12,12
284,265,1.5971,0,77,83
110,98,1.5965,0,17,27
17,10,1.5959,0,17,92
212,202,1.5957,0,18,21
211,134,1.5951,0,14,20
153,101,1.5951,0,12,10
141,129,1.5948,0,10,11
211,136,1.5946,0,14,10
214,135,1.5944,0,14,10
24,6,1.5926,0,56,50
136,130,1.5925,0,10,15
214,136,1.5913,0,14,10
215,130,1.5912,0,25,15
303,157,1.5912,0,36,21
140,102,1.5909,0,9,20
214,181,1.5894,0,14,36
318,160,1.5881,0,16,13
140,127,1.588,0,9,18
247,21,1.5874,0,81,94
276,74,1.587,0,25,44
293,78,1.587,0,15,34
150,133,1.5845,0,33,10
25,18,1.5811,0,67,32
209,135,1.581,0,53,10
135,127,1.5805,0,10,18
34,28,1.5797,0,69,23
23,17,1.5789,0,60,17
112,48,1.5787,0,22,22
317,213,1.5781,0,13,13
322,169,1.5778,0,22,23
323,287,1.5777,0,69,65
238,152,1.5769,0,16,12
252,246,1.5765,0,75,48
293,276,1.5762,0,15,25
213,131,1.5756,0,13,17
240,182,1.5754,0,46,70
38,15,1.5751,0,70,85
176,169,1.5743,0,22,23
214,131,1.5739,0,14,17
256,229,1.5731,0,40,22
213,155,1.5731,0,13,11
294,78,1.5729,0,18,34
190,154,1.5727,0,18,10
227,181,1.5705,0,18,36
151,104,1.5683,0,7,13
291,248,1.5676,0,46,15
153,129,1.5661,0,12,11
34,23,1.5647,0,69,60
120,63,1.5646,0,67,36
38,25,1.5639,0,70,67
297,10,1.5636,0,70,92
314,154,1.5635,0,21,10
92,64,1.5633,0,56,59
77,71,1.5627,0,26,27
313,138,1.5623,0,9,26
150,101,1.5622,0,33,10
316,127,1.5622,0,9,18
149,99,1.562,0,35,25
151,138,1.5618,0,7,26
151,143,1.5608,0,7,25
126,104,1.5587,0,19,13
291,245,1.5576,0,46,22
156,145,1.5571,0,13,27
320,162,1.5562,0,32,72
217,186,1.5513,0,16,27
148,126,1.551,0,23,19
80,71,1.55,0,22,27
308,121,1.5497,0,39,78
270,253,1.5494,0,44,41
157,147,1.549,0,21,26
294,81,1.549,0,18,20
106,100,1.5488,0,19,15
287,250,1.5485,0,65,83
313,211,1.5485,0,9,14
296,161,1.5477,0,31,18
324,173,1.5471,0,33,37
131,125,1.5465,0,17,14
308,92,1.5464,0,39,56
156,137,1.5455,0,13,12
273,167,1.5434,0,60,35
80,68,1.5429,0,22,34
155,138,1.5428,0,11,26
215,136,1.5421,0,25,10
316,151,1.5409,0,9,7
146,121,1.5408,0,71,78
314,141,1.5402,0,21,10
289,273,1.5402,0,49,60
186,130,1.5399,0,27,15
252,229,1.5397,0,75,22
154,134,1.5378,0,10,20
117,22,1.5376,0,21,67
314,155,1.5372,0,21,11
313,216,1.5364,0,9,14
234,227,1.5363,0,15,18
136,102,1.5357,0,10,20
313,132,1.5357,0,9,15
138,126,1.5345,0,26,19
317,140,1.5344,0,13,9
19,10,1.5338,0,91,92
152,129,1.5337,0,12,11
315,137,1.5307,0,9,12
314,135,1.5301,0,21,10
151,140,1.5292,0,7,9
316,131,1.5291,0,9,17
274,75,1.5289,0,68,44
35,28,1.5286,0,57,23
315,135,1.5284,0,9,10
265,254,1.528,0,83,33
213,134,1.5276,0,13,20
212,128,1.5253,0,18,13
314,140,1.5251,0,21,9
152,141,1.5236,0,12,10
217,206,1.5236,0,16,16
242,183,1.5236,0,34,43
217,156,1.5228,0,16,13
306,299,1.5226,0,15,11
154,104,1.5219,0,10,13
94,83,1.5217,0,34,41
312,237,1.5205,0,12,20
213,136,1.5202,0,13,10
249,220,1.5202,0,30,29
200,168,1.5197,0,77,20
127,102,1.5197,0,18,20
152,100,1.5193,0,12,15
30,19,1.5191,0,66,91
236,140,1.5179,0,15,9
57,50,1.5173,0,25,61
317,154,1.5166,0,13,10
38,21,1.5165,0,70,94
154,143,1.5161,0,10,25
118,63,1.5159,0,28,36
42,30,1.5153,0,30,66
227,211,1.5144,0,18,14
316,129,1.5143,0,9,11
25,17,1.5137,0,67,17
312,213,1.5133,0,12,13
155,137,1.5125,0,11,12
118,22,1.5113,0,28,67
234,213,1.5112,0,15,13
213,154,1.5102,0,13,10
152,134,1.5099,0,12,20
157,102,1.5098,0,21,20
314,236,1.5095,0,21,15
234,228,1.5079,0,15,41
98,27,1.5076,0,27,14
59,50,1.5073,0,22,61
151,132,1.5064,0,7,15
212,154,1.5054,0,18,10
212,141,1.505,0,18,10
213,137,1.5048,0,13,12
151,137,1.5047,0,7,12
214,130,1.5042,0,14,15
162,119,1.5038,0,72,51
211,135,1.5035,0,14,10
248,73,1.503,0,15,37
193,126,1.5029,0,15,19
245,193,1.5028,0,22,15
207,164,1.5025,0,28,13
215,131,1.5025,0,25,17
150,128,1.501,0,33,13
138,102,1.5009,0,26,20
234,153,1.5008,0,15,12
80,70,1.5005,0,22,31
277,78,1.5004,0,22,34
100,93,1.5001,0,15,16
192,151,1.4986,0,13,7
316,153,1.498,0,9,12
15,6,1.498,0,85,50
316,138,1.4977,0,9,26
293,248,1.4975,0,15,15
312,211,1.4973,0,12,14
132,104,1.4967,0,15,13
318,133,1.4964,0,16,10
277,222,1.4964,0,22,9
200,163,1.4963,0,77,41
193,148,1.4962,0,15,23
193,101,1.4959,0,15,10
252,226,1.4953,0,75,25
315,153,1.4946,0,9,12
324,234,1.4943,0,33,15
29,18,1.4943,0,11,32
215,189,1.4935,0,25,14
156,100,1.4931,0,13,15
315,136,1.4929,0,9,10
312,172,1.4926,0,12,21
68,61,1.4924,0,34,40
224,217,1.492,0,22,16
312,234,1.4916,0,12,15
47,41,1.4915,0,88,57
284,255,1.4914,0,77,22
44,38,1.4914,0,45,70
288,270,1.4913,0,65,44
25,6,1.4909,0,67,50
319,296,1.4909,0,37,31
273,243,1.4906,0,60,48
318,134,1.4903,0,16,20
150,65,1.4897,0,33,68
287,269,1.4896,0,65,48
151,133,1.4894,0,7,10
289,166,1.4879,0,49,42
321,165,1.4878,0,24,13
321,291,1.487,0,24,46
18,10,1.4858,0,32,92
317,131,1.4858,0,13,17
157,104,1.4854,0,21,13
144,121,1.4852,0,80,78
139,102,1.4852,0,15,20
176,168,1.4851,0,22,20
220,194,1.4849,0,29,18
27,17,1.4847,0,14,17
291,246,1.4842,0,46,48
117,55,1.4839,0,21,25
34,13,1.4837,0,69,76
299,86,1.4828,0,11,18
57,22,1.4822,0,25,67
139,107,1.481,0,15,49
273,161,1.4809,0,60,18
285,259,1.4798,0,29,31
19,13,1.4795,0,91,76
37,27,1.4793,0,39,14
142,135,1.479,0,22,10
301,294,1.4789,0,31,18
284,19,1.4783,0,77,91
296,163,1.4776,0,31,41
212,139,1.4775,0,18,15
260,233,1.4772,0,16,57
154,138,1.4768,0,10,26
312,36,1.4768,0,12,29
312,138,1.4756,0,12,26
188,127,1.4754,0,31,18
302,295,1.4751,0,25,32
152,140,1.4749,0,12,9
251,244,1.4746,0,24,34
155,102,1.4742,0,11,20
141,131,1.4728,0,10,17
312,153,1.4727,0,12,12
211,142,1.4726,0,14,22
313,152,1.4725,0,9,12
303,159,1.4722,0,36,66
315,212,1.4703,0,9,18
214,134,1.4699,0,14,20
47,21,1.4699,0,88,94
213,130,1.4696,0,13,15
276,73,1.4696,0,25,37
235,215,1.469,0,14,25
141,135,1.4686,0,10,10
141,128,1.4685,0,10,13
152,133,1.4678,0,12,10
313,306,1.4665,0,9,15
316,152,1.4661,0,9,12
228,218,1.4661,0,41,37
316,130,1.4658,0,9,15
314,211,1.4654,0,21,14
208,199,1.4649,0,27,18
287,267,1.4648,0,65,63
248,76,1.4648,0,15,52
93,77,1.4647,0,16,26
212,140,1.4645,0,18,9
135,104,1.4643,0,10,13
149,22,1.4634,0,35,67
138,128,1.4634,0,26,13
152,138,1.4634,0,12,26
142,131,1.4627,0,22,17
131,104,1.4615,0,17,13
315,214,1.461,0,9,14
142,133,1.4607,0,22,10
247,22,1.4604,0,81,67
150,139,1.4602,0,33,15
228,216,1.4602,0,41,14
312,134,1.4592,0,12,20
312,155,1.4589,0,12,11
80,27,1.4589,0,22,14
316,128,1.4588,0,9,13
133,102,1.4583,0,10,20
313,140,1.4582,0,9,9
150,140,1.458,0,33,9
135,128,1.4578,0,10,13
318,141,1.4575,0,16,10
154,140,1.4569,0,10,9
93,84,1.4562,0,16,44
140,101,1.456,0,9,10
84,73,1.4559,0,44,37
315,306,1.4556,0,9,15
314,138,1.4549,0,21,26
211,133,1.4538,0,14,10
30,20,1.4536,0,66,87
137,130,1.4532,0,12,15
314,213,1.4529,0,21,13
157,136,1.4528,0,21,10
216,128,1.4526,0,14,13
153,128,1.4523,0,12,13
154,130,1.4521,0,10,15
213,152,1.4514,0,13,12
312,105,1.4509,0,12,32
12,6,1.4503,0,29,50
317,141,1.4503,0,13,10
235,226,1.4502,0,14,25
154,142,1.4499,0,10,22
27,16,1.4496,0,14,84
212,127,1.4482,0,18,18
300,121,1.4477,0,66,78
147,18,1.4473,0,26,32
117,97,1.4471,0,21,19
41,6,1.4466,0,57,50
211,137,1.4462,0,14,12
211,152,1.4456,0,14,12
312,129,1.4455,0,12,11
31,17,1.4453,0,55,17
22,16,1.4446,0,67,84
214,140,1.4444,0,14,9
324,312,1.4444,0,33,12
312,141,1.4442,0,12,10
318,138,1.4441,0,16,26
244,185,1.4441,0,34,38
311,216,1.4432,0,17,14
236,227,1.4431,0,15,18
311,211,1.4421,0,17,14
53,47,1.4419,0,80,88
311,266,1.4419,0,17,27
45,8,1.4417,0,69,74
215,198,1.4416,0,25,31
314,215,1.4416,0,21,25
318,126,1.4412,0,16,19
191,29,1.4409,0,14,11
252,187,1.4408,0,75,55
142,132,1.4403,0,22,15
213,156,1.4398,0,13,13
314,104,1.4396,0,21,13
246,194,1.4396,0,48,18
313,130,1.4396,0,9,15
315,125,1.4396,0,9,14
237,213,1.4395,0,20,13
212,133,1.4394,0,18,10
44,37,1.4391,0,45,39
48,36,1.439,0,22,29
214,133,1.4387,0,14,10
312,152,1.4385,0,12,12
14,6,1.438,0,77,50
45,38,1.4376,0,69,70
318,211,1.4373,0,16,14
211,132,1.4367,0,14,15
312,137,1.4363,0,12,12
12,4,1.436,0,29,22
150,141,1.4356,0,33,10
214,154,1.4351,0,14,10
37,15,1.4347,0,39,85
317,134,1.4345,0,13,20
215,132,1.4335,0,25,15
250,30,1.4332,0,83,66
97,63,1.433,0,19,36
193,149,1.4327,0,15,35
297,289,1.4325,0,70,49
110,99,1.4322,0,17,25
23,15,1.4315,0,60,85
326,285,1.4311,0,73,29
301,64,1.4311,0,31,59
58,50,1.4307,0,18,61
237,136,1.4305,0,20,10
314,235,1.4298,0,21,14
132,126,1.4297,0,15,19
281,222,1.4291,0,20,9
154,102,1.4287,0,10,20
321,289,1.4287,0,24,49
77,70,1.4287,0,26,31
150,134,1.4286,0,33,20
196,163,1.4285,0,19,41
65,53,1.4278,0,68,80
281,255,1.4277,0,20,22
157,134,1.4272,0,21,20
92,85,1.4271,0,56,14
314,128,1.4264,0,21,13
156,141,1.4262,0,13,10
115,88,1.426,0,25,16
318,142,1.4257,0,16,22
55,44,1.4254,0,25,45
312,154,1.4253,0,12,10
141,133,1.4251,0,10,10
84,18,1.4248,0,44,32
318,139,1.4246,0,16,15
261,181,1.4245,0,70,36
137,127,1.4244,0,12,18
110,93,1.4242,0,17,16
236,209,1.4235,0,15,53
110,88,1.422,0,17,16
38,27,1.4214,0,70,14
324,233,1.4207,0,33,57
55,49,1.4206,0,25,71
313,235,1.4205,0,9,14
154,136,1.4201,0,10,10
125,76,1.4193,0,14,52
53,44,1.4192,0,80,45
317,156,1.4185,0,13,13
117,65,1.4184,0,21,68
245,186,1.4178,0,22,27
213,132,1.4174,0,13,15
195,189,1.4172,0,16,14
156,107,1.417,0,13,49
141,132,1.4168,0,10,15
275,250,1.4167,0,51,83
61,52,1.4164,0,40,19
262,237,1.4163,0,36,20
234,136,1.4161,0,15,10
215,134,1.4159,0,25,20
190,135,1.4157,0,18,10
38,31,1.415,0,70,55
155,130,1.4143,0,11,15
213,157,1.4142,0,13,21
134,104,1.4141,0,20,13
26,20,1.4137,0,32,87
215,206,1.4134,0,25,16
308,144,1.4134,0,39,80
93,29,1.4133,0,16,11
39,32,1.4127,0,25,33
309,302,1.4116,0,16,25
293,74,1.4116,0,15,44
98,73,1.4112,0,27,37
119,92,1.4112,0,51,56
59,52,1.411,0,22,19
193,150,1.4107,0,15,33
315,134,1.4106,0,9,20
288,265,1.4105,0,65,83
106,97,1.4102,0,19,19
211,43,1.4101,0,14,26
150,129,1.41,0,33,11
138,4,1.41,0,26,22
211,156,1.41,0,14,13
57,17,1.4098,0,25,17
142,128,1.4096,0,22,13
263,154,1.4094,0,28,10
129,71,1.409,0,11,27
283,71,1.4089,0,12,27
316,134,1.4087,0,9,20
199,168,1.4083,0,18,20
22,15,1.4081,0,67,85
231,223,1.4078,0,19,29
296,75,1.4076,0,31,44
87,81,1.4075,0,43,20
316,216,1.4074,0,9,14
215,152,1.4073,0,25,12
318,154,1.4071,0,16,10
128,101,1.407,0,13,10
311,215,1.4069,0,17,25
326,288,1.4068,0,73,65
312,230,1.4065,0,12,14
140,125,1.4065,0,9,14
315,131,1.4063,0,9,17
151,128,1.4062,0,7,13
215,104,1.4056,0,25,13
304,146,1.4056,0,67,71
35,29,1.4049,0,57,11
217,85,1.4049,0,16,14
41,4,1.4049,0,57,22
234,199,1.4047,0,15,18
151,134,1.4047,0,7,20
286,265,1.4042,0,75,83
317,136,1.4039,0,13,10
313,137,1.4038,0,9,12
37,31,1.4036,0,39,55
152,127,1.4034,0,12,18
141,115,1.4027,0,10,25
227,136,1.4025,0,18,10
311,141,1.4017,0,17,10
137,129,1.4017,0,12,11
314,152,1.4017,0,21,12
209,149,1.4016,0,53,35
211,139,1.4009,0,14,15
228,221,1.4009,0,41,26
214,128,1.4008,0,14,13
238,212,1.4008,0,16,18
27,19,1.4003,0,14,91
138,127,1.4002,0,26,18
313,206,1.4002,0,9,16
253,225,1.3997,0,41,63
287,275,1.3996,0,65,51
143,115,1.3996,0,25,25
231,221,1.3993,0,19,26
19,9,1.3993,0,91,59
209,173,1.3984,0,53,37
311,156,1.3969,0,17,13
313,237,1.3968,0,9,20
38,19,1.3967,0,70,91
314,129,1.3967,0,21,11
315,155,1.3964,0,9,11
315,127,1.3963,0,9,18
42,27,1.3963,0,30,14
317,151,1.396,0,13,7
150,132,1.3956,0,33,15
139,127,1.3953,0,15,18
186,157,1.3949,0,27,21
213,141,1.3949,0,13,10
97,70,1.3948,0,19,31
216,154,1.3945,0,14,10
160,150,1.3944,0,13,33
238,141,1.3942,0,16,10
315,133,1.3941,0,9,10
113,51,1.3937,0,13,24
313,213,1.3936,0,9,13
245,93,1.3934,0,22,16
237,230,1.3933,0,20,14
311,152,1.3918,0,17,12
285,279,1.3917,0,29,38
42,34,1.3909,0,30,69
324,302,1.3908,0,33,25
312,229,1.3905,0,12,22
212,151,1.3901,0,18,7
150,143,1.39,0,33,25
91,62,1.39,0,64,16
130,104,1.3896,0,15,13
244,47,1.3895,0,34,88
312,43,1.3895,0,12,26
157,127,1.3888,0,21,18
119,95,1.3882,0,51,31
211,190,1.3879,0,14,18
316,133,1.3878,0,9,10
216,130,1.3877,0,14,15
313,134,1.3876,0,9,20
117,95,1.3875,0,21,31
239,186,1.3873,0,49,27
64,47,1.3869,0,59,88
316,215,1.3866,0,9,25
214,152,1.3865,0,14,12
312,216,1.3862,0,12,14
313,208,1.3859,0,9,27
113,78,1.3858,0,13,34
237,215,1.3853,0,20,25
109,93,1.3853,0,19,16
139,129,1.3851,0,15,11
57,49,1.3848,0,25,71
122,111,1.3845,0,30,32
284,21,1.3842,0,77,94
261,179,1.3837,0,70,57
