253,244,28.735,4.6038,41,34
269,179,25.082,3.5471,48,57
240,179,25.008,2.7939,46,57
271,170,21.505,4.8313,39,56
288,247,18.855,2.6532,65,81
41,12,18.824,3.4271,57,29
41,13,17.103,3.463,57,76
241,174,16.763,3.4728,76,80
30,23,16.666,5.9699,66,60
17,7,16.601,5.036,17,37
17,6,16.553,4.2263,17,50
56,50,15.821,7.0057,78,61
272,247,15.65,3.4249,73,81
203,164,15.473,2.3264,17,13
320,276,15.323,12.986,32,25
44,12,14.627,7.4508,45,29
42,24,14.171,7.6637,30,56
252,225,14.081,3.6628,75,63
285,90,13.999,35.102,29,16
134,90,13.92,25.726,20,16
28,22,13.858,5.5996,23,67
30,22,13.835,5.7857,66,67
21,6,13.808,5.949,94,50
297,82,13.707,3.8313,70,52
287,250,13.602,6.3987,65,83
273,166,13.594,3.4711,60,42
245,184,13.59,6.6139,22,25
304,121,13.532,3.5029,67,78
283,258,13.257,4.951,12,17
208,175,13.255,3.7561,27,37
61,53,13.214,10.003,40,80
201,171,13.18,4.1219,47,36
119,65,13.111,3.664,51,68
290,275,12.967,3.5582,21,51
325,173,12.957,4.0716,19,37
27,6,12.922,13.221,14,50
161,150,12.843,7.3924,18,33
298,86,12.526,3.2822,22,18
276,213,12.518,25.299,25,13
265,178,12.5,10.547,83,88
268,242,12.49,4.2727,27,34
53,44,12.482,20.414,80,45
41,9,12.431,4.5028,57,59
27,21,12.361,5.4541,14,94
256,230,12.292,3.7949,40,14
267,178,12.176,10.167,63,88
324,290,12.124,3.8222,33,21
19,6,12.074,7.4296,91,50
307,157,12.067,3.9526,21,21
207,168,12.03,6.4425,28,20
267,11,11.888,78.081,63,30
39,23,11.816,5.4585,25,60
243,167,11.746,5.8068,48,35
288,276,11.72,5.2756,65,25
256,226,11.688,3.4424,40,25
20,13,11.581,6.9264,87,76
150,126,11.449,5.043,33,19
38,30,11.431,8.3927,70,66
42,23,11.387,7.7287,30,60
239,183,11.36,3.752,49,43
319,299,11.349,4.6453,37,11
13,6,11.33,7.9732,76,50
38,10,11.318,7.6584,70,92
241,182,11.275,3.4282,76,70
268,257,11.234,3.4187,27,42
274,246,11.174,3.8969,68,48
285,134,11.153,38.515,29,20
287,265,11.126,8.1139,65,83
329,173,11.091,2.8355,33,37
260,230,11.079,4.0537,16,14
322,290,11.007,2.7593,22,21
204,171,10.99,3.8886,59,36
267,35,10.978,72.86,63,57
282,254,10.962,4.4002,20,33
241,179,10.915,3.669,76,57
204,168,10.891,3.2698,59,20
126,99,10.851,3.2292,19,25
288,272,10.84,2.6747,65,73
275,247,10.837,2.5538,51,81
156,147,10.79,3.268,13,26
158,150,10.787,3.6889,26,33
198,184,10.784,4.285,31,25
300,148,10.759,3.2515,66,23
27,18,10.759,6.6828,14,32
55,44,10.742,23.341,25,45
204,175,10.733,6.2665,59,37
287,271,10.692,3.3014,65,39
286,270,10.616,4.1189,75,44
324,284,10.602,10.024,33,77
286,250,10.565,3.6735,75,83
98,84,10.56,10.28,27,44
284,265,10.512,5.7716,77,83
291,161,10.482,3.4908,46,18
320,161,10.45,3.3504,32,18
274,247,10.431,3.6725,68,81
245,220,10.424,3.4336,22,29
140,126,10.411,11.512,9,19
320,213,10.37,27.066,32,13
288,275,10.369,3.3214,65,51
123,83,10.359,4.2679,58,41
267,261,10.355,4.3335,63,70
321,169,10.334,4.3151,24,23
31,21,10.329,10.865,55,94
272,250,10.324,4.2956,73,83
296,148,10.282,3.8391,31,23
21,10,10.28,8.2492,94,92
324,302,10.218,23.41,33,25
203,168,10.185,7.4427,17,20
240,180,10.164,4.381,46,37
34,15,10.163,6.8413,69,85
288,250,10.099,6.9594,65,83
317,303,10.066,2.8657,13,36
287,173,10.031,4.3866,65,37
92,62,10.029,3.5569,56,16
45,13,10.003,8.8542,69,76
291,274,10,2.6651,46,68
208,172,9.9984,5.0581,27,21
294,85,9.9821,3.2268,18,14
110,97,9.9724,3.9996,17,19
329,177,9.9674,3.8423,33,22
305,90,9.9339,3.4898,43,16
163,150,9.9122,6.5902,41,33
38,23,9.9099,4.5283,70,60
302,86,9.8907,3.4075,25,18
276,247,9.8644,2.7634,25,81
93,63,9.8629,3.6757,16,36
221,161,9.8513,17.757,26,18
179,172,9.8318,7.754,57,21
274,197,9.779,4.4234,68,87
268,262,9.7757,3.7982,27,36
39,26,9.7558,10.112,25,32
279,247,9.7375,3.3256,38,81
321,161,9.6973,3.5874,24,18
38,32,9.6866,7.5589,70,33
158,151,9.6726,4.7367,26,7
276,248,9.6594,5.0849,25,15
21,13,9.6554,9.7853,94,76
114,97,9.6514,3.2645,53,19
250,244,9.65,3.7473,83,34
80,18,9.6299,35.445,22,32
237,178,9.6268,15.498,20,88
204,172,9.6243,5.0033,59,21
301,87,9.6182,4.3633,31,43
200,171,9.6129,5.2057,77,36
286,279,9.5982,3.2472,75,38
253,229,9.5845,3.4772,41,22
265,237,9.5701,14.098,83,20
328,321,9.5357,16.039,66,24
326,275,9.5182,2.574,73,51
284,263,9.5176,6.6805,77,28
207,172,9.5169,6.9537,28,21
113,97,9.4858,4.5266,13,19
270,264,9.4629,4.2615,44,51
206,172,9.453,9.5233,16,21
302,53,9.4431,25.337,25,80
273,197,9.4344,3.3828,60,87
232,177,9.4321,16.624,50,22
194,187,9.4295,3.6068,18,55
30,21,9.4244,8.9339,66,94
153,141,9.4217,20.432,12,10
38,21,9.4187,7.4461,70,94
56,49,9.3964,10.565,78,71
29,22,9.3926,5.0203,11,67
328,265,9.389,3.4264,66,83
240,181,9.3711,2.9644,46,36
293,75,9.3709,3.2591,15,44
287,269,9.3291,7.4704,65,48
252,246,9.32,7.1823,75,48
321,166,9.3144,3.6211,24,42
180,174,9.2753,5.6861,37,80
199,164,9.27,7.225,18,13
181,175,9.2337,8.4515,36,37
296,22,9.2227,35.218,31,67
57,50,9.2173,7.6673,25,61
156,139,9.2065,9.7442,13,15
94,54,9.2019,13.824,34,54
288,279,9.1986,4.5174,65,38
110,98,9.1804,5.606,17,27
317,299,9.1801,4.0755,13,11
20,10,9.1693,5.3643,87,92
278,247,9.1637,6.4348,29,81
260,234,9.1592,6.308,16,15
259,226,9.1501,3.9582,31,25
234,228,9.1485,6.8107,15,41
178,63,9.1243,49.438,88,36
251,245,9.1225,8.9441,24,22
127,100,9.1223,8.826,18,15
59,53,9.1098,6.0483,22,80
18,10,9.1094,6.4931,32,92
81,72,9.0907,10.832,20,19
56,48,9.089,13.253,78,22
38,13,9.0887,4.2086,70,76
157,147,9.0858,2.8991,21,26
323,173,9.0856,3.7605,69,37
68,61,9.0721,18.299,34,40
96,68,9.0704,4.7518,44,34
269,177,9.068,5.1911,48,22
29,23,9.0641,6.8677,11,60
253,242,9.0146,4.4686,41,34
301,86,9.011,3.6408,31,18
123,64,9.001,4.3125,58,59
53,45,8.9998,17.405,80,69
20,6,8.9736,4.2949,87,50
135,127,8.9687,11.13,10,18
251,244,8.9628,6.2549,24,34
305,92,8.9572,5.029,43,56
273,184,8.9495,10.369,60,25
140,32,8.9495,45.087,9,33
287,264,8.9383,7.8333,65,51
135,129,8.9345,6.4954,10,11
35,26,8.9273,8.3901,57,32
224,218,8.9192,3.8907,22,37
261,178,8.9117,19.384,70,88
255,222,8.8869,6.7044,22,9
193,148,8.8857,6.4475,15,23
156,135,8.8795,6.9411,13,10
225,218,8.878,5.3481,63,37
92,85,8.8771,6.7643,56,14
35,23,8.8768,4.9497,57,60
128,104,8.8693,5.1773,13,13
116,48,8.868,19.738,14,22
238,61,8.8427,55.089,16,40
134,126,8.837,9.8968,20,19
191,44,8.8281,51.776,14,45
140,132,8.8244,9.0175,9,15
137,104,8.8138,8.4781,12,13
255,246,8.8105,10.859,22,48
22,6,8.8077,8.5509,67,50
264,178,8.7932,14.514,51,88
324,287,8.7854,3.3231,33,65
193,125,8.7807,8.2199,15,14
117,65,8.7666,7.4011,21,68
302,228,8.7605,36.713,25,41
321,313,8.7413,18.97,24,9
230,221,8.735,10.939,14,26
205,182,8.7348,4.0709,51,70
324,173,8.7328,6.8452,33,37
269,178,8.7326,8.6957,48,88
44,32,8.7318,16.034,45,33
291,163,8.7273,6.462,46,41
113,93,8.7205,12.851,13,16
273,163,8.7175,3.809,60,41
285,261,8.7125,16.388,29,70
161,151,8.707,8.4173,18,7
284,269,8.7058,8.6257,77,48
107,69,8.697,8.0734,49,45
254,247,8.6917,6.1141,33,81
200,164,8.6883,5.5965,77,13
267,21,8.6863,69.414,63,94
198,186,8.6589,3.8356,31,27
312,234,8.6533,51.97,12,15
140,134,8.65,7.1506,9,20
209,181,8.6458,8.9209,53,36
193,150,8.643,5.9386,15,33
139,130,8.6421,11.006,15,15
140,129,8.6341,12.803,9,11
191,29,8.6333,54.621,14,11
138,130,8.6281,8.8556,26,15
312,267,8.6187,48.352,12,63
35,11,8.6169,13.217,57,30
287,279,8.5935,6.0044,65,38
234,173,8.5842,23.92,15,37
313,141,8.5773,17.328,9,10
30,24,8.5636,8.362,66,56
134,127,8.56,9.7848,20,18
111,99,8.5567,6.2438,32,25
180,172,8.5534,10.166,37,21
95,63,8.5525,3.7365,31,36
193,160,8.5485,6.9818,15,13
122,65,8.5405,3.4738,30,68
200,167,8.5364,3.3024,77,35
141,130,8.5276,15.38,10,15
309,237,8.5222,51.933,16,20
167,148,8.5152,14.79,35,23
318,160,8.515,3.3276,16,13
269,240,8.5048,2.864,48,46
60,53,8.4989,9.0853,24,80
270,250,8.4972,4.2414,44,83
256,233,8.4912,4.1008,40,57
293,245,8.4904,9.197,15,22
38,20,8.4895,5.183,70,87
167,159,8.4825,15.141,35,66
252,10,8.482,62.123,75,92
45,4,8.4811,4.9218,69,22
140,127,8.4775,13.617,9,18
287,121,8.4745,34.784,65,78
45,38,8.4719,7.8413,69,70
59,52,8.4707,8.3109,22,19
150,140,8.462,11.509,33,9
291,245,8.4567,6.2183,46,22
197,163,8.4541,4.5143,87,41
136,128,8.4528,3.9346,10,13
61,50,8.4527,10.54,40,61
327,285,8.45,2.8752,21,29
240,210,8.4441,9.1412,46,35
291,273,8.4425,3.3793,46,60
253,247,8.437,6.6492,41,81
76,69,8.4354,3.9345,52,45
217,189,8.4348,3.2432,16,14
36,21,8.4324,11.724,29,94
67,61,8.4318,15.208,31,40
322,285,8.4233,13.082,22,29
76,68,8.4181,3.9106,52,34
138,129,8.418,10.462,26,11
287,275,8.4147,7.1381,65,51
291,248,8.4138,9.9071,46,15
152,135,8.4079,14.723,12,10
45,39,8.4047,6.9748,69,25
34,19,8.4045,6.9166,69,91
152,136,8.3954,15.139,12,10
53,47,8.379,12.415,80,88
261,179,8.3716,15.005,70,57
216,128,8.364,19.404,14,13
260,238,8.3603,8.2806,16,16
315,307,8.3566,6.0243,9,21
158,104,8.3566,15.857,26,13
321,312,8.3548,22.003,24,12
294,82,8.3539,2.9819,18,52
315,132,8.3531,14.746,9,15
18,6,8.3527,6.3369,32,50
57,49,8.3524,10.574,25,71
25,18,8.3507,7.6671,67,32
93,84,8.3477,6.5515,16,44
138,132,8.3447,6.6125,26,15
320,165,8.3379,5.6104,32,13
196,160,8.3283,4.6925,19,13
117,93,8.3158,8.4995,21,16
283,255,8.3141,6.6406,12,22
265,238,8.3133,10.899,83,16
187,18,8.3104,57.717,55,32
194,186,8.3057,4.7797,18,27
55,49,8.3056,8.2585,25,71
54,47,8.3054,11.927,54,88
69,62,8.3053,19.398,45,16
328,287,8.3051,2.6818,66,65
232,183,8.3051,3.83,50,43
265,165,8.3023,20.492,83,13
183,168,8.2974,12.634,43,20
85,59,8.2948,18.893,14,22
141,134,8.289,9.6489,10,20
22,10,8.2866,10.586,67,92
96,80,8.2811,4.5741,44,22
288,197,8.2713,8.6042,65,87
227,209,8.2704,25.769,18,53
140,130,8.2676,12.152,9,15
45,6,8.2627,9.3915,69,50
98,69,8.2626,4.201,27,45
276,74,8.2588,3.5622,25,44
132,105,8.2567,7.1466,15,32
268,121,8.2566,43.524,27,78
220,189,8.2508,7.3539,29,14
326,284,8.2354,6.2034,73,77
273,245,8.2297,3.3503,60,22
293,274,8.2255,3.739,15,68
264,254,8.2244,3.7817,51,33
151,134,8.2242,9.691,7,20
273,75,8.2172,8.3436,60,44
213,181,8.2149,3.7981,13,36
35,27,8.2004,7.3955,57,14
45,10,8.1964,8.6299,69,92
40,30,8.1918,12.123,27,66
75,18,8.1907,43.567,44,32
234,209,8.1857,23.727,15,53
324,72,8.1735,21.722,33,19
57,51,8.1711,6.8098,25,24
152,142,8.1631,21.099,12,22
153,136,8.1626,14.027,12,10
313,153,8.16,14.005,9,12
311,251,8.1473,39.548,17,24
154,135,8.1428,7.9354,10,10
317,154,8.1399,8.1815,13,10
215,136,8.1394,26.953,25,10
308,144,8.1274,3.9013,39,80
97,84,8.1267,8.2165,19,44
97,65,8.1254,5.951,19,68
190,154,8.1253,12.258,18,10
153,133,8.1253,8.6916,12,10
215,189,8.1246,6.6203,25,14
209,149,8.1229,27.646,53,35
196,164,8.1143,6.1869,19,13
245,193,8.1112,6.6593,22,15
136,129,8.1081,7.3696,10,11
274,163,8.1076,10.562,68,41
137,128,8.105,6.4846,12,13
255,226,8.1044,3.5467,22,25
214,138,8.0995,37.042,14,26
238,56,8.0985,62.456,16,78
35,29,8.0966,7.5764,57,11
45,12,8.0951,6.1377,69,29
24,18,8.0916,6.8926,56,32
78,72,8.089,8.3887,34,19
275,197,8.0883,8.8433,51,87
34,25,8.0803,12.041,69,67
209,135,8.0785,37.345,53,10
152,130,8.0752,6.6573,12,15
100,88,8.0716,22.66,15,16
214,154,8.0687,25.965,14,10
217,206,8.0641,17.939,16,16
245,194,8.062,5.5973,22,18
139,131,8.0618,8.8483,15,17
151,140,8.0607,15.688,7,9
125,18,8.0606,40.607,14,32
264,257,8.0588,3.4159,51,42
274,249,8.0567,7.648,68,30
134,128,8.0567,6.3582,20,13
175,168,8.0542,7.4479,37,20
34,23,8.0537,6.4285,69,60
138,131,8.0527,7.3116,26,17
261,176,8.0498,22.801,70,22
240,178,8.0476,5.7652,46,88
264,175,8.0409,15.19,51,37
213,138,8.0393,40.31,13,26
215,129,8.0351,16.079,25,11
215,138,8.0329,31.198,25,26
98,81,8.0324,11.545,27,20
279,272,8.0322,7.4946,38,73
157,137,8.032,4.4952,21,12
117,67,8.0307,9.6262,21,31
215,130,8.0289,19.147,25,15
317,133,8.0245,13.395,13,10
120,62,8.0233,3.3578,67,16
296,287,8.017,19.281,31,65
249,220,8.0147,3.539,30,29
138,104,8.0144,10.076,26,13
262,179,8.0056,11.948,36,57
326,287,8.005,3.0135,73,65
156,136,8.0046,7.2602,13,10
117,61,8.0032,7.568,21,40
286,272,8.0022,3.8439,75,73
235,226,8.0004,10.816,14,25
324,233,7.9947,21.489,33,57
37,27,7.9947,12.563,39,14
178,85,7.9927,40.451,88,14
152,139,7.9919,19.057,12,15
193,161,7.9886,6.5566,15,18
314,215,7.9847,31.306,21,25
125,76,7.9836,4.0726,14,52
279,251,7.9752,7.1815,38,24
155,147,7.9702,7.4486,11,26
120,69,7.9657,18.417,67,45
115,108,7.9604,6.704,25,16
193,149,7.9587,3.6258,15,35
237,32,7.9581,79.132,20,33
157,149,7.9516,7.6745,21,35
287,267,7.95,12.519,65,63
156,102,7.9491,17.124,13,20
284,108,7.9483,39.089,77,16
288,270,7.9425,5.9287,65,44
16,10,7.9391,3.8424,84,92
315,152,7.9389,7.058,9,12
142,131,7.9353,15.499,22,17
215,139,7.935,32.854,25,15
214,137,7.9306,34.688,14,12
111,69,7.9259,10.786,32,45
147,80,7.9258,12.357,26,22
152,129,7.9168,9.96,12,11
150,142,7.9158,17.558,33,22
156,145,7.9129,5.9422,13,27
315,139,7.9124,16.253,9,15
304,280,7.9092,30.753,67,18
108,98,7.9079,9.6076,16,27
153,131,7.9072,8.8246,12,17
265,32,7.9062,71.932,83,33
245,186,7.9053,3.6705,22,27
308,238,7.9021,50.559,39,16
38,31,7.8991,8.7353,70,55
192,151,7.8989,3.7547,13,7
293,276,7.8976,5.3395,15,25
54,25,7.8932,10.664,54,67
209,202,7.8908,7.8082,53,21
116,51,7.8883,11.381,14,24
153,128,7.888,9.2525,12,13
140,133,7.8878,7.285,9,10
155,138,7.8875,9.0008,11,26
285,70,7.884,25.017,29,31
153,139,7.8789,17.111,12,15
42,30,7.8759,13.757,30,66
252,245,7.8752,10.355,75,22
325,177,7.8745,7.5616,19,22
296,125,7.8731,5.896,31,14
141,104,7.8725,13.906,10,13
215,127,7.8723,17.89,25,18
106,88,7.8714,24.452,19,16
287,268,7.8693,9.6091,65,27
117,55,7.869,6.7193,21,25
144,121,7.8683,3.3432,80,78
150,133,7.8665,4.1307,33,10
281,275,7.8622,8.0405,20,51
176,168,7.8619,8.45,22,20
131,102,7.8566,14.187,17,20
29,17,7.8551,11.668,11,17
234,217,7.8544,13.843,15,16
190,131,7.8522,12.465,18,17
154,143,7.8508,14.523,10,25
317,156,7.85,6.4659,13,13
312,154,7.8468,14.839,12,10
110,99,7.8424,3.416,17,25
287,270,7.8414,3.9506,65,44
214,155,7.8364,29.889,14,11
326,274,7.8317,6.951,73,68
181,174,7.831,7.5108,36,80
316,151,7.8236,4.7839,9,7
253,246,7.8229,7.3873,41,48
231,216,7.8191,2.963,19,14
236,224,7.818,15.357,15,22
237,211,7.817,9.0756,20,14
111,98,7.8129,8.4267,32,27
100,93,7.8119,20.403,15,16
141,102,7.808,20.961,10,20
312,217,7.805,36.564,12,16
293,248,7.8048,8.1481,15,15
140,100,7.8035,16.882,9,15
110,29,7.8029,40.881,17,11
138,126,7.7988,13.1,26,19
302,296,7.7983,6.8744,25,31
147,124,7.7953,3.6696,26,31
285,178,7.7917,17.074,29,88
200,163,7.7909,4.6948,77,41
304,298,7.7865,6.9744,67,22
29,18,7.782,7.8622,11,32
133,127,7.7808,7.1871,10,18
321,289,7.7807,4.0842,24,49
97,63,7.7791,9.8835,19,36
155,136,7.7785,10.038,11,10
148,126,7.7777,5.6242,23,19
117,110,7.7768,6.8173,21,17
212,131,7.7709,27.223,18,17
324,285,7.7699,7.036,33,29
77,71,7.7672,3.4931,26,27
234,213,7.7653,11.252,15,13
97,70,7.7647,7.5116,19,31
153,127,7.7635,12.875,12,18
293,78,7.7625,3.7447,15,34
60,52,7.7623,10.647,24,19
139,133,7.7602,6.9589,15,10
154,127,7.7562,9.2007,10,18
255,248,7.7557,7.8312,22,15
228,221,7.7542,7.9139,41,26
252,226,7.7509,3.2322,75,25
81,70,7.7493,10.382,20,31
27,17,7.7486,10.027,14,17
135,101,7.7442,15.128,10,10
136,130,7.744,6.9935,10,15
214,136,7.7412,32.528,14,10
317,139,7.7378,19.852,13,15
213,131,7.7351,31.362,13,17
193,126,7.732,8.2018,15,19
209,175,7.7294,7.4693,53,37
153,138,7.7261,14.338,12,26
181,173,7.7259,11.373,36,37
319,300,7.7237,6.5006,37,66
153,129,7.7227,8.9461,12,11
324,312,7.7219,31.132,33,12
38,26,7.7214,10.671,70,32
117,95,7.7212,3.295,21,31
33,11,7.7194,13.412,30,30
142,130,7.7191,16.841,22,15
154,142,7.718,17.294,10,22
209,136,7.7141,38.074,53,10
93,29,7.714,27.108,16,11
140,131,7.7107,10.931,9,17
209,173,7.7092,12.622,53,37
77,70,7.7079,5.1583,26,31
159,146,7.7042,3.9226,66,71
143,131,7.7006,14.362,25,17
187,151,7.7006,14.841,55,7
68,62,7.6998,16.255,34,16
274,47,7.6987,41.661,68,88
228,219,7.6945,6.5049,41,24
278,251,7.6934,7.1117,29,24
191,32,7.691,58.023,14,33
141,131,7.6897,13.701,10,17
224,217,7.6896,5.6003,22,16
283,259,7.6857,9.0793,12,31
228,216,7.685,3.3901,41,14
210,180,7.6842,3.4986,35,37
220,187,7.6825,4.1952,29,55
236,230,7.6825,6.7751,15,14
256,229,7.6821,4.0483,40,22
99,80,7.6813,9.3996,25,22
296,161,7.6805,3.891,31,18
304,123,7.6796,3.6236,67,58
129,104,7.6791,6.1851,11,13
229,223,7.6776,6.653,22,29
291,149,7.677,9.4672,46,35
248,76,7.6756,8.0293,15,52
98,55,7.6742,19.975,27,25
93,77,7.6738,14.68,16,26
329,287,7.6702,3.1513,33,65
154,133,7.6699,4.0118,10,10
151,137,7.6681,11.695,7,12
215,131,7.6631,22.031,25,17
34,26,7.663,11.669,69,32
302,294,7.6528,8.5495,25,18
283,71,7.6523,23.053,12,27
139,132,7.6493,7.653,15,15
324,288,7.6457,2.9298,33,65
134,104,7.6416,7.9021,20,13
288,274,7.6412,3.425,65,68
100,81,7.6349,16.045,15,20
193,75,7.6308,8.5421,15,44
314,141,7.6285,10.777,21,10
273,243,7.6281,7.3815,60,48
187,76,7.6251,12.86,55,52
223,216,7.6231,10.53,29,14
29,21,7.6223,8.6688,11,94
87,66,7.6214,8.1552,43,37
284,255,7.6208,8.4146,77,22
150,128,7.6198,4.1015,33,13
237,213,7.6194,3.5668,20,13
236,229,7.6186,8.4374,15,22
92,86,7.6161,5.8011,56,18
161,153,7.6159,10.106,18,12
44,36,7.6158,9.4058,45,29
311,216,7.6153,38.866,17,14
214,150,7.6122,23.121,14,33
302,178,7.6116,40.035,25,88
110,67,7.6082,4.267,17,31
238,181,7.6079,5.0798,16,36
155,139,7.6074,11.914,11,15
42,6,7.6073,8.0367,30,50
246,220,7.6061,2.9569,48,29
152,137,7.606,12.771,12,12
261,209,7.6056,26.986,70,53
217,172,7.6026,20.337,16,21
321,267,7.5999,24.636,24,63
217,156,7.5988,22.247,16,13
151,128,7.5932,5.1164,7,13
158,126,7.5916,9.6414,26,19
254,242,7.5886,6.6278,33,34
32,11,7.587,16.51,33,30
158,148,7.5859,5.1631,26,23
113,51,7.5821,14.185,13,24
312,155,7.5806,13.857,12,11
312,136,7.5781,19.509,12,10
253,241,7.5758,9.0525,41,76
214,132,7.5755,27.233,14,15
197,166,7.575,7.1493,87,42
154,130,7.5741,2.54,10,15
291,197,7.5701,3.1029,46,87
213,155,7.5682,32.365,13,11
308,64,7.566,7.9169,39,59
212,151,7.5654,20.517,18,7
216,134,7.5621,26.933,14,20
237,139,7.5621,44.167,20,15
318,154,7.5613,9.506,16,10
45,37,7.561,9.1929,69,39
21,12,7.5606,12.252,94,29
142,133,7.5591,12.535,22,10
170,163,7.5591,7.8236,56,41
100,86,7.5578,23.156,15,18
278,222,7.5573,9.6719,29,9
238,142,7.5572,52.773,16,22
218,152,7.5509,20.098,37,12
299,293,7.5506,6.7538,11,15
72,25,7.5495,38.578,19,67
328,269,7.5484,2.9181,66,48
196,184,7.5464,9.7563,19,25
139,127,7.5428,14.175,15,18
315,140,7.5424,13.739,9,9
317,302,7.5412,8.0059,13,25
44,37,7.5411,7.9835,45,39
259,230,7.537,6.1088,31,14
15,9,7.5368,5.2248,85,59
299,159,7.5357,3.5546,11,66
308,92,7.5348,9.8973,39,56
201,18,7.5348,60.666,47,32
38,18,7.5343,8.6623,70,32
276,245,7.5341,9.0824,25,22
213,153,7.5337,24.296,13,12
228,218,7.5336,4.5377,41,37
212,139,7.5323,38.171,18,15
205,171,7.5294,3.4066,51,36
216,133,7.5271,24.328,14,10
293,281,7.5261,14.254,15,20
142,134,7.5251,11.043,22,20
324,234,7.5249,26.552,33,15
292,286,7.5218,13.829,53,75
57,7,7.5152,13.695,25,37
212,202,7.5148,3.9958,18,21
155,140,7.5138,11.942,11,9
40,28,7.5106,16.443,27,23
275,264,7.5094,14.882,51,51
156,141,7.5075,12.461,13,10
154,134,7.5069,4.6845,10,20
329,269,7.506,3.2835,33,48
314,138,7.5047,10.284,21,26
316,130,7.5044,9.9698,9,15
288,278,7.4986,8.3966,65,29
313,215,7.4979,32.592,9,25
266,140,7.4978,48.072,27,9
289,166,7.4964,3.6525,49,42
287,179,7.4948,9.9214,65,57
117,51,7.4948,9.0404,21,24
212,135,7.4938,32.662,18,10
149,94,7.4932,15.828,35,34
58,52,7.4924,7.4583,18,19
107,98,7.4911,7.8716,49,27
253,245,7.4906,8.5202,41,22
152,128,7.4904,8.6566,12,13
160,31,7.4883,50.664,13,55
296,75,7.4871,6.5629,31,44
283,68,7.4858,28.136,12,34
327,173,7.4843,8.0598,21,37
155,102,7.484,20.551,11,20
100,85,7.4838,20.883,15,14
264,240,7.4834,7.8296,51,46
318,149,7.4832,10.776,16,35
58,31,7.4827,24.285,18,55
216,154,7.4825,22.371,14,10
314,237,7.4809,42.839,21,20
317,213,7.4799,30.267,13,13
68,50,7.4791,24.992,34,61
134,4,7.4769,42.072,20,22
58,43,7.4745,23.898,18,26
31,8,7.473,17.024,55,74
238,210,7.4694,12.192,16,35
315,214,7.4676,32.5,9,14
80,68,7.4653,4.0141,22,34
148,79,7.465,4.1527,23,30
271,174,7.4649,4.2057,39,80
215,206,7.4646,9.8869,25,16
181,172,7.4644,12.383,36,21
258,249,7.4633,10.7,17,30
213,136,7.463,36.181,13,10
276,251,7.4596,8.3031,25,24
316,129,7.4569,12.858,9,11
153,132,7.4533,11.16,12,15
235,151,7.4507,29.491,14,7
110,56,7.4479,18.87,17,78
129,102,7.4458,10.177,11,20
17,11,7.4457,7.0637,17,30
313,130,7.4455,16.994,9,15
273,167,7.4431,4.3096,60,35
96,51,7.442,14.353,44,24
193,69,7.442,9.4805,15,45
262,236,7.4415,9.0147,36,15
179,173,7.4404,5.4524,57,37
302,295,7.4394,7.5262,25,32
216,130,7.4391,21.513,14,15
280,255,7.4384,13.968,18,22
171,163,7.4377,8.4187,36,41
42,13,7.4376,6.2119,30,76
25,14,7.4366,16.321,67,77
216,135,7.4359,28.797,14,10
258,233,7.4348,6.3681,17,57
23,17,7.4341,7.4614,60,17
76,70,7.4337,3.464,52,31
214,127,7.4336,22.592,14,18
215,132,7.4336,21.13,25,15
38,25,7.4325,9.9466,70,67
229,221,7.4324,9.0279,22,26
288,246,7.427,5.8105,65,48
143,122,7.4268,4.8782,25,30
238,212,7.4266,9.8964,16,18
142,135,7.4248,10.174,22,10
286,254,7.4235,4.2172,75,33
152,100,7.4235,22.348,12,15
324,279,7.423,7.0409,33,38
152,131,7.4224,11.528,12,17
238,216,7.4196,9.5146,16,14
93,87,7.4187,4.7693,16,43
215,194,7.4178,8.9181,25,18
212,128,7.4175,23.98,18,13
58,50,7.4175,9.4678,18,61
276,18,7.4174,51.134,25,32
138,128,7.4171,9.1913,26,13
24,6,7.4163,7.6182,56,50
252,13,7.4154,63.753,75,76
327,313,7.4148,37.711,21,9
311,215,7.4133,37.875,17,25
297,290,7.4102,12.13,70,21
213,134,7.4081,34.54,13,20
153,143,7.4063,18.169,12,25
246,197,7.4062,4.6617,48,87
141,128,7.4059,13.403,10,13
193,65,7.4057,18.79,15,68
217,186,7.4043,3.3302,16,27
138,127,7.4002,13.907,26,18
116,31,7.3993,36.549,14,55
154,139,7.3988,12.778,10,15
157,136,7.3983,9.6716,21,10
243,170,7.3977,4.0057,48,56
214,192,7.3972,17.196,14,13
25,10,7.3969,13.389,67,92
312,216,7.3947,38.263,12,14
249,187,7.3934,3.9243,30,55
155,36,7.392,52.96,11,29
189,154,7.3893,13.291,14,10
153,134,7.3892,7.6102,12,20
287,247,7.3879,5.286,65,81
210,175,7.3864,3.6228,35,37
220,191,7.3857,3.8584,29,14
213,137,7.3845,38.058,13,12
316,215,7.3845,22.703,9,25
109,94,7.3838,14.917,19,34
34,18,7.3829,10.117,69,32
302,136,7.382,18.486,25,10
217,151,7.3817,17.062,16,7
240,119,7.3811,47.66,46,51
21,15,7.3793,7.9895,94,85
289,273,7.3788,3.4873,49,60
154,100,7.3785,20.326,10,15
234,136,7.3778,40.235,15,10
315,138,7.3777,13.726,9,26
152,134,7.3776,11.066,12,20
305,259,7.3742,46.848,43,31
135,128,7.3701,7.3531,10,13
47,39,7.3695,8.0269,88,25
293,79,7.3685,4.0605,15,30
146,124,7.3682,2.8446,71,31
213,157,7.368,34.573,13,21
189,131,7.3678,13.593,14,17
45,21,7.3664,13.447,69,94
59,50,7.3657,8.3091,22,61
327,265,7.3654,4.263,21,83
262,238,7.3649,4.2573,36,16
322,309,7.3646,30.073,22,16
38,27,7.3644,9.833,70,14
150,138,7.3635,11.305,33,26
257,233,7.3632,4.2285,42,57
152,127,7.3624,11.441,12,18
314,216,7.3616,32.967,21,14
151,138,7.361,14.585,7,26
302,72,7.3599,22.434,25,19
317,138,7.3586,17.387,13,26
62,51,7.3571,10.927,16,24
264,235,7.3564,16.928,51,14
60,49,7.3562,12.661,24,71
125,119,7.3538,12.538,14,51
322,59,7.3537,39.249,22,22
228,222,7.3528,7.107,41,9
237,215,7.3528,6.8729,20,25
107,95,7.3507,11.974,49,31
42,21,7.3503,9.068,30,94
153,137,7.3497,11.788,12,12
119,110,7.349,8.011,51,17
272,244,7.3488,3.8267,73,34
149,99,7.3438,10.277,35,25
142,136,7.3434,8.5585,22,10
20,9,7.3428,4.7152,87,59
141,129,7.3412,16.51,10,11
289,170,7.3408,4.2652,49,56
126,97,7.3405,7.2016,19,19
312,138,7.3362,18.49,12,26
232,226,7.3351,6.7448,50,25
313,139,7.3324,18.157,9,15
152,141,7.3305,21.708,12,10
193,186,7.3259,7.6424,15,27
156,149,7.3235,7.3574,13,35
191,184,7.3229,13.72,14,25
285,264,7.322,6.7341,29,51
150,139,7.3218,13.238,33,15
108,102,7.3202,8.9848,16,20
271,243,7.3181,3.8262,39,48
152,138,7.3176,16.316,12,26
149,79,7.3155,7.9122,35,30
297,275,7.3152,13.661,70,51
61,54,7.3145,7.2212,40,54
235,216,7.314,3.2433,14,14
214,129,7.3135,22.162,14,11
312,105,7.3128,29.407,12,32
306,230,7.3123,44.54,15,14
106,98,7.3116,6.6982,19,27
215,152,7.3105,17.468,25,12
276,246,7.3104,6.6705,25,48
298,89,7.309,6.0986,22,21
215,134,7.3043,25.38,25,20
294,222,7.3034,21.15,18,9
311,235,7.3023,50.067,17,14
151,131,7.3016,9.1713,7,17
48,36,7.3005,16.243,22,29
128,102,7.2999,8.5472,13,20
214,133,7.2982,28.88,14,10
150,141,7.2981,16.215,33,10
316,153,7.2976,5.7652,9,12
215,208,7.2972,14.737,25,27
245,160,7.297,13.432,22,13
278,245,7.2923,13.951,29,22
256,211,7.2908,19.789,40,14
83,66,7.2903,4.2355,41,37
117,62,7.2889,8.9448,21,16
231,221,7.288,11.845,19,26
273,246,7.2877,3.1408,60,48
150,101,7.287,14.8,33,10
217,191,7.2859,7.0879,16,14
316,309,7.2851,16.062,9,16
313,155,7.2846,10.675,9,11
320,298,7.2842,10.431,32,22
34,13,7.2802,6.3844,69,76
25,19,7.2795,7.109,67,91
59,49,7.2784,9.3752,22,71
315,128,7.2764,13.54,9,13
129,71,7.2759,18.412,11,27
316,131,7.2728,14.071,9,17
118,110,7.2713,9.6831,28,17
157,104,7.2706,14.972,21,13
226,157,7.2699,32.821,25,21
150,144,7.2695,12.679,33,80
317,215,7.2687,24.229,13,25
126,107,7.268,3.9915,19,49
265,212,7.2676,17.299,83,18
211,136,7.2659,35.847,14,10
117,57,7.2657,11.261,21,25
195,151,7.2644,6.6747,16,7
130,102,7.2639,13.745,15,20
45,9,7.2638,6.2392,69,59
313,211,7.2618,37.601,9,14
226,211,7.2615,19.625,25,14
216,151,7.2612,19.078,14,7
157,100,7.2598,20.189,21,15
235,214,7.2593,6.8938,14,14
154,140,7.2579,12.634,10,9
233,210,7.256,16.614,57,35
229,222,7.2535,7.69,22,9
114,107,7.253,7.522,53,49
69,61,7.2525,21.707,45,40
193,127,7.2516,6.0133,15,18
264,224,7.251,13.886,51,22
236,226,7.2476,12.576,15,25
215,135,7.2475,27.362,25,10
252,38,7.2474,59.561,75,70
143,137,7.2472,5.1019,25,12
205,175,7.2471,5.3884,51,37
163,149,7.2461,9.3498,41,35
213,133,7.2455,32.127,13,10
211,141,7.245,45.218,14,10
154,138,7.2447,10.207,10,26
215,137,7.2435,29.007,25,12
312,141,7.2421,17.909,12,10
292,161,7.242,3.4601,53,18
317,151,7.2397,8.1133,13,7
64,47,7.2378,21.977,59,88
130,104,7.2373,8.626,15,13
99,69,7.2369,3.9769,25,45
290,284,7.2369,14.752,21,77
92,64,7.2363,4.4267,56,59
253,193,7.2362,16.941,41,15
285,279,7.2349,4.0692,29,38
127,99,7.2337,7.4332,18,25
199,192,7.2336,7.553,18,13
40,33,7.2322,8.0478,27,30
316,127,7.232,13.289,9,18
115,69,7.2302,15.232,25,45
303,157,7.2299,4.0139,36,21
316,295,7.2293,13.155,9,32
150,134,7.229,7.1302,33,20
277,222,7.2281,13.336,22,9
186,130,7.2255,18.087,27,15
178,32,7.2248,75.674,88,33
263,178,7.2241,14.328,28,88
313,32,7.2232,42.91,9,33
193,101,7.2207,15.149,15,10
275,74,7.2204,6.1226,51,44
234,138,7.2185,46.081,15,26
41,27,7.2175,14.934,57,14
93,72,7.2168,19.852,16,19
323,287,7.2166,3.8861,69,65
325,234,7.2159,27.296,19,15
313,216,7.2152,33.698,9,14
248,242,7.2148,10.417,15,34
312,133,7.2143,18.86,12,10
161,126,7.2136,12.576,18,19
158,58,7.2128,27.525,26,18
320,237,7.2127,30.945,32,20
281,74,7.2123,12.223,20,44
204,164,7.2113,3.0536,59,13
312,302,7.2094,10.431,12,25
193,130,7.2091,10.218,15,15
47,19,7.2085,11.81,88,91
155,137,7.207,5.9237,11,12
140,104,7.2069,11.048,9,13
111,70,7.2063,13.029,32,31
318,135,7.2039,19.518,16,10
65,50,7.2034,18.082,68,61
94,87,7.2031,3.1555,34,43
220,131,7.2024,18.971,29,17
97,69,7.2023,5.9526,19,45
113,98,7.2023,7.5284,13,27
240,177,7.2017,7.5805,46,22
284,247,7.1992,9.3499,77,81
316,139,7.1989,17.871,9,15
156,138,7.1986,6.9339,13,26
215,198,7.1963,3.5729,25,31
267,227,7.1956,17.012,63,18
235,215,7.1944,8.1053,14,25
306,299,7.1919,6.6843,15,11
320,221,7.1903,21.908,32,26
317,137,7.1883,12.489,13,12
216,127,7.1857,16.824,14,18
25,16,7.1857,11.15,67,84
112,97,7.185,7.2589,22,19
215,128,7.1845,18.772,25,13
117,52,7.1844,9.0925,21,19
313,152,7.183,12.153,9,12
132,104,7.1827,3.1122,15,13
156,128,7.1827,6.5291,13,13
220,152,7.1814,14.586,29,12
255,72,7.1813,18.694,22,19
212,136,7.181,32.467,18,10
