10,4,NaN,0,92,22
11,4,NaN,0,30,22
11,5,NaN,0,30,64
12,4,NaN,0,29,22
12,5,NaN,0,29,64
12,6,NaN,0,29,50
13,4,NaN,0,76,22
13,5,NaN,0,76,64
13,6,NaN,0,76,50
13,7,NaN,0,76,37
14,4,NaN,0,77,22
14,5,NaN,0,77,64
14,6,NaN,0,77,50
14,7,NaN,0,77,37
14,8,NaN,0,77,74
15,4,NaN,0,85,22
15,5,NaN,0,85,64
15,6,NaN,0,85,50
15,7,NaN,0,85,37
15,8,NaN,0,85,74
15,9,NaN,0,85,59
16,4,NaN,0,84,22
16,5,NaN,0,84,64
16,6,NaN,0,84,50
16,7,NaN,0,84,37
16,8,NaN,0,84,74
16,9,NaN,0,84,59
16,10,NaN,0,84,92
17,4,NaN,0,17,22
17,5,NaN,0,17,64
17,6,NaN,0,17,50
17,7,NaN,0,17,37
17,8,NaN,0,17,74
17,9,NaN,0,17,59
17,10,NaN,0,17,92
17,11,NaN,0,17,30
18,4,NaN,0,32,22
18,5,NaN,0,32,64
18,6,NaN,0,32,50
18,7,NaN,0,32,37
18,8,NaN,0,32,74
18,9,NaN,0,32,59
18,10,NaN,0,32,92
18,11,NaN,0,32,30
18,12,NaN,0,32,29
19,4,NaN,0,91,22
19,5,NaN,0,91,64
19,6,NaN,0,91,50
19,7,NaN,0,91,37
19,8,NaN,0,91,74
19,9,NaN,0,91,59
19,10,NaN,0,91,92
19,11,NaN,0,91,30
19,12,NaN,0,91,29
19,13,NaN,0,91,76
20,4,NaN,0,87,22
20,5,NaN,0,87,64
20,6,NaN,0,87,50
20,7,NaN,0,87,37
20,8,NaN,0,87,74
20,9,NaN,0,87,59
20,10,NaN,0,87,92
20,11,NaN,0,87,30
20,12,NaN,0,87,29
20,13,NaN,0,87,76
20,14,NaN,0,87,77
21,4,NaN,0,94,22
21,5,NaN,0,94,64
21,6,NaN,0,94,50
21,7,NaN,0,94,37
21,8,NaN,0,94,74
21,9,NaN,0,94,59
21,10,NaN,0,94,92
21,11,NaN,0,94,30
21,12,NaN,0,94,29
21,13,NaN,0,94,76
21,14,NaN,0,94,77
21,15,NaN,0,94,85
22,4,NaN,0,67,22
22,5,NaN,0,67,64
22,6,NaN,0,67,50
22,7,NaN,0,67,37
22,8,NaN,0,67,74
22,9,NaN,0,67,59
22,10,NaN,0,67,92
22,11,NaN,0,67,30
22,12,NaN,0,67,29
22,13,NaN,0,67,76
22,14,NaN,0,67,77
22,15,NaN,0,67,85
22,16,NaN,0,67,84
23,4,NaN,0,60,22
23,5,NaN,0,60,64
23,6,NaN,0,60,50
23,7,NaN,0,60,37
23,8,NaN,0,60,74
23,9,NaN,0,60,59
23,10,NaN,0,60,92
23,11,NaN,0,60,30
23,12,NaN,0,60,29
23,13,NaN,0,60,76
23,14,NaN,0,60,77
23,15,NaN,0,60,85
23,16,NaN,0,60,84
23,17,NaN,0,60,17
24,4,NaN,0,56,22
24,5,NaN,0,56,64
24,6,NaN,0,56,50
24,7,NaN,0,56,37
24,8,NaN,0,56,74
24,9,NaN,0,56,59
24,10,NaN,0,56,92
24,11,NaN,0,56,30
24,12,NaN,0,56,29
24,13,NaN,0,56,76
24,14,NaN,0,56,77
24,15,NaN,0,56,85
24,16,NaN,0,56,84
24,17,NaN,0,56,17
24,18,NaN,0,56,32
25,4,NaN,0,67,22
25,5,NaN,0,67,64
25,6,NaN,0,67,50
25,7,NaN,0,67,37
25,8,NaN,0,67,74
25,9,NaN,0,67,59
25,10,NaN,0,67,92
25,11,NaN,0,67,30
25,12,NaN,0,67,29
25,13,NaN,0,67,76
25,14,NaN,0,67,77
25,15,NaN,0,67,85
25,16,NaN,0,67,84
25,17,NaN,0,67,17
25,18,NaN,0,67,32
25,19,NaN,0,67,91
26,4,NaN,0,32,22
26,5,NaN,0,32,64
26,6,NaN,0,32,50
26,7,NaN,0,32,37
26,8,NaN,0,32,74
26,9,NaN,0,32,59
26,10,NaN,0,32,92
26,11,NaN,0,32,30
26,12,NaN,0,32,29
26,13,NaN,0,32,76
26,14,NaN,0,32,77
26,15,NaN,0,32,85
26,16,NaN,0,32,84
26,17,NaN,0,32,17
26,18,NaN,0,32,32
26,19,NaN,0,32,91
26,20,NaN,0,32,87
27,4,NaN,0,14,22
27,5,NaN,0,14,64
27,6,NaN,0,14,50
27,7,NaN,0,14,37
27,8,NaN,0,14,74
27,9,NaN,0,14,59
27,10,NaN,0,14,92
27,11,NaN,0,14,30
27,12,NaN,0,14,29
27,13,NaN,0,14,76
27,14,NaN,0,14,77
27,15,NaN,0,14,85
27,16,NaN,0,14,84
27,17,NaN,0,14,17
27,18,NaN,0,14,32
27,19,NaN,0,14,91
27,20,NaN,0,14,87
27,21,NaN,0,14,94
28,4,NaN,0,23,22
28,5,NaN,0,23,64
28,6,NaN,0,23,50
28,7,NaN,0,23,37
28,8,NaN,0,23,74
28,9,NaN,0,23,59
28,10,NaN,0,23,92
28,11,NaN,0,23,30
28,12,NaN,0,23,29
28,13,NaN,0,23,76
28,14,NaN,0,23,77
28,15,NaN,0,23,85
28,16,NaN,0,23,84
28,17,NaN,0,23,17
28,18,NaN,0,23,32
28,19,NaN,0,23,91
28,20,NaN,0,23,87
28,21,NaN,0,23,94
28,22,NaN,0,23,67
29,4,NaN,0,11,22
29,5,NaN,0,11,64
29,6,NaN,0,11,50
29,7,NaN,0,11,37
29,8,NaN,0,11,74
29,9,NaN,0,11,59
29,10,NaN,0,11,92
29,11,NaN,0,11,30
29,12,NaN,0,11,29
29,13,NaN,0,11,76
29,14,NaN,0,11,77
29,15,NaN,0,11,85
29,16,NaN,0,11,84
29,17,NaN,0,11,17
29,18,NaN,0,11,32
29,19,NaN,0,11,91
29,20,NaN,0,11,87
29,21,NaN,0,11,94
29,22,NaN,0,11,67
29,23,NaN,0,11,60
30,4,NaN,0,66,22
30,5,NaN,0,66,64
30,6,NaN,0,66,50
30,7,NaN,0,66,37
30,8,NaN,0,66,74
30,9,NaN,0,66,59
30,10,NaN,0,66,92
30,11,NaN,0,66,30
30,12,NaN,0,66,29
30,13,NaN,0,66,76
30,14,NaN,0,66,77
30,15,NaN,0,66,85
30,16,NaN,0,66,84
30,17,NaN,0,66,17
30,18,NaN,0,66,32
30,19,NaN,0,66,91
30,20,NaN,0,66,87
30,21,NaN,0,66,94
30,22,NaN,0,66,67
30,23,NaN,0,66,60
30,24,NaN,0,66,56
31,4,NaN,0,55,22
31,5,NaN,0,55,64
31,6,NaN,0,55,50
31,7,NaN,0,55,37
31,8,NaN,0,55,74
31,9,NaN,0,55,59
31,10,NaN,0,55,92
31,11,NaN,0,55,30
31,12,NaN,0,55,29
31,13,NaN,0,55,76
31,14,NaN,0,55,77
31,15,NaN,0,55,85
31,16,NaN,0,55,84
31,17,NaN,0,55,17
31,18,NaN,0,55,32
31,19,NaN,0,55,91
31,20,NaN,0,55,87
31,21,NaN,0,55,94
31,22,NaN,0,55,67
31,23,NaN,0,55,60
31,24,NaN,0,55,56
31,25,NaN,0,55,67
32,4,NaN,0,33,22
32,5,NaN,0,33,64
32,6,NaN,0,33,50
32,7,NaN,0,33,37
32,8,NaN,0,33,74
32,9,NaN,0,33,59
32,10,NaN,0,33,92
32,11,NaN,0,33,30
32,12,NaN,0,33,29
32,13,NaN,0,33,76
32,14,NaN,0,33,77
32,15,NaN,0,33,85
32,16,NaN,0,33,84
32,17,NaN,0,33,17
32,18,NaN,0,33,32
32,19,NaN,0,33,91
32,20,NaN,0,33,87
32,21,NaN,0,33,94
32,22,NaN,0,33,67
32,23,NaN,0,33,60
32,24,NaN,0,33,56
32,25,NaN,0,33,67
32,26,NaN,0,33,32
33,4,NaN,0,30,22
33,5,NaN,0,30,64
33,6,NaN,0,30,50
33,7,NaN,0,30,37
33,8,NaN,0,30,74
33,9,NaN,0,30,59
33,10,NaN,0,30,92
33,11,NaN,0,30,30
33,12,NaN,0,30,29
33,13,NaN,0,30,76
33,14,NaN,0,30,77
33,15,NaN,0,30,85
33,16,NaN,0,30,84
33,17,NaN,0,30,17
33,18,NaN,0,30,32
33,19,NaN,0,30,91
33,20,NaN,0,30,87
33,21,NaN,0,30,94
33,22,NaN,0,30,67
33,23,NaN,0,30,60
33,24,NaN,0,30,56
33,25,NaN,0,30,67
33,26,NaN,0,30,32
33,27,NaN,0,30,14
34,4,NaN,0,69,22
34,5,NaN,0,69,64
34,6,NaN,0,69,50
34,7,NaN,0,69,37
34,8,NaN,0,69,74
34,9,NaN,0,69,59
34,10,NaN,0,69,92
34,11,NaN,0,69,30
34,12,NaN,0,69,29
34,13,NaN,0,69,76
34,14,NaN,0,69,77
34,15,NaN,0,69,85
34,16,NaN,0,69,84
34,17,NaN,0,69,17
34,18,NaN,0,69,32
34,19,NaN,0,69,91
34,20,NaN,0,69,87
34,21,NaN,0,69,94
34,22,NaN,0,69,67
34,23,NaN,0,69,60
34,24,NaN,0,69,56
34,25,NaN,0,69,67
34,26,NaN,0,69,32
34,27,NaN,0,69,14
34,28,NaN,0,69,23
35,4,NaN,0,57,22
35,5,NaN,0,57,64
35,6,NaN,0,57,50
35,7,NaN,0,57,37
35,8,NaN,0,57,74
35,9,NaN,0,57,59
35,10,NaN,0,57,92
35,11,NaN,0,57,30
35,12,NaN,0,57,29
35,13,NaN,0,57,76
35,14,NaN,0,57,77
35,15,NaN,0,57,85
35,16,NaN,0,57,84
35,17,NaN,0,57,17
35,18,NaN,0,57,32
35,19,NaN,0,57,91
35,20,NaN,0,57,87
35,21,NaN,0,57,94
35,22,NaN,0,57,67
35,23,NaN,0,57,60
35,24,NaN,0,57,56
35,25,NaN,0,57,67
35,26,NaN,0,57,32
35,27,NaN,0,57,14
35,28,NaN,0,57,23
35,29,NaN,0,57,11
36,4,NaN,0,29,22
36,5,NaN,0,29,64
36,6,NaN,0,29,50
36,7,NaN,0,29,37
36,8,NaN,0,29,74
36,9,NaN,0,29,59
36,10,NaN,0,29,92
36,11,NaN,0,29,30
36,12,NaN,0,29,29
36,13,NaN,0,29,76
36,14,NaN,0,29,77
36,15,NaN,0,29,85
36,16,NaN,0,29,84
36,17,NaN,0,29,17
36,18,NaN,0,29,32
36,19,NaN,0,29,91
36,20,NaN,0,29,87
36,21,NaN,0,29,94
36,22,NaN,0,29,67
36,23,NaN,0,29,60
36,24,NaN,0,29,56
36,25,NaN,0,29,67
36,26,NaN,0,29,32
36,27,NaN,0,29,14
36,28,NaN,0,29,23
36,29,NaN,0,29,11
36,30,NaN,0,29,66
37,4,NaN,0,39,22
37,5,NaN,0,39,64
37,6,NaN,0,39,50
37,7,NaN,0,39,37
37,8,NaN,0,39,74
37,9,NaN,0,39,59
37,10,NaN,0,39,92
37,11,NaN,0,39,30
37,12,NaN,0,39,29
37,13,NaN,0,39,76
37,14,NaN,0,39,77
37,15,NaN,0,39,85
37,16,NaN,0,39,84
37,17,NaN,0,39,17
37,18,NaN,0,39,32
37,19,NaN,0,39,91
37,20,NaN,0,39,87
37,21,NaN,0,39,94
37,22,NaN,0,39,67
37,23,NaN,0,39,60
37,24,NaN,0,39,56
37,25,NaN,0,39,67
37,26,NaN,0,39,32
37,27,NaN,0,39,14
37,28,NaN,0,39,23
37,29,NaN,0,39,11
37,30,NaN,0,39,66
37,31,NaN,0,39,55
38,4,NaN,0,70,22
38,5,NaN,0,70,64
38,6,NaN,0,70,50
38,7,NaN,0,70,37
38,8,NaN,0,70,74
38,9,NaN,0,70,59
38,10,NaN,0,70,92
38,11,NaN,0,70,30
38,12,NaN,0,70,29
38,13,NaN,0,70,76
38,14,NaN,0,70,77
38,15,NaN,0,70,85
38,16,NaN,0,70,84
38,17,NaN,0,70,17
38,18,NaN,0,70,32
38,19,NaN,0,70,91
38,20,NaN,0,70,87
38,21,NaN,0,70,94
38,22,NaN,0,70,67
38,23,NaN,0,70,60
38,24,NaN,0,70,56
38,25,NaN,0,70,67
38,26,NaN,0,70,32
38,27,NaN,0,70,14
38,28,NaN,0,70,23
38,29,NaN,0,70,11
38,30,NaN,0,70,66
38,31,NaN,0,70,55
38,32,NaN,0,70,33
39,4,NaN,0,25,22
39,5,NaN,0,25,64
39,6,NaN,0,25,50
39,7,NaN,0,25,37
39,8,NaN,0,25,74
39,9,NaN,0,25,59
39,10,NaN,0,25,92
39,11,NaN,0,25,30
39,12,NaN,0,25,29
39,13,NaN,0,25,76
39,14,NaN,0,25,77
39,15,NaN,0,25,85
39,16,NaN,0,25,84
39,17,NaN,0,25,17
39,18,NaN,0,25,32
39,19,NaN,0,25,91
39,20,NaN,0,25,87
39,21,NaN,0,25,94
39,22,NaN,0,25,67
39,23,NaN,0,25,60
39,24,NaN,0,25,56
39,25,NaN,0,25,67
39,26,NaN,0,25,32
39,27,NaN,0,25,14
39,28,NaN,0,25,23
39,29,NaN,0,25,11
39,30,NaN,0,25,66
39,31,NaN,0,25,55
39,32,NaN,0,25,33
39,33,NaN,0,25,30
40,4,NaN,0,27,22
40,5,NaN,0,27,64
40,6,NaN,0,27,50
40,7,NaN,0,27,37
40,8,NaN,0,27,74
40,9,NaN,0,27,59
40,10,NaN,0,27,92
40,11,NaN,0,27,30
40,12,NaN,0,27,29
40,13,NaN,0,27,76
40,14,NaN,0,27,77
40,15,NaN,0,27,85
40,16,NaN,0,27,84
40,17,NaN,0,27,17
40,18,NaN,0,27,32
40,19,NaN,0,27,91
40,20,NaN,0,27,87
40,21,NaN,0,27,94
40,22,NaN,0,27,67
40,23,NaN,0,27,60
40,24,NaN,0,27,56
40,25,NaN,0,27,67
40,26,NaN,0,27,32
40,27,NaN,0,27,14
40,28,NaN,0,27,23
40,29,NaN,0,27,11
40,30,NaN,0,27,66
40,31,NaN,0,27,55
40,32,NaN,0,27,33
40,33,NaN,0,27,30
40,34,NaN,0,27,69
41,4,NaN,0,57,22
41,5,NaN,0,57,64
41,6,NaN,0,57,50
41,7,NaN,0,57,37
41,8,NaN,0,57,74
41,9,NaN,0,57,59
41,10,NaN,0,57,92
41,11,NaN,0,57,30
41,12,NaN,0,57,29
41,13,NaN,0,57,76
41,14,NaN,0,57,77
41,15,NaN,0,57,85
41,16,NaN,0,57,84
41,17,NaN,0,57,17
41,18,NaN,0,57,32
41,19,NaN,0,57,91
41,20,NaN,0,57,87
41,21,NaN,0,57,94
41,22,NaN,0,57,67
41,23,NaN,0,57,60
41,24,NaN,0,57,56
41,25,NaN,0,57,67
41,26,NaN,0,57,32
41,27,NaN,0,57,14
41,28,NaN,0,57,23
41,29,NaN,0,57,11
41,30,NaN,0,57,66
41,31,NaN,0,57,55
41,32,NaN,0,57,33
41,33,NaN,0,57,30
41,34,NaN,0,57,69
41,35,NaN,0,57,57
42,4,NaN,0,30,22
42,5,NaN,0,30,64
42,6,NaN,0,30,50
42,7,NaN,0,30,37
42,8,NaN,0,30,74
42,9,NaN,0,30,59
42,10,NaN,0,30,92
42,11,NaN,0,30,30
42,12,NaN,0,30,29
42,13,NaN,0,30,76
42,14,NaN,0,30,77
42,15,NaN,0,30,85
42,16,NaN,0,30,84
42,17,NaN,0,30,17
42,18,NaN,0,30,32
42,19,NaN,0,30,91
42,20,NaN,0,30,87
42,21,NaN,0,30,94
42,22,NaN,0,30,67
42,23,NaN,0,30,60
42,24,NaN,0,30,56
42,25,NaN,0,30,67
42,26,NaN,0,30,32
42,27,NaN,0,30,14
42,28,NaN,0,30,23
42,29,NaN,0,30,11
42,30,NaN,0,30,66
42,31,NaN,0,30,55
42,32,NaN,0,30,33
42,33,NaN,0,30,30
42,34,NaN,0,30,69
42,35,NaN,0,30,57
42,36,NaN,0,30,29
43,4,NaN,0,26,22
43,5,NaN,0,26,64
43,6,NaN,0,26,50
43,7,NaN,0,26,37
43,8,NaN,0,26,74
43,9,NaN,0,26,59
43,10,NaN,0,26,92
43,11,NaN,0,26,30
43,12,NaN,0,26,29
43,13,NaN,0,26,76
43,14,NaN,0,26,77
43,15,NaN,0,26,85
43,16,NaN,0,26,84
43,17,NaN,0,26,17
43,18,NaN,0,26,32
43,19,NaN,0,26,91
43,20,NaN,0,26,87
43,21,NaN,0,26,94
43,22,NaN,0,26,67
43,23,NaN,0,26,60
43,24,NaN,0,26,56
43,25,NaN,0,26,67
43,26,NaN,0,26,32
43,27,NaN,0,26,14
43,28,NaN,0,26,23
43,29,NaN,0,26,11
43,30,NaN,0,26,66
43,31,NaN,0,26,55
43,32,NaN,0,26,33
43,33,NaN,0,26,30
43,34,NaN,0,26,69
43,35,NaN,0,26,57
43,36,NaN,0,26,29
43,37,NaN,0,26,39
44,4,NaN,0,45,22
44,5,NaN,0,45,64
44,6,NaN,0,45,50
44,7,NaN,0,45,37
44,8,NaN,0,45,74
44,9,NaN,0,45,59
44,10,NaN,0,45,92
44,11,NaN,0,45,30
44,12,NaN,0,45,29
44,13,NaN,0,45,76
44,14,NaN,0,45,77
44,15,NaN,0,45,85
44,16,NaN,0,45,84
44,17,NaN,0,45,17
44,18,NaN,0,45,32
44,19,NaN,0,45,91
44,20,NaN,0,45,87
44,21,NaN,0,45,94
44,22,NaN,0,45,67
44,23,NaN,0,45,60
44,24,NaN,0,45,56
44,25,NaN,0,45,67
44,26,NaN,0,45,32
44,27,NaN,0,45,14
44,28,NaN,0,45,23
44,29,NaN,0,45,11
44,30,NaN,0,45,66
44,31,NaN,0,45,55
44,32,NaN,0,45,33
44,33,NaN,0,45,30
44,34,NaN,0,45,69
44,35,NaN,0,45,57
44,36,NaN,0,45,29
44,37,NaN,0,45,39
44,38,NaN,0,45,70
45,4,NaN,0,69,22
45,5,NaN,0,69,64
45,6,NaN,0,69,50
45,7,NaN,0,69,37
45,8,NaN,0,69,74
45,9,NaN,0,69,59
45,10,NaN,0,69,92
45,11,NaN,0,69,30
45,12,NaN,0,69,29
45,13,NaN,0,69,76
45,14,NaN,0,69,77
45,15,NaN,0,69,85
45,16,NaN,0,69,84
45,17,NaN,0,69,17
45,18,NaN,0,69,32
45,19,NaN,0,69,91
45,20,NaN,0,69,87
45,21,NaN,0,69,94
45,22,NaN,0,69,67
45,23,NaN,0,69,60
45,24,NaN,0,69,56
45,25,NaN,0,69,67
45,26,NaN,0,69,32
45,27,NaN,0,69,14
45,28,NaN,0,69,23
45,29,NaN,0,69,11
45,30,NaN,0,69,66
45,31,NaN,0,69,55
45,32,NaN,0,69,33
45,33,NaN,0,69,30
45,34,NaN,0,69,69
45,35,NaN,0,69,57
45,36,NaN,0,69,29
45,37,NaN,0,69,39
45,38,NaN,0,69,70
45,39,NaN,0,69,25
46,4,NaN,0,49,22
46,5,NaN,0,49,64
46,6,NaN,0,49,50
46,7,NaN,0,49,37
46,8,NaN,0,49,74
46,9,NaN,0,49,59
46,10,NaN,0,49,92
46,11,NaN,0,49,30
46,12,NaN,0,49,29
46,13,NaN,0,49,76
46,14,NaN,0,49,77
46,15,NaN,0,49,85
46,16,NaN,0,49,84
46,17,NaN,0,49,17
46,18,NaN,0,49,32
46,19,NaN,0,49,91
46,20,NaN,0,49,87
46,21,NaN,0,49,94
46,22,NaN,0,49,67
46,23,NaN,0,49,60
46,24,NaN,0,49,56
46,25,NaN,0,49,67
46,26,NaN,0,49,32
46,27,NaN,0,49,14
46,28,NaN,0,49,23
46,29,NaN,0,49,11
46,30,NaN,0,49,66
46,31,NaN,0,49,55
46,32,NaN,0,49,33
46,33,NaN,0,49,30
46,34,NaN,0,49,69
46,35,NaN,0,49,57
46,36,NaN,0,49,29
46,37,NaN,0,49,39
46,38,NaN,0,49,70
46,39,NaN,0,49,25
46,40,NaN,0,49,27
47,4,NaN,0,88,22
47,5,NaN,0,88,64
47,6,NaN,0,88,50
47,7,NaN,0,88,37
47,8,NaN,0,88,74
47,9,NaN,0,88,59
47,10,NaN,0,88,92
47,11,NaN,0,88,30
47,12,NaN,0,88,29
47,13,NaN,0,88,76
47,14,NaN,0,88,77
47,15,NaN,0,88,85
47,16,NaN,0,88,84
47,17,NaN,0,88,17
47,18,NaN,0,88,32
47,19,NaN,0,88,91
47,20,NaN,0,88,87
47,21,NaN,0,88,94
47,22,NaN,0,88,67
47,23,NaN,0,88,60
47,24,NaN,0,88,56
47,25,NaN,0,88,67
47,26,NaN,0,88,32
47,27,NaN,0,88,14
47,28,NaN,0,88,23
47,29,NaN,0,88,11
47,30,NaN,0,88,66
47,31,NaN,0,88,55
47,32,NaN,0,88,33
47,33,NaN,0,88,30
47,34,NaN,0,88,69
47,35,NaN,0,88,57
47,36,NaN,0,88,29
47,37,NaN,0,88,39
47,38,NaN,0,88,70
47,39,NaN,0,88,25
47,40,NaN,0,88,27
47,41,NaN,0,88,57
48,4,NaN,0,22,22
48,5,NaN,0,22,64
48,6,NaN,0,22,50
48,7,NaN,0,22,37
48,8,NaN,0,22,74
48,9,NaN,0,22,59
48,10,NaN,0,22,92
48,11,NaN,0,22,30
48,12,NaN,0,22,29
48,13,NaN,0,22,76
48,14,NaN,0,22,77
48,15,NaN,0,22,85
48,16,NaN,0,22,84
48,17,NaN,0,22,17
48,18,NaN,0,22,32
48,19,NaN,0,22,91
48,20,NaN,0,22,87
48,21,NaN,0,22,94
48,22,NaN,0,22,67
48,23,NaN,0,22,60
48,24,NaN,0,22,56
48,25,NaN,0,22,67
48,26,NaN,0,22,32
48,27,NaN,0,22,14
48,28,NaN,0,22,23
48,29,NaN,0,22,11
48,30,NaN,0,22,66
48,31,NaN,0,22,55
48,32,NaN,0,22,33
48,33,NaN,0,22,30
48,34,NaN,0,22,69
48,35,NaN,0,22,57
48,36,NaN,0,22,29
48,37,NaN,0,22,39
48,38,NaN,0,22,70
48,39,NaN,0,22,25
48,40,NaN,0,22,27
48,41,NaN,0,22,57
48,42,NaN,0,22,30
49,4,NaN,0,71,22
49,5,NaN,0,71,64
49,6,NaN,0,71,50
49,7,NaN,0,71,37
49,8,NaN,0,71,74
49,9,NaN,0,71,59
49,10,NaN,0,71,92
49,11,NaN,0,71,30
49,12,NaN,0,71,29
49,13,NaN,0,71,76
49,14,NaN,0,71,77
49,15,NaN,0,71,85
49,16,NaN,0,71,84
49,17,NaN,0,71,17
49,18,NaN,0,71,32
49,19,NaN,0,71,91
49,20,NaN,0,71,87
49,21,NaN,0,71,94
49,22,NaN,0,71,67
49,23,NaN,0,71,60
49,24,NaN,0,71,56
49,25,NaN,0,71,67
49,26,NaN,0,71,32
49,27,NaN,0,71,14
49,28,NaN,0,71,23
49,29,NaN,0,71,11
49,30,NaN,0,71,66
49,31,NaN,0,71,55
49,32,NaN,0,71,33
49,33,NaN,0,71,30
49,34,NaN,0,71,69
49,35,NaN,0,71,57
49,36,NaN,0,71,29
49,37,NaN,0,71,39
49,38,NaN,0,71,70
49,39,NaN,0,71,25
49,40,NaN,0,71,27
49,41,NaN,0,71,57
49,42,NaN,0,71,30
49,43,NaN,0,71,26
50,4,NaN,0,61,22
50,5,NaN,0,61,64
50,6,NaN,0,61,50
50,7,NaN,0,61,37
50,8,NaN,0,61,74
50,9,NaN,0,61,59
50,10,NaN,0,61,92
50,11,NaN,0,61,30
50,12,NaN,0,61,29
50,13,NaN,0,61,76
50,14,NaN,0,61,77
50,15,NaN,0,61,85
50,16,NaN,0,61,84
50,17,NaN,0,61,17
50,18,NaN,0,61,32
50,19,NaN,0,61,91
50,20,NaN,0,61,87
50,21,NaN,0,61,94
50,22,NaN,0,61,67
50,23,NaN,0,61,60
50,24,NaN,0,61,56
50,25,NaN,0,61,67
50,26,NaN,0,61,32
50,27,NaN,0,61,14
50,28,NaN,0,61,23
50,29,NaN,0,61,11
50,30,NaN,0,61,66
50,31,NaN,0,61,55
50,32,NaN,0,61,33
50,33,NaN,0,61,30
50,34,NaN,0,61,69
50,35,NaN,0,61,57
50,36,NaN,0,61,29
50,37,NaN,0,61,39
50,38,NaN,0,61,70
50,39,NaN,0,61,25
50,40,NaN,0,61,27
50,41,NaN,0,61,57
50,42,NaN,0,61,30
50,43,NaN,0,61,26
50,44,NaN,0,61,45
51,4,NaN,0,24,22
51,5,NaN,0,24,64
51,6,NaN,0,24,50
51,7,NaN,0,24,37
51,8,NaN,0,24,74
51,9,NaN,0,24,59
51,10,NaN,0,24,92
51,11,NaN,0,24,30
51,12,NaN,0,24,29
51,13,NaN,0,24,76
51,14,NaN,0,24,77
51,15,NaN,0,24,85
51,16,NaN,0,24,84
51,17,NaN,0,24,17
51,18,NaN,0,24,32
51,19,NaN,0,24,91
51,20,NaN,0,24,87
51,21,NaN,0,24,94
51,22,NaN,0,24,67
51,23,NaN,0,24,60
51,24,NaN,0,24,56
51,25,NaN,0,24,67
51,26,NaN,0,24,32
51,27,NaN,0,24,14
51,28,NaN,0,24,23
51,29,NaN,0,24,11
51,30,NaN,0,24,66
51,31,NaN,0,24,55
51,32,NaN,0,24,33
51,33,NaN,0,24,30
51,34,NaN,0,24,69
51,35,NaN,0,24,57
51,36,NaN,0,24,29
51,37,NaN,0,24,39
51,38,NaN,0,24,70
51,39,NaN,0,24,25
51,40,NaN,0,24,27
51,41,NaN,0,24,57
51,42,NaN,0,24,30
51,43,NaN,0,24,26
51,44,NaN,0,24,45
51,45,NaN,0,24,69
52,4,NaN,0,19,22
52,5,NaN,0,19,64
52,6,NaN,0,19,50
52,7,NaN,0,19,37
52,8,NaN,0,19,74
52,9,NaN,0,19,59
52,10,NaN,0,19,92
52,11,NaN,0,19,30
52,12,NaN,0,19,29
52,13,NaN,0,19,76
52,14,NaN,0,19,77
52,15,NaN,0,19,85
52,16,NaN,0,19,84
52,17,NaN,0,19,17
52,18,NaN,0,19,32
52,19,NaN,0,19,91
52,20,NaN,0,19,87
52,21,NaN,0,19,94
52,22,NaN,0,19,67
52,23,NaN,0,19,60
52,24,NaN,0,19,56
52,25,NaN,0,19,67
52,26,NaN,0,19,32
52,27,NaN,0,19,14
52,28,NaN,0,19,23
52,29,NaN,0,19,11
52,30,NaN,0,19,66
52,31,NaN,0,19,55
52,32,NaN,0,19,33
52,33,NaN,0,19,30
52,34,NaN,0,19,69
52,35,NaN,0,19,57
52,36,NaN,0,19,29
52,37,NaN,0,19,39
52,38,NaN,0,19,70
52,39,NaN,0,19,25
52,40,NaN,0,19,27
52,41,NaN,0,19,57
52,42,NaN,0,19,30
52,43,NaN,0,19,26
52,44,NaN,0,19,45
52,45,NaN,0,19,69
52,46,NaN,0,19,49
53,4,NaN,0,80,22
53,5,NaN,0,80,64
53,6,NaN,0,80,50
53,7,NaN,0,80,37
53,8,NaN,0,80,74
53,9,NaN,0,80,59
53,10,NaN,0,80,92
53,11,NaN,0,80,30
53,12,NaN,0,80,29
53,13,NaN,0,80,76
53,14,NaN,0,80,77
53,15,NaN,0,80,85
53,16,NaN,0,80,84
53,17,NaN,0,80,17
53,18,NaN,0,80,32
53,19,NaN,0,80,91
53,20,NaN,0,80,87
53,21,NaN,0,80,94
53,22,NaN,0,80,67
53,23,NaN,0,80,60
53,24,NaN,0,80,56
53,25,NaN,0,80,67
53,26,NaN,0,80,32
53,27,NaN,0,80,14
53,28,NaN,0,80,23
53,29,NaN,0,80,11
53,30,NaN,0,80,66
53,31,NaN,0,80,55
53,32,NaN,0,80,33
53,33,NaN,0,80,30
53,34,NaN,0,80,69
53,35,NaN,0,80,57
53,36,NaN,0,80,29
53,37,NaN,0,80,39
53,38,NaN,0,80,70
53,39,NaN,0,80,25
53,40,NaN,0,80,27
53,41,NaN,0,80,57
53,42,NaN,0,80,30
53,43,NaN,0,80,26
53,44,NaN,0,80,45
53,45,NaN,0,80,69
53,46,NaN,0,80,49
53,47,NaN,0,80,88
54,4,NaN,0,54,22
54,5,NaN,0,54,64
54,6,NaN,0,54,50
54,7,NaN,0,54,37
54,8,NaN,0,54,74
54,9,NaN,0,54,59
54,10,NaN,0,54,92
54,11,NaN,0,54,30
54,12,NaN,0,54,29
54,13,NaN,0,54,76
