253,244,15.34,0,41,34
269,179,14.561,0,48,57
240,179,14.542,0,46,57
271,170,11.05,0,39,56
41,12,10.848,0,57,29
288,247,9.8258,0,65,81
241,174,8.6637,0,76,80
41,13,8.4514,0,57,76
203,164,8.3237,0,17,13
17,6,7.8944,0,17,50
272,247,7.6754,0,73,81
17,7,7.5269,0,17,37
30,23,7.2948,0,66,60
44,12,7.2632,0,45,29
252,225,7.1458,0,75,63
245,184,6.9747,0,22,25
273,166,6.8393,0,60,42
297,82,6.8264,0,70,52
42,24,6.7713,0,30,56
304,121,6.7075,0,67,78
56,50,6.6872,0,78,61
208,175,6.6253,0,27,37
201,171,6.6129,0,47,36
28,22,6.5645,0,23,67
290,275,6.4901,0,21,51
283,258,6.4728,0,12,17
256,230,6.4124,0,40,14
207,168,6.3868,0,28,20
268,242,6.3808,0,27,34
119,65,6.2657,0,51,68
41,9,6.1278,0,57,59
307,157,6.1118,0,21,21
298,86,5.9425,0,22,18
325,173,5.935,0,19,37
30,22,5.8623,0,66,67
241,179,5.854,0,76,57
243,167,5.8147,0,48,35
321,169,5.8092,0,24,23
300,148,5.7794,0,66,23
268,257,5.7354,0,27,42
21,6,5.7281,0,94,50
329,173,5.7123,0,33,37
204,172,5.6853,0,59,21
239,183,5.6438,0,49,43
20,13,5.517,0,87,76
204,171,5.4735,0,59,36
324,290,5.4347,0,33,21
204,168,5.4094,0,59,20
319,299,5.3907,0,37,11
275,247,5.381,0,51,81
241,182,5.3444,0,76,70
204,175,5.3248,0,59,37
302,86,5.269,0,25,18
287,265,5.2139,0,65,83
61,53,5.2077,0,40,80
260,230,5.2045,0,16,14
19,6,5.1494,0,91,50
39,23,5.1307,0,25,60
322,290,5.1257,0,22,21
13,6,5.1124,0,76,50
240,181,5.0885,0,46,36
329,177,5.0732,0,33,22
38,23,5.0725,0,70,60
208,172,5.0693,0,27,21
274,246,5.0483,0,68,48
288,275,5.0427,0,65,51
272,250,5.0205,0,73,83
288,272,5.0181,0,65,73
274,247,5.0165,0,68,81
287,271,5.0151,0,65,39
326,275,5.0015,0,73,51
200,171,4.9722,0,77,36
240,180,4.9698,0,46,37
198,184,4.9572,0,31,25
123,83,4.9394,0,58,41
294,85,4.9372,0,18,14
42,23,4.9161,0,30,60
250,244,4.9147,0,83,34
260,234,4.8955,0,16,15
27,6,4.8934,0,14,50
291,161,4.8463,0,46,18
301,87,4.8457,0,31,43
98,84,4.8439,0,27,44
34,15,4.8019,0,69,85
203,168,4.7536,0,17,20
27,18,4.7422,0,14,32
287,173,4.7282,0,65,37
256,226,4.7049,0,40,25
305,90,4.6789,0,43,16
296,148,4.6532,0,31,23
110,97,4.6488,0,17,19
287,269,4.6352,0,65,48
276,74,4.5977,0,25,44
259,226,4.5729,0,31,25
301,86,4.5363,0,31,18
291,274,4.527,0,46,68
305,92,4.5229,0,43,56
286,250,4.4993,0,75,83
321,161,4.4859,0,24,18
278,247,4.4792,0,29,81
293,75,4.4538,0,15,44
268,262,4.4404,0,27,36
53,44,4.4366,0,80,45
328,265,4.4302,0,66,83
287,250,4.4179,0,65,83
253,229,4.4164,0,41,22
38,10,4.3896,0,70,92
38,30,4.3876,0,70,66
329,287,4.3815,0,33,65
282,254,4.3784,0,20,33
92,62,4.3631,0,56,16
80,18,4.3566,0,22,32
199,164,4.3555,0,18,13
156,147,4.3415,0,13,26
126,99,4.3413,0,19,25
327,285,4.3383,0,21,29
276,247,4.334,0,25,81
27,21,4.3326,0,14,94
328,287,4.3073,0,66,65
197,163,4.2974,0,87,41
288,276,4.2972,0,65,25
288,250,4.2962,0,65,83
21,13,4.2873,0,94,76
45,4,4.2603,0,69,22
251,244,4.2447,0,24,34
286,270,4.2347,0,75,44
21,10,4.2294,0,94,92
38,32,4.2121,0,70,33
273,197,4.2088,0,60,87
38,13,4.2051,0,70,76
22,6,4.2051,0,67,50
45,38,4.2039,0,69,70
35,23,4.1921,0,57,60
205,182,4.1908,0,51,70
317,299,4.1796,0,13,11
113,97,4.1741,0,13,19
321,166,4.1602,0,24,42
264,254,4.1498,0,51,33
291,163,4.1436,0,46,41
245,220,4.1135,0,22,29
45,12,4.1055,0,69,29
207,172,4.0973,0,28,21
274,197,4.0812,0,68,87
29,22,4.068,0,11,67
320,161,4.0556,0,32,18
200,167,4.0541,0,77,35
95,63,4.0503,0,31,36
256,233,4.0496,0,40,57
159,146,4.0468,0,66,71
253,242,4.0413,0,41,34
323,173,4.0401,0,69,37
120,62,4.0369,0,67,16
18,10,4.0355,0,32,92
287,264,4.0337,0,65,51
39,26,4.0285,0,25,32
269,177,4.0231,0,48,22
147,80,4.0162,0,26,22
288,270,4.0158,0,65,44
55,44,3.9918,0,25,45
251,245,3.9892,0,24,22
284,265,3.9887,0,77,83
20,6,3.9873,0,87,50
288,279,3.9847,0,65,38
296,22,3.9721,0,31,67
114,97,3.9711,0,53,19
326,288,3.9705,0,73,65
161,150,3.9691,0,18,33
291,273,3.9634,0,46,60
294,82,3.96,0,18,52
273,163,3.9505,0,60,41
34,19,3.9498,0,69,91
264,257,3.9466,0,51,42
279,247,3.9456,0,38,81
56,48,3.9396,0,78,22
329,269,3.9395,0,33,48
255,226,3.9381,0,22,25
255,222,3.9291,0,22,9
198,186,3.9161,0,31,27
274,163,3.9038,0,68,41
193,125,3.8879,0,15,14
96,68,3.8829,0,44,34
193,160,3.8823,0,15,13
113,93,3.8788,0,13,16
205,171,3.8768,0,51,36
167,148,3.8708,0,35,23
81,72,3.8692,0,20,19
326,287,3.8648,0,73,65
328,321,3.8607,0,66,24
20,10,3.8553,0,87,92
289,273,3.8546,0,49,60
61,50,3.8521,0,40,61
16,10,3.8474,0,84,92
20,9,3.8467,0,87,59
45,13,3.8345,0,69,76
59,53,3.829,0,22,80
193,148,3.827,0,15,23
276,248,3.8051,0,25,15
320,165,3.8026,0,32,13
153,141,3.798,0,12,10
76,69,3.7971,0,52,45
325,177,3.7929,0,19,22
318,160,3.783,0,16,13
193,150,3.7782,0,15,33
283,255,3.776,0,12,22
42,21,3.7696,0,30,94
98,81,3.7682,0,27,20
191,29,3.759,0,14,11
217,189,3.7589,0,16,14
96,80,3.7553,0,44,22
106,88,3.7474,0,19,16
286,272,3.7433,0,75,73
287,275,3.7403,0,65,51
252,246,3.7356,0,75,48
253,185,3.7324,0,41,38
78,72,3.7277,0,34,19
111,99,3.7262,0,32,25
271,174,3.7253,0,39,80
293,274,3.7199,0,15,68
87,66,3.7165,0,43,37
42,30,3.7132,0,30,66
150,126,3.7129,0,33,19
304,123,3.7127,0,67,58
194,187,3.6936,0,18,55
56,49,3.6934,0,78,71
193,75,3.6928,0,15,44
200,163,3.6731,0,77,41
107,71,3.6576,0,49,27
238,181,3.657,0,16,36
158,151,3.6528,0,26,7
116,48,3.6501,0,14,22
210,180,3.6496,0,35,37
44,38,3.6459,0,45,70
279,251,3.6364,0,38,24
269,178,3.6354,0,48,88
249,21,3.6323,0,30,94
117,93,3.6273,0,21,16
97,84,3.6271,0,19,44
291,248,3.6244,0,46,15
93,63,3.6199,0,16,36
308,120,3.6174,0,39,67
194,186,3.617,0,18,27
59,50,3.6047,0,22,61
38,20,3.6029,0,70,87
34,13,3.5992,0,69,76
205,175,3.5984,0,51,37
240,182,3.5949,0,46,70
208,176,3.5944,0,27,22
221,161,3.5939,0,26,18
297,289,3.5906,0,70,49
329,174,3.5835,0,33,80
132,105,3.581,0,15,32
328,269,3.5789,0,66,48
299,293,3.577,0,11,15
175,168,3.5747,0,37,20
24,6,3.5728,0,56,50
84,73,3.5693,0,44,37
192,151,3.5691,0,13,7
231,216,3.5657,0,19,14
267,261,3.5631,0,63,70
296,125,3.5575,0,31,14
245,194,3.5563,0,22,18
283,259,3.5513,0,12,31
271,243,3.5448,0,39,48
247,34,3.541,0,81,69
75,18,3.5379,0,44,32
283,71,3.5369,0,12,27
187,18,3.5335,0,55,32
176,168,3.5286,0,22,20
35,26,3.5272,0,57,32
158,104,3.5164,0,26,13
68,61,3.5149,0,34,40
293,248,3.5131,0,15,15
57,50,3.5083,0,25,61
45,9,3.5073,0,69,59
17,11,3.5051,0,17,30
111,70,3.5047,0,32,31
284,255,3.5018,0,77,22
141,104,3.4933,0,10,13
256,229,3.4917,0,40,22
283,191,3.4912,0,12,14
15,9,3.4902,0,85,59
278,222,3.4894,0,29,9
321,289,3.4867,0,24,49
117,22,3.4852,0,21,67
255,248,3.4837,0,22,15
322,292,3.4829,0,22,53
274,248,3.4818,0,68,15
270,250,3.4807,0,44,83
135,129,3.4804,0,10,11
193,65,3.4797,0,15,68
313,141,3.4756,0,9,10
245,186,3.4755,0,22,27
117,51,3.4727,0,21,24
57,51,3.4712,0,25,24
316,158,3.461,0,9,26
196,164,3.4589,0,19,13
117,65,3.4468,0,21,68
42,6,3.4466,0,30,50
120,65,3.44,0,67,68
122,65,3.4382,0,30,68
278,251,3.4343,0,29,24
76,68,3.4335,0,52,34
243,170,3.4301,0,48,56
200,164,3.4285,0,77,13
29,23,3.425,0,11,60
252,229,3.4249,0,75,22
272,246,3.4224,0,73,48
283,68,3.4206,0,12,34
252,226,3.4166,0,75,25
154,134,3.4153,0,10,20
274,47,3.4153,0,68,88
116,51,3.413,0,14,24
287,270,3.412,0,65,44
127,100,3.411,0,18,15
248,74,3.4093,0,15,44
18,6,3.408,0,32,50
273,243,3.4079,0,60,48
193,126,3.4073,0,15,19
280,255,3.4047,0,18,22
100,81,3.4024,0,15,20
252,245,3.4012,0,75,22
225,218,3.4006,0,63,37
179,173,3.3983,0,57,37
98,69,3.3915,0,27,45
210,175,3.3911,0,35,37
97,70,3.3886,0,19,31
293,78,3.3878,0,15,34
110,98,3.387,0,17,27
60,52,3.3859,0,24,19
259,230,3.3775,0,31,14
245,193,3.3773,0,22,15
193,130,3.3757,0,15,15
29,17,3.3742,0,11,17
287,247,3.3737,0,65,81
193,149,3.3713,0,15,35
296,287,3.3671,0,31,65
315,132,3.3649,0,9,15
285,70,3.364,0,29,31
220,187,3.3632,0,29,55
123,64,3.3613,0,58,59
235,214,3.359,0,14,14
275,197,3.3573,0,51,87
181,175,3.3563,0,36,37
131,102,3.3548,0,17,20
45,21,3.3534,0,69,94
120,60,3.3498,0,67,24
83,66,3.349,0,41,37
276,251,3.3454,0,25,24
29,18,3.3448,0,11,32
65,50,3.3438,0,68,61
209,149,3.343,0,53,35
292,161,3.3424,0,53,18
107,69,3.338,0,49,45
297,83,3.3378,0,70,41
213,131,3.3364,0,13,17
220,189,3.335,0,29,14
60,53,3.335,0,24,80
308,92,3.3349,0,39,56
118,63,3.3323,0,28,36
247,21,3.3321,0,81,94
224,218,3.3307,0,22,37
273,184,3.3306,0,60,25
128,104,3.3295,0,13,13
273,245,3.3287,0,60,22
155,138,3.3276,0,11,26
24,18,3.3263,0,56,32
288,246,3.3245,0,65,48
285,279,3.3243,0,29,38
196,163,3.3224,0,19,41
147,129,3.3196,0,26,11
69,62,3.3187,0,45,16
156,136,3.3186,0,13,10
228,218,3.3178,0,41,37
191,76,3.3138,0,14,52
186,130,3.3108,0,27,15
60,49,3.3094,0,24,71
217,158,3.3092,0,16,26
134,108,3.3089,0,20,16
201,18,3.3074,0,47,32
154,135,3.3043,0,10,10
94,54,3.3029,0,34,54
301,83,3.3002,0,31,41
304,280,3.2982,0,67,18
117,95,3.2977,0,21,31
284,21,3.2949,0,77,94
77,71,3.2941,0,26,27
113,51,3.2931,0,13,24
303,157,3.293,0,36,21
200,168,3.2912,0,77,20
92,85,3.2896,0,56,14
209,202,3.2881,0,53,21
151,138,3.2852,0,7,26
162,119,3.2828,0,72,51
100,93,3.2823,0,15,16
147,124,3.2781,0,26,31
296,161,3.277,0,31,18
212,137,3.2735,0,18,12
100,71,3.2717,0,15,27
302,294,3.2717,0,25,18
205,197,3.2714,0,51,87
277,222,3.2704,0,22,9
286,265,3.2679,0,75,83
110,29,3.2661,0,17,11
140,133,3.2659,0,9,10
97,65,3.2652,0,19,68
296,75,3.265,0,31,44
193,127,3.2638,0,15,18
42,20,3.2617,0,30,87
224,217,3.2616,0,22,16
94,84,3.2613,0,34,44
240,178,3.2595,0,46,88
80,66,3.2588,0,22,37
40,28,3.2573,0,27,23
248,76,3.2567,0,15,52
287,179,3.2545,0,65,57
228,216,3.254,0,41,14
309,90,3.2525,0,16,16
53,47,3.251,0,80,88
193,161,3.2494,0,15,18
214,129,3.2485,0,14,11
196,160,3.2452,0,19,13
286,254,3.2443,0,75,33
37,15,3.2415,0,39,85
216,133,3.241,0,14,10
155,147,3.24,0,11,26
117,52,3.2389,0,21,19
279,272,3.237,0,38,73
38,21,3.2351,0,70,94
298,89,3.2349,0,22,21
38,18,3.2332,0,70,32
117,62,3.2309,0,21,16
148,29,3.2292,0,23,11
93,29,3.2282,0,16,11
272,244,3.2273,0,73,34
117,63,3.2255,0,21,36
153,143,3.2239,0,12,25
213,138,3.2219,0,13,26
323,287,3.2207,0,69,65
239,233,3.2162,0,49,57
274,73,3.2131,0,68,37
297,287,3.2129,0,70,65
149,127,3.2125,0,35,18
93,51,3.2101,0,16,24
163,17,3.208,0,41,17
156,139,3.2066,0,13,15
160,147,3.2035,0,13,26
191,62,3.2025,0,14,16
57,49,3.2008,0,25,71
232,183,3.2005,0,50,43
201,184,3.1995,0,47,25
216,154,3.1994,0,14,10
288,264,3.199,0,65,51
58,50,3.1988,0,18,61
194,100,3.1973,0,18,15
293,74,3.1966,0,15,44
99,69,3.1963,0,25,45
137,104,3.1955,0,12,13
220,191,3.1949,0,29,14
158,125,3.194,0,26,14
313,153,3.1931,0,9,12
151,137,3.1896,0,7,12
94,87,3.1885,0,34,43
270,254,3.1876,0,44,33
283,80,3.186,0,12,22
47,38,3.1858,0,88,70
125,76,3.1857,0,14,52
273,167,3.1838,0,60,35
215,198,3.1832,0,25,31
35,27,3.182,0,57,14
245,22,3.1818,0,22,67
262,238,3.1806,0,36,16
109,88,3.18,0,19,16
317,303,3.179,0,13,36
228,221,3.1781,0,41,26
190,131,3.1766,0,18,17
274,126,3.1756,0,68,19
45,10,3.1753,0,69,92
249,187,3.1748,0,30,55
140,129,3.1747,0,9,11
141,115,3.1731,0,10,25
126,107,3.1731,0,19,49
216,195,3.1726,0,14,16
136,128,3.1724,0,10,13
93,77,3.169,0,16,26
212,131,3.1683,0,18,17
141,134,3.1675,0,10,20
213,137,3.1662,0,13,12
119,95,3.1661,0,51,31
197,166,3.1633,0,87,42
230,221,3.1624,0,14,26
231,225,3.1606,0,19,63
214,189,3.16,0,14,14
293,276,3.159,0,15,25
126,97,3.1586,0,19,19
139,102,3.1567,0,15,20
217,129,3.1555,0,16,11
161,153,3.1543,0,18,12
193,186,3.152,0,15,27
192,150,3.1499,0,13,33
111,69,3.1495,0,32,45
41,6,3.1484,0,57,50
234,227,3.1483,0,15,18
150,97,3.146,0,33,19
136,106,3.1448,0,10,19
152,139,3.1446,0,12,15
153,129,3.1446,0,12,11
164,110,3.1434,0,13,17
215,189,3.1401,0,25,14
148,79,3.1391,0,23,30
87,64,3.1387,0,43,59
153,101,3.1379,0,12,10
107,99,3.1368,0,49,25
150,125,3.1355,0,33,14
289,170,3.1354,0,49,56
138,104,3.1332,0,26,13
94,66,3.133,0,34,37
139,130,3.1322,0,15,15
217,188,3.1316,0,16,31
117,110,3.1307,0,21,17
212,128,3.1307,0,18,13
285,152,3.1296,0,29,12
314,140,3.1287,0,21,9
93,87,3.1274,0,16,43
288,274,3.1257,0,65,68
215,206,3.1255,0,25,16
150,140,3.1239,0,33,9
81,70,3.1239,0,20,31
315,105,3.1236,0,9,32
293,79,3.1221,0,15,30
191,132,3.1216,0,14,15
135,127,3.1211,0,10,18
143,122,3.121,0,25,30
40,30,3.12,0,27,66
40,29,3.1186,0,27,11
151,106,3.1179,0,7,19
212,132,3.1176,0,18,15
289,166,3.1153,0,49,42
134,101,3.1151,0,20,10
137,108,3.1141,0,12,16
154,130,3.1139,0,10,15
196,153,3.1138,0,19,12
45,39,3.1119,0,69,25
255,246,3.1112,0,22,48
274,249,3.1112,0,68,30
95,65,3.1102,0,31,68
149,79,3.1102,0,35,30
300,293,3.1096,0,66,15
139,107,3.1088,0,15,49
42,35,3.1077,0,30,57
318,162,3.1063,0,16,72
193,101,3.1056,0,15,10
277,223,3.1054,0,22,29
291,245,3.1044,0,46,22
30,24,3.1043,0,66,56
238,142,3.1033,0,16,22
114,65,3.101,0,53,68
68,50,3.1007,0,34,61
37,13,3.0983,0,39,76
282,251,3.0979,0,20,24
136,102,3.0978,0,10,20
270,264,3.0972,0,44,51
61,24,3.0964,0,40,56
291,17,3.096,0,46,17
98,27,3.0957,0,27,14
286,275,3.0938,0,75,51
157,147,3.0937,0,21,26
277,78,3.0935,0,22,34
245,114,3.0929,0,22,53
80,68,3.0928,0,22,34
217,186,3.0926,0,16,27
318,150,3.0923,0,16,33
226,132,3.0913,0,25,15
285,255,3.0911,0,29,22
80,27,3.0891,0,22,14
154,128,3.0885,0,10,13
106,98,3.0883,0,19,27
158,148,3.0874,0,26,23
212,109,3.0858,0,18,19
246,220,3.0857,0,48,29
196,190,3.0855,0,19,18
326,279,3.0854,0,73,38
25,18,3.0853,0,67,32
235,216,3.0848,0,14,14
283,111,3.0827,0,12,32
318,147,3.0823,0,16,26
193,163,3.0821,0,15,41
227,131,3.0808,0,18,17
110,77,3.0798,0,17,26
156,128,3.0768,0,13,13
93,84,3.0762,0,16,44
191,156,3.0748,0,14,13
120,61,3.0746,0,67,40
269,240,3.0743,0,48,46
299,159,3.0736,0,11,66
217,52,3.0734,0,16,19
77,70,3.0726,0,26,31
193,115,3.0721,0,15,25
214,183,3.0719,0,14,43
152,136,3.0713,0,12,10
109,94,3.0712,0,19,34
314,152,3.0707,0,21,12
59,52,3.0702,0,22,19
213,133,3.0692,0,13,10
134,107,3.0683,0,20,49
135,101,3.0678,0,10,10
246,197,3.0673,0,48,87
220,194,3.0672,0,29,18
38,27,3.0669,0,70,14
135,102,3.0667,0,10,20
155,141,3.0664,0,11,10
229,221,3.0662,0,22,26
127,113,3.0661,0,18,13
274,250,3.0654,0,68,83
214,202,3.0644,0,14,21
115,108,3.0643,0,25,16
158,126,3.0632,0,26,19
260,233,3.0632,0,16,57
156,133,3.0629,0,13,10
227,130,3.0629,0,18,15
143,118,3.0627,0,25,28
133,108,3.0627,0,10,16
42,13,3.0619,0,30,76
278,248,3.0607,0,29,15
286,247,3.0605,0,75,81
293,125,3.0599,0,15,14
129,98,3.0592,0,11,27
237,215,3.0578,0,20,25
295,258,3.0573,0,32,17
269,173,3.0563,0,48,37
227,219,3.0551,0,18,24
248,190,3.0551,0,15,18
156,108,3.0547,0,13,16
193,29,3.0546,0,15,11
42,27,3.0511,0,30,14
161,126,3.0488,0,18,19
297,286,3.0486,0,70,75
135,113,3.0482,0,10,13
187,76,3.0477,0,55,52
110,74,3.0475,0,17,44
298,85,3.0471,0,22,14
285,275,3.0469,0,29,51
257,229,3.0467,0,42,22
140,130,3.046,0,9,15
53,45,3.0454,0,80,69
118,51,3.0446,0,28,24
186,93,3.0446,0,27,16
308,144,3.0445,0,39,80
45,6,3.044,0,69,50
155,136,3.044,0,11,10
188,128,3.0433,0,31,13
192,154,3.0431,0,13,10
158,93,3.0428,0,26,16
190,151,3.0414,0,18,7
271,167,3.0407,0,39,35
125,105,3.0406,0,14,32
158,150,3.0405,0,26,33
282,226,3.0405,0,20,25
198,189,3.0404,0,31,14
44,37,3.0368,0,45,39
244,47,3.0363,0,34,88
100,85,3.0358,0,15,14
99,72,3.0355,0,25,19
107,98,3.0351,0,49,27
276,270,3.0349,0,25,44
43,36,3.0349,0,26,29
238,153,3.0337,0,16,12
301,90,3.0325,0,31,16
280,251,3.0318,0,18,24
191,150,3.0315,0,14,33
215,129,3.0299,0,25,11
277,248,3.0299,0,22,15
138,131,3.029,0,26,17
213,181,3.027,0,13,36
155,132,3.0269,0,11,15
313,157,3.0259,0,9,21
253,247,3.0254,0,41,81
302,90,3.025,0,25,16
193,111,3.0245,0,15,32
317,102,3.0242,0,13,20
125,18,3.0233,0,14,32
291,281,3.0217,0,46,20
317,237,3.0204,0,13,20
217,156,3.0198,0,16,13
319,292,3.0189,0,37,53
316,151,3.0183,0,9,7
57,7,3.0179,0,25,37
293,18,3.0176,0,15,32
245,198,3.0175,0,22,31
137,109,3.017,0,12,19
182,174,3.016,0,70,80
189,154,3.0153,0,14,10
156,145,3.0152,0,13,27
276,75,3.0137,0,25,44
157,100,3.0133,0,21,15
189,127,3.0129,0,14,18
154,133,3.0117,0,10,10
245,160,3.0112,0,22,13
134,127,3.0107,0,20,18
138,132,3.01,0,26,15
315,220,3.0099,0,9,29
152,127,3.0095,0,12,18
120,69,3.0086,0,67,45
158,99,3.008,0,26,25
191,128,3.0075,0,14,13
142,136,3.0071,0,22,10
190,128,3.0062,0,18,13
315,135,3.0059,0,9,10
230,218,3.0059,0,14,37
318,149,3.0046,0,16,35
84,18,3.0038,0,44,32
237,155,3.0034,0,20,11
212,97,3.0029,0,18,19
314,139,3.0023,0,21,15
110,88,3.0018,0,17,16
285,245,3.0018,0,29,22
193,73,3.0013,0,15,37
138,130,3.0009,0,26,15
140,134,3,0,9,20
42,34,2.9999,0,30,69
152,133,2.9999,0,12,10
16,9,2.9998,0,84,59
275,250,2.9993,0,51,83
144,121,2.999,0,80,78
314,307,2.9979,0,21,21
187,151,2.9978,0,55,7
95,61,2.9969,0,31,40
241,178,2.9969,0,76,88
274,16,2.9968,0,68,84
213,205,2.9938,0,13,51
317,113,2.9938,0,13,13
118,93,2.9937,0,28,16
286,279,2.9935,0,75,38
142,116,2.9933,0,22,14
34,23,2.9931,0,69,60
279,246,2.9928,0,38,48
161,129,2.9912,0,18,11
138,102,2.9912,0,26,20
243,184,2.9906,0,48,25
133,127,2.9902,0,10,18
100,88,2.9899,0,15,16
216,188,2.9895,0,14,31
217,142,2.9888,0,16,22
315,153,2.9885,0,9,12
307,144,2.988,0,21,80
139,131,2.9874,0,15,17
278,74,2.9851,0,29,44
193,69,2.9846,0,15,45
216,192,2.9845,0,14,13
132,104,2.9845,0,15,13
31,24,2.9845,0,55,56
276,73,2.9838,0,25,37
215,152,2.9833,0,25,12
191,113,2.9831,0,14,13
150,77,2.983,0,33,26
237,181,2.9824,0,20,36
113,100,2.9821,0,13,15
222,71,2.9815,0,9,27
276,77,2.981,0,25,26
315,152,2.9798,0,9,12
283,97,2.9796,0,12,19
239,125,2.9789,0,49,14
213,155,2.9788,0,13,11
265,247,2.9787,0,83,81
316,160,2.9786,0,9,13
291,149,2.9776,0,46,35
111,98,2.9766,0,32,27
189,133,2.9765,0,14,10
214,192,2.9762,0,14,13
151,134,2.9759,0,7,20
137,131,2.9758,0,12,17
153,133,2.9758,0,12,10
293,187,2.9754,0,15,55
160,141,2.9753,0,13,10
322,169,2.9742,0,22,23
282,191,2.9739,0,20,14
249,220,2.9732,0,30,29
35,28,2.9732,0,57,23
111,102,2.9722,0,32,20
313,283,2.9712,0,9,12
115,69,2.9711,0,25,45
129,104,2.971,0,11,13
281,222,2.9708,0,20,9
161,151,2.9704,0,18,7
149,128,2.9699,0,35,13
128,70,2.9691,0,13,31
238,154,2.9689,0,16,10
114,107,2.9688,0,53,49
154,141,2.9686,0,10,10
253,246,2.9685,0,41,48
196,154,2.9677,0,19,10
141,102,2.9658,0,10,20
213,129,2.9655,0,13,11
189,152,2.9645,0,14,12
277,71,2.9639,0,22,27
314,215,2.9639,0,21,25
248,73,2.9635,0,15,37
219,128,2.9631,0,24,13
65,49,2.9629,0,68,71
217,191,2.9628,0,16,14
221,215,2.9626,0,26,25
283,217,2.9624,0,12,16
297,290,2.9624,0,70,21
98,70,2.9617,0,27,31
39,32,2.9617,0,25,33
172,165,2.9617,0,21,13
212,206,2.9614,0,18,16
320,169,2.961,0,32,23
158,27,2.9605,0,26,14
191,126,2.9596,0,14,19
157,131,2.9584,0,21,17
150,127,2.9584,0,33,18
158,29,2.9582,0,26,11
245,163,2.9574,0,22,41
156,138,2.9569,0,13,26
111,71,2.9564,0,32,27
117,55,2.9562,0,21,25
296,70,2.956,0,31,31
318,151,2.9552,0,16,7
141,107,2.9534,0,10,49
191,127,2.9525,0,14,18
67,61,2.9523,0,31,40
196,127,2.9512,0,19,18
128,102,2.9509,0,13,20
254,247,2.9505,0,33,81
100,70,2.9502,0,15,31
214,139,2.9495,0,14,15
214,138,2.9488,0,14,26
38,25,2.9487,0,70,67
127,111,2.9485,0,18,32
217,133,2.9484,0,16,10
252,228,2.9482,0,75,41
150,134,2.9481,0,33,20
242,229,2.9477,0,34,22
317,154,2.9474,0,13,10
101,72,2.9473,0,10,19
191,27,2.9439,0,14,14
291,150,2.9437,0,46,33
190,154,2.9436,0,18,10
216,132,2.9436,0,14,15
234,217,2.9433,0,15,16
156,129,2.9423,0,13,11
213,141,2.9407,0,13,10
208,135,2.9407,0,27,10
152,142,2.9404,0,12,22
195,130,2.94,0,16,15
110,99,2.94,0,17,25
110,75,2.9398,0,17,44
109,99,2.9396,0,19,25
110,67,2.9395,0,17,31
296,273,2.9393,0,31,60
119,18,2.9392,0,51,32
62,51,2.9389,0,16,24
207,62,2.9389,0,28,16
160,149,2.9387,0,13,35
52,39,2.9386,0,19,25
276,18,2.9381,0,25,32
58,52,2.9381,0,18,19
293,196,2.9381,0,15,19
154,29,2.9379,0,10,11
72,52,2.9375,0,19,19
235,228,2.9371,0,14,41
34,18,2.9369,0,69,32
30,19,2.9361,0,66,91
171,161,2.9351,0,36,18
325,151,2.9349,0,19,7
228,104,2.9348,0,41,13
314,209,2.9347,0,21,53
38,31,2.9341,0,70,55
117,97,2.9335,0,21,19
230,141,2.9328,0,14,10
213,158,2.9325,0,13,26
228,219,2.9323,0,41,24
113,106,2.9314,0,13,19
134,104,2.9314,0,20,13
257,247,2.9314,0,42,81
92,64,2.9301,0,56,59
315,157,2.9297,0,9,21
291,197,2.9293,0,46,87
153,132,2.9292,0,12,15
300,286,2.9285,0,66,75
99,29,2.9279,0,25,11
65,59,2.9274,0,68,22
191,131,2.9269,0,14,17
213,189,2.9265,0,13,14
111,65,2.9264,0,32,68
229,141,2.9264,0,22,10
130,7,2.9259,0,15,37
226,136,2.9252,0,25,10
270,247,2.9247,0,44,81
246,194,2.9238,0,48,18
157,130,2.9233,0,21,15
153,137,2.923,0,12,12
325,314,2.922,0,19,21
188,127,2.9217,0,31,18
282,276,2.9211,0,20,25
294,72,2.9206,0,18,19
143,137,2.9204,0,25,12
313,226,2.9204,0,9,25
107,95,2.9196,0,49,31
291,125,2.9194,0,46,14
296,163,2.9192,0,31,41
245,201,2.919,0,22,47
296,117,2.9189,0,31,21
217,106,2.9188,0,16,19
81,71,2.9179,0,20,27
319,296,2.9179,0,37,31
191,18,2.9171,0,14,32
213,136,2.917,0,13,10
308,64,2.9158,0,39,59
81,74,2.9157,0,20,44
45,37,2.9156,0,69,39
154,127,2.9155,0,10,18
213,151,2.9154,0,13,7
60,50,2.9153,0,24,61
276,245,2.9152,0,25,22
156,141,2.9152,0,13,10
186,156,2.915,0,27,13
143,116,2.9141,0,25,14
147,18,2.9141,0,26,32
108,69,2.9135,0,16,45
56,47,2.9133,0,78,88
227,153,2.9133,0,18,12
99,68,2.9125,0,25,34
150,65,2.9113,0,33,68
120,92,2.9111,0,67,56
152,135,2.911,0,12,10
188,98,2.9105,0,31,27
157,104,2.9102,0,21,13
153,136,2.9099,0,12,10
314,155,2.9095,0,21,11
133,115,2.9095,0,10,25
108,102,2.9094,0,16,20
53,39,2.9091,0,80,25
214,131,2.9083,0,14,17
141,128,2.9075,0,10,13
153,102,2.9073,0,12,20
130,105,2.9072,0,15,32
316,129,2.9068,0,9,11
155,139,2.9052,0,11,15
282,117,2.9043,0,20,21
161,149,2.9035,0,18,35
315,130,2.9035,0,9,15
25,10,2.9034,0,67,92
113,107,2.9031,0,13,49
299,152,2.903,0,11,12
328,320,2.9013,0,66,32
119,92,2.9012,0,51,56
288,265,2.9008,0,65,83
316,214,2.9008,0,9,14
214,150,2.9,0,14,33
318,158,2.8999,0,16,26
216,141,2.8995,0,14,10
237,217,2.8989,0,20,16
113,29,2.8978,0,13,11
108,85,2.8977,0,16,14
140,100,2.8968,0,9,15
314,236,2.8966,0,21,15
127,108,2.8965,0,18,16
313,190,2.8956,0,9,18
278,245,2.8956,0,29,22
311,294,2.8953,0,17,18
252,187,2.895,0,75,55
314,217,2.895,0,21,16
316,155,2.8943,0,9,11
274,75,2.8928,0,68,44
218,187,2.8925,0,37,55
316,131,2.8923,0,9,17
196,151,2.8916,0,19,7
265,21,2.8914,0,83,94
325,100,2.8907,0,19,15
141,130,2.89,0,10,15
237,230,2.8896,0,20,14
235,133,2.8892,0,14,10
328,284,2.8882,0,66,77
109,70,2.8875,0,19,31
306,90,2.8874,0,15,16
321,276,2.8873,0,24,25
221,151,2.8871,0,26,7
312,237,2.8869,0,12,20
111,97,2.8861,0,32,19
53,43,2.8858,0,80,26
89,17,2.8858,0,21,17
184,125,2.8856,0,25,14
146,124,2.8843,0,71,31
152,134,2.8839,0,12,20
317,133,2.8829,0,13,10
215,208,2.8826,0,25,27
315,277,2.8825,0,9,22
76,70,2.8822,0,52,31
194,163,2.8811,0,18,41
236,211,2.881,0,15,14
191,184,2.88,0,14,25
235,151,2.8797,0,14,7
317,189,2.8792,0,13,14
316,215,2.8788,0,9,25
194,129,2.8784,0,18,11
156,135,2.8776,0,13,10
222,154,2.8776,0,9,10
130,108,2.877,0,15,16
314,141,2.8763,0,21,10
