329,323,9.881e-15,0,33,69
329,318,9.77e-15,0,33,16
329,319,9.77e-15,0,33,37
329,321,9.77e-15,0,33,24
329,322,9.77e-15,0,33,22
326,318,9.7145e-15,0,73,16
326,319,9.7145e-15,0,73,37
329,315,9.7145e-15,0,33,9
329,317,9.7145e-15,0,33,13
329,320,9.7145e-15,0,33,32
325,318,9.6589e-15,0,19,16
325,319,9.6589e-15,0,19,37
326,315,9.6589e-15,0,73,9
326,317,9.6589e-15,0,73,13
326,320,9.6589e-15,0,73,32
327,318,9.6589e-15,0,21,16
327,319,9.6589e-15,0,21,37
327,321,9.6589e-15,0,21,24
328,318,9.6589e-15,0,66,16
328,319,9.6589e-15,0,66,37
328,321,9.6589e-15,0,66,24
328,322,9.6589e-15,0,66,22
329,309,9.6589e-15,0,33,16
329,310,9.6589e-15,0,33,35
329,311,9.6589e-15,0,33,17
329,312,9.6589e-15,0,33,12
329,313,9.6589e-15,0,33,9
329,314,9.6589e-15,0,33,21
329,316,9.6589e-15,0,33,9
323,315,9.6034e-15,0,69,9
323,317,9.6034e-15,0,69,13
324,318,9.6034e-15,0,33,16
325,315,9.6034e-15,0,19,9
325,317,9.6034e-15,0,19,13
326,309,9.6034e-15,0,73,16
326,310,9.6034e-15,0,73,35
326,311,9.6034e-15,0,73,17
326,312,9.6034e-15,0,73,12
326,313,9.6034e-15,0,73,9
326,314,9.6034e-15,0,73,21
326,316,9.6034e-15,0,73,9
327,315,9.6034e-15,0,21,9
327,317,9.6034e-15,0,21,13
327,320,9.6034e-15,0,21,32
328,315,9.6034e-15,0,66,9
328,317,9.6034e-15,0,66,13
328,320,9.6034e-15,0,66,32
329,307,9.6034e-15,0,33,21
323,309,9.5479e-15,0,69,16
323,310,9.5479e-15,0,69,35
323,311,9.5479e-15,0,69,17
323,312,9.5479e-15,0,69,12
323,313,9.5479e-15,0,69,9
323,314,9.5479e-15,0,69,21
323,316,9.5479e-15,0,69,9
324,315,9.5479e-15,0,33,9
324,317,9.5479e-15,0,33,13
325,309,9.5479e-15,0,19,16
325,310,9.5479e-15,0,19,35
325,311,9.5479e-15,0,19,17
325,312,9.5479e-15,0,19,12
325,313,9.5479e-15,0,19,9
325,314,9.5479e-15,0,19,21
325,316,9.5479e-15,0,19,9
326,307,9.5479e-15,0,73,21
327,309,9.5479e-15,0,21,16
327,310,9.5479e-15,0,21,35
327,311,9.5479e-15,0,21,17
327,312,9.5479e-15,0,21,12
327,313,9.5479e-15,0,21,9
327,314,9.5479e-15,0,21,21
327,316,9.5479e-15,0,21,9
328,309,9.5479e-15,0,66,16
328,310,9.5479e-15,0,66,35
328,311,9.5479e-15,0,66,17
328,312,9.5479e-15,0,66,12
328,313,9.5479e-15,0,66,9
328,314,9.5479e-15,0,66,21
328,316,9.5479e-15,0,66,9
329,303,9.5479e-15,0,33,36
329,306,9.5479e-15,0,33,15
329,308,9.5479e-15,0,33,39
321,315,9.4924e-15,0,24,9
322,315,9.4924e-15,0,22,9
323,307,9.4924e-15,0,69,21
324,309,9.4924e-15,0,33,16
324,310,9.4924e-15,0,33,35
324,311,9.4924e-15,0,33,17
324,312,9.4924e-15,0,33,12
324,313,9.4924e-15,0,33,9
324,314,9.4924e-15,0,33,21
324,316,9.4924e-15,0,33,9
325,307,9.4924e-15,0,19,21
326,303,9.4924e-15,0,73,36
326,306,9.4924e-15,0,73,15
326,308,9.4924e-15,0,73,39
327,307,9.4924e-15,0,21,21
328,307,9.4924e-15,0,66,21
329,299,9.4924e-15,0,33,11
329,300,9.4924e-15,0,33,66
329,301,9.4924e-15,0,33,31
329,302,9.4924e-15,0,33,25
329,304,9.4924e-15,0,33,67
329,305,9.4924e-15,0,33,43
318,309,9.4369e-15,0,16,16
318,310,9.4369e-15,0,16,35
318,311,9.4369e-15,0,16,17
318,312,9.4369e-15,0,16,12
319,309,9.4369e-15,0,37,16
319,310,9.4369e-15,0,37,35
319,311,9.4369e-15,0,37,17
319,312,9.4369e-15,0,37,12
319,313,9.4369e-15,0,37,9
321,309,9.4369e-15,0,24,16
321,310,9.4369e-15,0,24,35
321,311,9.4369e-15,0,24,17
321,312,9.4369e-15,0,24,12
321,313,9.4369e-15,0,24,9
321,314,9.4369e-15,0,24,21
322,309,9.4369e-15,0,22,16
322,310,9.4369e-15,0,22,35
322,311,9.4369e-15,0,22,17
322,312,9.4369e-15,0,22,12
322,313,9.4369e-15,0,22,9
322,314,9.4369e-15,0,22,21
322,316,9.4369e-15,0,22,9
323,303,9.4369e-15,0,69,36
323,306,9.4369e-15,0,69,15
323,308,9.4369e-15,0,69,39
324,307,9.4369e-15,0,33,21
325,303,9.4369e-15,0,19,36
325,306,9.4369e-15,0,19,15
325,308,9.4369e-15,0,19,39
326,299,9.4369e-15,0,73,11
326,300,9.4369e-15,0,73,66
326,301,9.4369e-15,0,73,31
326,302,9.4369e-15,0,73,25
326,304,9.4369e-15,0,73,67
326,305,9.4369e-15,0,73,43
327,303,9.4369e-15,0,21,36
327,306,9.4369e-15,0,21,15
327,308,9.4369e-15,0,21,39
328,303,9.4369e-15,0,66,36
328,306,9.4369e-15,0,66,15
328,308,9.4369e-15,0,66,39
329,294,9.4369e-15,0,33,18
329,295,9.4369e-15,0,33,32
329,297,9.4369e-15,0,33,70
329,298,9.4369e-15,0,33,22
315,309,9.3814e-15,0,9,16
317,309,9.3814e-15,0,13,16
317,310,9.3814e-15,0,13,35
317,311,9.3814e-15,0,13,17
318,307,9.3814e-15,0,16,21
319,307,9.3814e-15,0,37,21
320,309,9.3814e-15,0,32,16
320,310,9.3814e-15,0,32,35
320,311,9.3814e-15,0,32,17
320,312,9.3814e-15,0,32,12
320,313,9.3814e-15,0,32,9
320,314,9.3814e-15,0,32,21
321,307,9.3814e-15,0,24,21
322,307,9.3814e-15,0,22,21
323,299,9.3814e-15,0,69,11
323,300,9.3814e-15,0,69,66
323,301,9.3814e-15,0,69,31
323,302,9.3814e-15,0,69,25
323,304,9.3814e-15,0,69,67
323,305,9.3814e-15,0,69,43
324,303,9.3814e-15,0,33,36
324,306,9.3814e-15,0,33,15
324,308,9.3814e-15,0,33,39
325,299,9.3814e-15,0,19,11
325,300,9.3814e-15,0,19,66
325,301,9.3814e-15,0,19,31
325,302,9.3814e-15,0,19,25
325,304,9.3814e-15,0,19,67
325,305,9.3814e-15,0,19,43
326,294,9.3814e-15,0,73,18
326,295,9.3814e-15,0,73,32
326,297,9.3814e-15,0,73,70
326,298,9.3814e-15,0,73,22
327,299,9.3814e-15,0,21,11
327,300,9.3814e-15,0,21,66
327,301,9.3814e-15,0,21,31
327,302,9.3814e-15,0,21,25
327,304,9.3814e-15,0,21,67
327,305,9.3814e-15,0,21,43
328,299,9.3814e-15,0,66,11
328,300,9.3814e-15,0,66,66
328,301,9.3814e-15,0,66,31
328,302,9.3814e-15,0,66,25
328,304,9.3814e-15,0,66,67
328,305,9.3814e-15,0,66,43
329,293,9.3814e-15,0,33,15
329,296,9.3814e-15,0,33,31
315,307,9.3259e-15,0,9,21
316,309,9.3259e-15,0,9,16
316,310,9.3259e-15,0,9,35
317,307,9.3259e-15,0,13,21
318,303,9.3259e-15,0,16,36
318,306,9.3259e-15,0,16,15
318,308,9.3259e-15,0,16,39
319,303,9.3259e-15,0,37,36
319,306,9.3259e-15,0,37,15
319,308,9.3259e-15,0,37,39
320,307,9.3259e-15,0,32,21
321,303,9.3259e-15,0,24,36
321,306,9.3259e-15,0,24,15
321,308,9.3259e-15,0,24,39
322,303,9.3259e-15,0,22,36
322,306,9.3259e-15,0,22,15
322,308,9.3259e-15,0,22,39
323,294,9.3259e-15,0,69,18
323,295,9.3259e-15,0,69,32
323,297,9.3259e-15,0,69,70
323,298,9.3259e-15,0,69,22
324,299,9.3259e-15,0,33,11
324,300,9.3259e-15,0,33,66
324,301,9.3259e-15,0,33,31
324,302,9.3259e-15,0,33,25
324,304,9.3259e-15,0,33,67
324,305,9.3259e-15,0,33,43
325,294,9.3259e-15,0,19,18
325,295,9.3259e-15,0,19,32
325,297,9.3259e-15,0,19,70
325,298,9.3259e-15,0,19,22
326,293,9.3259e-15,0,73,15
326,296,9.3259e-15,0,73,31
327,294,9.3259e-15,0,21,18
327,295,9.3259e-15,0,21,32
327,297,9.3259e-15,0,21,70
327,298,9.3259e-15,0,21,22
328,294,9.3259e-15,0,66,18
328,295,9.3259e-15,0,66,32
328,297,9.3259e-15,0,66,70
328,298,9.3259e-15,0,66,22
329,291,9.3259e-15,0,33,46
329,292,9.3259e-15,0,33,53
313,307,9.2704e-15,0,9,21
314,307,9.2704e-15,0,21,21
315,303,9.2704e-15,0,9,36
315,306,9.2704e-15,0,9,15
315,308,9.2704e-15,0,9,39
316,307,9.2704e-15,0,9,21
317,303,9.2704e-15,0,13,36
317,306,9.2704e-15,0,13,15
317,308,9.2704e-15,0,13,39
318,299,9.2704e-15,0,16,11
318,300,9.2704e-15,0,16,66
318,301,9.2704e-15,0,16,31
318,302,9.2704e-15,0,16,25
318,304,9.2704e-15,0,16,67
318,305,9.2704e-15,0,16,43
319,299,9.2704e-15,0,37,11
319,300,9.2704e-15,0,37,66
319,301,9.2704e-15,0,37,31
319,302,9.2704e-15,0,37,25
319,304,9.2704e-15,0,37,67
319,305,9.2704e-15,0,37,43
320,303,9.2704e-15,0,32,36
320,306,9.2704e-15,0,32,15
320,308,9.2704e-15,0,32,39
321,299,9.2704e-15,0,24,11
321,300,9.2704e-15,0,24,66
321,301,9.2704e-15,0,24,31
321,302,9.2704e-15,0,24,25
321,304,9.2704e-15,0,24,67
321,305,9.2704e-15,0,24,43
322,299,9.2704e-15,0,22,11
322,300,9.2704e-15,0,22,66
322,301,9.2704e-15,0,22,31
322,302,9.2704e-15,0,22,25
322,304,9.2704e-15,0,22,67
322,305,9.2704e-15,0,22,43
323,293,9.2704e-15,0,69,15
323,296,9.2704e-15,0,69,31
324,294,9.2704e-15,0,33,18
324,295,9.2704e-15,0,33,32
324,297,9.2704e-15,0,33,70
324,298,9.2704e-15,0,33,22
325,293,9.2704e-15,0,19,15
325,296,9.2704e-15,0,19,31
326,291,9.2704e-15,0,73,46
326,292,9.2704e-15,0,73,53
327,293,9.2704e-15,0,21,15
327,296,9.2704e-15,0,21,31
328,293,9.2704e-15,0,66,15
328,296,9.2704e-15,0,66,31
329,283,9.2704e-15,0,33,12
329,285,9.2704e-15,0,33,29
329,286,9.2704e-15,0,33,75
329,287,9.2704e-15,0,33,65
329,288,9.2704e-15,0,33,65
329,289,9.2704e-15,0,33,49
329,290,9.2704e-15,0,33,21
309,303,9.2149e-15,0,16,36
310,303,9.2149e-15,0,35,36
311,303,9.2149e-15,0,17,36
312,303,9.2149e-15,0,12,36
312,306,9.2149e-15,0,12,15
313,303,9.2149e-15,0,9,36
313,306,9.2149e-15,0,9,15
314,303,9.2149e-15,0,21,36
314,306,9.2149e-15,0,21,15
314,308,9.2149e-15,0,21,39
315,299,9.2149e-15,0,9,11
315,300,9.2149e-15,0,9,66
315,301,9.2149e-15,0,9,31
315,302,9.2149e-15,0,9,25
315,304,9.2149e-15,0,9,67
315,305,9.2149e-15,0,9,43
316,303,9.2149e-15,0,9,36
316,306,9.2149e-15,0,9,15
316,308,9.2149e-15,0,9,39
317,299,9.2149e-15,0,13,11
317,300,9.2149e-15,0,13,66
317,301,9.2149e-15,0,13,31
317,302,9.2149e-15,0,13,25
317,304,9.2149e-15,0,13,67
317,305,9.2149e-15,0,13,43
318,294,9.2149e-15,0,16,18
318,295,9.2149e-15,0,16,32
318,297,9.2149e-15,0,16,70
318,298,9.2149e-15,0,16,22
319,294,9.2149e-15,0,37,18
319,295,9.2149e-15,0,37,32
319,297,9.2149e-15,0,37,70
319,298,9.2149e-15,0,37,22
320,299,9.2149e-15,0,32,11
320,300,9.2149e-15,0,32,66
320,301,9.2149e-15,0,32,31
320,302,9.2149e-15,0,32,25
320,304,9.2149e-15,0,32,67
320,305,9.2149e-15,0,32,43
321,294,9.2149e-15,0,24,18
321,295,9.2149e-15,0,24,32
321,297,9.2149e-15,0,24,70
321,298,9.2149e-15,0,24,22
322,294,9.2149e-15,0,22,18
322,295,9.2149e-15,0,22,32
322,297,9.2149e-15,0,22,70
322,298,9.2149e-15,0,22,22
323,291,9.2149e-15,0,69,46
323,292,9.2149e-15,0,69,53
324,293,9.2149e-15,0,33,15
324,296,9.2149e-15,0,33,31
325,291,9.2149e-15,0,19,46
325,292,9.2149e-15,0,19,53
326,283,9.2149e-15,0,73,12
326,285,9.2149e-15,0,73,29
326,286,9.2149e-15,0,73,75
326,287,9.2149e-15,0,73,65
326,288,9.2149e-15,0,73,65
326,289,9.2149e-15,0,73,49
326,290,9.2149e-15,0,73,21
327,291,9.2149e-15,0,21,46
327,292,9.2149e-15,0,21,53
328,291,9.2149e-15,0,66,46
328,292,9.2149e-15,0,66,53
329,278,9.2149e-15,0,33,29
329,281,9.2149e-15,0,33,20
329,284,9.2149e-15,0,33,77
309,299,9.1593e-15,0,16,11
309,300,9.1593e-15,0,16,66
309,301,9.1593e-15,0,16,31
309,302,9.1593e-15,0,16,25
310,299,9.1593e-15,0,35,11
310,300,9.1593e-15,0,35,66
310,301,9.1593e-15,0,35,31
310,302,9.1593e-15,0,35,25
310,304,9.1593e-15,0,35,67
311,299,9.1593e-15,0,17,11
311,300,9.1593e-15,0,17,66
311,301,9.1593e-15,0,17,31
311,302,9.1593e-15,0,17,25
311,304,9.1593e-15,0,17,67
311,305,9.1593e-15,0,17,43
312,299,9.1593e-15,0,12,11
312,300,9.1593e-15,0,12,66
312,301,9.1593e-15,0,12,31
312,302,9.1593e-15,0,12,25
312,304,9.1593e-15,0,12,67
312,305,9.1593e-15,0,12,43
313,299,9.1593e-15,0,9,11
313,300,9.1593e-15,0,9,66
313,301,9.1593e-15,0,9,31
313,302,9.1593e-15,0,9,25
313,304,9.1593e-15,0,9,67
313,305,9.1593e-15,0,9,43
314,299,9.1593e-15,0,21,11
314,300,9.1593e-15,0,21,66
314,301,9.1593e-15,0,21,31
314,302,9.1593e-15,0,21,25
314,304,9.1593e-15,0,21,67
314,305,9.1593e-15,0,21,43
315,294,9.1593e-15,0,9,18
315,295,9.1593e-15,0,9,32
315,297,9.1593e-15,0,9,70
315,298,9.1593e-15,0,9,22
316,299,9.1593e-15,0,9,11
316,300,9.1593e-15,0,9,66
316,301,9.1593e-15,0,9,31
316,302,9.1593e-15,0,9,25
316,304,9.1593e-15,0,9,67
316,305,9.1593e-15,0,9,43
317,294,9.1593e-15,0,13,18
317,295,9.1593e-15,0,13,32
317,297,9.1593e-15,0,13,70
317,298,9.1593e-15,0,13,22
318,293,9.1593e-15,0,16,15
318,296,9.1593e-15,0,16,31
319,293,9.1593e-15,0,37,15
319,296,9.1593e-15,0,37,31
320,294,9.1593e-15,0,32,18
320,295,9.1593e-15,0,32,32
320,297,9.1593e-15,0,32,70
320,298,9.1593e-15,0,32,22
321,293,9.1593e-15,0,24,15
321,296,9.1593e-15,0,24,31
322,293,9.1593e-15,0,22,15
322,296,9.1593e-15,0,22,31
323,283,9.1593e-15,0,69,12
323,285,9.1593e-15,0,69,29
323,286,9.1593e-15,0,69,75
323,287,9.1593e-15,0,69,65
323,288,9.1593e-15,0,69,65
323,289,9.1593e-15,0,69,49
323,290,9.1593e-15,0,69,21
324,291,9.1593e-15,0,33,46
324,292,9.1593e-15,0,33,53
325,283,9.1593e-15,0,19,12
325,285,9.1593e-15,0,19,29
325,286,9.1593e-15,0,19,75
325,287,9.1593e-15,0,19,65
325,288,9.1593e-15,0,19,65
325,289,9.1593e-15,0,19,49
325,290,9.1593e-15,0,19,21
326,278,9.1593e-15,0,73,29
326,281,9.1593e-15,0,73,20
326,284,9.1593e-15,0,73,77
327,283,9.1593e-15,0,21,12
327,285,9.1593e-15,0,21,29
327,286,9.1593e-15,0,21,75
327,287,9.1593e-15,0,21,65
327,288,9.1593e-15,0,21,65
327,289,9.1593e-15,0,21,49
327,290,9.1593e-15,0,21,21
328,283,9.1593e-15,0,66,12
328,285,9.1593e-15,0,66,29
328,286,9.1593e-15,0,66,75
328,287,9.1593e-15,0,66,65
328,288,9.1593e-15,0,66,65
328,289,9.1593e-15,0,66,49
328,290,9.1593e-15,0,66,21
329,277,9.1593e-15,0,33,22
329,279,9.1593e-15,0,33,38
329,280,9.1593e-15,0,33,18
329,282,9.1593e-15,0,33,20
307,299,9.1038e-15,0,21,11
307,300,9.1038e-15,0,21,66
307,301,9.1038e-15,0,21,31
309,294,9.1038e-15,0,16,18
309,295,9.1038e-15,0,16,32
309,297,9.1038e-15,0,16,70
309,298,9.1038e-15,0,16,22
310,294,9.1038e-15,0,35,18
310,295,9.1038e-15,0,35,32
310,297,9.1038e-15,0,35,70
310,298,9.1038e-15,0,35,22
311,294,9.1038e-15,0,17,18
311,295,9.1038e-15,0,17,32
311,297,9.1038e-15,0,17,70
311,298,9.1038e-15,0,17,22
312,294,9.1038e-15,0,12,18
312,295,9.1038e-15,0,12,32
312,297,9.1038e-15,0,12,70
312,298,9.1038e-15,0,12,22
313,294,9.1038e-15,0,9,18
313,295,9.1038e-15,0,9,32
313,297,9.1038e-15,0,9,70
313,298,9.1038e-15,0,9,22
314,294,9.1038e-15,0,21,18
314,295,9.1038e-15,0,21,32
314,297,9.1038e-15,0,21,70
314,298,9.1038e-15,0,21,22
315,293,9.1038e-15,0,9,15
315,296,9.1038e-15,0,9,31
316,294,9.1038e-15,0,9,18
316,295,9.1038e-15,0,9,32
316,297,9.1038e-15,0,9,70
316,298,9.1038e-15,0,9,22
317,293,9.1038e-15,0,13,15
317,296,9.1038e-15,0,13,31
318,291,9.1038e-15,0,16,46
318,292,9.1038e-15,0,16,53
319,291,9.1038e-15,0,37,46
319,292,9.1038e-15,0,37,53
320,293,9.1038e-15,0,32,15
320,296,9.1038e-15,0,32,31
321,291,9.1038e-15,0,24,46
321,292,9.1038e-15,0,24,53
322,291,9.1038e-15,0,22,46
322,292,9.1038e-15,0,22,53
323,278,9.1038e-15,0,69,29
323,281,9.1038e-15,0,69,20
323,284,9.1038e-15,0,69,77
324,283,9.1038e-15,0,33,12
324,285,9.1038e-15,0,33,29
324,286,9.1038e-15,0,33,75
324,287,9.1038e-15,0,33,65
324,288,9.1038e-15,0,33,65
324,289,9.1038e-15,0,33,49
324,290,9.1038e-15,0,33,21
325,278,9.1038e-15,0,19,29
325,281,9.1038e-15,0,19,20
325,284,9.1038e-15,0,19,77
326,277,9.1038e-15,0,73,22
326,279,9.1038e-15,0,73,38
326,280,9.1038e-15,0,73,18
326,282,9.1038e-15,0,73,20
327,278,9.1038e-15,0,21,29
327,281,9.1038e-15,0,21,20
327,284,9.1038e-15,0,21,77
328,278,9.1038e-15,0,66,29
328,281,9.1038e-15,0,66,20
328,284,9.1038e-15,0,66,77
329,275,9.1038e-15,0,33,51
306,299,9.0483e-15,0,15,11
306,300,9.0483e-15,0,15,66
307,294,9.0483e-15,0,21,18
307,295,9.0483e-15,0,21,32
307,297,9.0483e-15,0,21,70
307,298,9.0483e-15,0,21,22
308,299,9.0483e-15,0,39,11
308,300,9.0483e-15,0,39,66
308,301,9.0483e-15,0,39,31
308,302,9.0483e-15,0,39,25
309,293,9.0483e-15,0,16,15
309,296,9.0483e-15,0,16,31
310,293,9.0483e-15,0,35,15
310,296,9.0483e-15,0,35,31
311,293,9.0483e-15,0,17,15
311,296,9.0483e-15,0,17,31
312,293,9.0483e-15,0,12,15
312,296,9.0483e-15,0,12,31
313,293,9.0483e-15,0,9,15
313,296,9.0483e-15,0,9,31
314,293,9.0483e-15,0,21,15
314,296,9.0483e-15,0,21,31
315,291,9.0483e-15,0,9,46
315,292,9.0483e-15,0,9,53
316,293,9.0483e-15,0,9,15
316,296,9.0483e-15,0,9,31
317,291,9.0483e-15,0,13,46
317,292,9.0483e-15,0,13,53
318,283,9.0483e-15,0,16,12
318,285,9.0483e-15,0,16,29
318,286,9.0483e-15,0,16,75
318,287,9.0483e-15,0,16,65
318,288,9.0483e-15,0,16,65
318,289,9.0483e-15,0,16,49
318,290,9.0483e-15,0,16,21
319,283,9.0483e-15,0,37,12
319,285,9.0483e-15,0,37,29
319,286,9.0483e-15,0,37,75
319,287,9.0483e-15,0,37,65
319,288,9.0483e-15,0,37,65
319,289,9.0483e-15,0,37,49
319,290,9.0483e-15,0,37,21
320,291,9.0483e-15,0,32,46
320,292,9.0483e-15,0,32,53
321,283,9.0483e-15,0,24,12
321,285,9.0483e-15,0,24,29
321,286,9.0483e-15,0,24,75
321,287,9.0483e-15,0,24,65
321,288,9.0483e-15,0,24,65
321,289,9.0483e-15,0,24,49
321,290,9.0483e-15,0,24,21
322,283,9.0483e-15,0,22,12
322,285,9.0483e-15,0,22,29
322,286,9.0483e-15,0,22,75
322,287,9.0483e-15,0,22,65
322,288,9.0483e-15,0,22,65
322,289,9.0483e-15,0,22,49
322,290,9.0483e-15,0,22,21
323,277,9.0483e-15,0,69,22
323,279,9.0483e-15,0,69,38
323,280,9.0483e-15,0,69,18
323,282,9.0483e-15,0,69,20
324,278,9.0483e-15,0,33,29
324,281,9.0483e-15,0,33,20
324,284,9.0483e-15,0,33,77
325,277,9.0483e-15,0,19,22
325,279,9.0483e-15,0,19,38
325,280,9.0483e-15,0,19,18
325,282,9.0483e-15,0,19,20
326,275,9.0483e-15,0,73,51
327,277,9.0483e-15,0,21,22
327,279,9.0483e-15,0,21,38
327,280,9.0483e-15,0,21,18
327,282,9.0483e-15,0,21,20
328,277,9.0483e-15,0,66,22
328,279,9.0483e-15,0,66,38
328,280,9.0483e-15,0,66,18
328,282,9.0483e-15,0,66,20
329,269,9.0483e-15,0,33,48
329,270,9.0483e-15,0,33,44
329,271,9.0483e-15,0,33,39
329,272,9.0483e-15,0,33,73
329,273,9.0483e-15,0,33,60
329,274,9.0483e-15,0,33,68
329,276,9.0483e-15,0,33,25
303,294,8.9928e-15,0,36,18
303,295,8.9928e-15,0,36,32
303,297,8.9928e-15,0,36,70
305,299,8.9928e-15,0,43,11
306,294,8.9928e-15,0,15,18
306,295,8.9928e-15,0,15,32
306,297,8.9928e-15,0,15,70
306,298,8.9928e-15,0,15,22
307,293,8.9928e-15,0,21,15
307,296,8.9928e-15,0,21,31
308,294,8.9928e-15,0,39,18
308,295,8.9928e-15,0,39,32
308,297,8.9928e-15,0,39,70
308,298,8.9928e-15,0,39,22
309,291,8.9928e-15,0,16,46
309,292,8.9928e-15,0,16,53
310,291,8.9928e-15,0,35,46
310,292,8.9928e-15,0,35,53
311,291,8.9928e-15,0,17,46
311,292,8.9928e-15,0,17,53
312,291,8.9928e-15,0,12,46
312,292,8.9928e-15,0,12,53
313,291,8.9928e-15,0,9,46
313,292,8.9928e-15,0,9,53
314,291,8.9928e-15,0,21,46
314,292,8.9928e-15,0,21,53
315,283,8.9928e-15,0,9,12
315,285,8.9928e-15,0,9,29
315,286,8.9928e-15,0,9,75
315,287,8.9928e-15,0,9,65
315,288,8.9928e-15,0,9,65
315,289,8.9928e-15,0,9,49
315,290,8.9928e-15,0,9,21
316,291,8.9928e-15,0,9,46
316,292,8.9928e-15,0,9,53
317,283,8.9928e-15,0,13,12
317,285,8.9928e-15,0,13,29
317,286,8.9928e-15,0,13,75
317,287,8.9928e-15,0,13,65
317,288,8.9928e-15,0,13,65
317,289,8.9928e-15,0,13,49
317,290,8.9928e-15,0,13,21
318,278,8.9928e-15,0,16,29
318,281,8.9928e-15,0,16,20
318,284,8.9928e-15,0,16,77
319,278,8.9928e-15,0,37,29
319,281,8.9928e-15,0,37,20
319,284,8.9928e-15,0,37,77
320,283,8.9928e-15,0,32,12
320,285,8.9928e-15,0,32,29
320,286,8.9928e-15,0,32,75
320,287,8.9928e-15,0,32,65
320,288,8.9928e-15,0,32,65
320,289,8.9928e-15,0,32,49
320,290,8.9928e-15,0,32,21
321,278,8.9928e-15,0,24,29
321,281,8.9928e-15,0,24,20
321,284,8.9928e-15,0,24,77
322,278,8.9928e-15,0,22,29
322,281,8.9928e-15,0,22,20
322,284,8.9928e-15,0,22,77
323,275,8.9928e-15,0,69,51
324,277,8.9928e-15,0,33,22
324,279,8.9928e-15,0,33,38
324,280,8.9928e-15,0,33,18
324,282,8.9928e-15,0,33,20
325,275,8.9928e-15,0,19,51
326,269,8.9928e-15,0,73,48
326,270,8.9928e-15,0,73,44
326,271,8.9928e-15,0,73,39
326,272,8.9928e-15,0,73,73
326,273,8.9928e-15,0,73,60
326,274,8.9928e-15,0,73,68
326,276,8.9928e-15,0,73,25
327,275,8.9928e-15,0,21,51
328,275,8.9928e-15,0,66,51
329,267,8.9928e-15,0,33,63
300,294,8.9373e-15,0,66,18
301,294,8.9373e-15,0,31,18
301,295,8.9373e-15,0,31,32
302,294,8.9373e-15,0,25,18
302,295,8.9373e-15,0,25,32
303,293,8.9373e-15,0,36,15
303,296,8.9373e-15,0,36,31
304,294,8.9373e-15,0,67,18
304,295,8.9373e-15,0,67,32
304,297,8.9373e-15,0,67,70
304,298,8.9373e-15,0,67,22
305,294,8.9373e-15,0,43,18
305,295,8.9373e-15,0,43,32
305,297,8.9373e-15,0,43,70
305,298,8.9373e-15,0,43,22
306,293,8.9373e-15,0,15,15
306,296,8.9373e-15,0,15,31
307,291,8.9373e-15,0,21,46
307,292,8.9373e-15,0,21,53
308,293,8.9373e-15,0,39,15
308,296,8.9373e-15,0,39,31
309,283,8.9373e-15,0,16,12
309,285,8.9373e-15,0,16,29
309,286,8.9373e-15,0,16,75
309,287,8.9373e-15,0,16,65
309,288,8.9373e-15,0,16,65
309,289,8.9373e-15,0,16,49
309,290,8.9373e-15,0,16,21
310,283,8.9373e-15,0,35,12
310,285,8.9373e-15,0,35,29
310,286,8.9373e-15,0,35,75
310,287,8.9373e-15,0,35,65
310,288,8.9373e-15,0,35,65
310,289,8.9373e-15,0,35,49
310,290,8.9373e-15,0,35,21
311,283,8.9373e-15,0,17,12
311,285,8.9373e-15,0,17,29
311,286,8.9373e-15,0,17,75
311,287,8.9373e-15,0,17,65
311,288,8.9373e-15,0,17,65
311,289,8.9373e-15,0,17,49
311,290,8.9373e-15,0,17,21
312,283,8.9373e-15,0,12,12
312,285,8.9373e-15,0,12,29
312,286,8.9373e-15,0,12,75
312,287,8.9373e-15,0,12,65
312,288,8.9373e-15,0,12,65
312,289,8.9373e-15,0,12,49
312,290,8.9373e-15,0,12,21
313,283,8.9373e-15,0,9,12
313,285,8.9373e-15,0,9,29
313,286,8.9373e-15,0,9,75
313,287,8.9373e-15,0,9,65
313,288,8.9373e-15,0,9,65
313,289,8.9373e-15,0,9,49
313,290,8.9373e-15,0,9,21
314,283,8.9373e-15,0,21,12
314,285,8.9373e-15,0,21,29
314,286,8.9373e-15,0,21,75
314,287,8.9373e-15,0,21,65
314,288,8.9373e-15,0,21,65
314,289,8.9373e-15,0,21,49
314,290,8.9373e-15,0,21,21
315,278,8.9373e-15,0,9,29
315,281,8.9373e-15,0,9,20
315,284,8.9373e-15,0,9,77
316,283,8.9373e-15,0,9,12
316,285,8.9373e-15,0,9,29
316,286,8.9373e-15,0,9,75
316,287,8.9373e-15,0,9,65
316,288,8.9373e-15,0,9,65
316,289,8.9373e-15,0,9,49
316,290,8.9373e-15,0,9,21
317,278,8.9373e-15,0,13,29
317,281,8.9373e-15,0,13,20
317,284,8.9373e-15,0,13,77
318,277,8.9373e-15,0,16,22
318,279,8.9373e-15,0,16,38
318,280,8.9373e-15,0,16,18
318,282,8.9373e-15,0,16,20
319,277,8.9373e-15,0,37,22
319,279,8.9373e-15,0,37,38
319,280,8.9373e-15,0,37,18
319,282,8.9373e-15,0,37,20
320,278,8.9373e-15,0,32,29
320,281,8.9373e-15,0,32,20
320,284,8.9373e-15,0,32,77
321,277,8.9373e-15,0,24,22
321,279,8.9373e-15,0,24,38
321,280,8.9373e-15,0,24,18
321,282,8.9373e-15,0,24,20
322,277,8.9373e-15,0,22,22
322,279,8.9373e-15,0,22,38
322,280,8.9373e-15,0,22,18
322,282,8.9373e-15,0,22,20
323,269,8.9373e-15,0,69,48
323,270,8.9373e-15,0,69,44
323,271,8.9373e-15,0,69,39
323,272,8.9373e-15,0,69,73
323,273,8.9373e-15,0,69,60
323,274,8.9373e-15,0,69,68
323,276,8.9373e-15,0,69,25
324,275,8.9373e-15,0,33,51
325,269,8.9373e-15,0,19,48
325,270,8.9373e-15,0,19,44
325,271,8.9373e-15,0,19,39
325,272,8.9373e-15,0,19,73
325,273,8.9373e-15,0,19,60
325,274,8.9373e-15,0,19,68
325,276,8.9373e-15,0,19,25
326,267,8.9373e-15,0,73,63
327,269,8.9373e-15,0,21,48
327,270,8.9373e-15,0,21,44
327,271,8.9373e-15,0,21,39
327,272,8.9373e-15,0,21,73
327,273,8.9373e-15,0,21,60
327,274,8.9373e-15,0,21,68
327,276,8.9373e-15,0,21,25
328,269,8.9373e-15,0,66,48
328,270,8.9373e-15,0,66,44
328,271,8.9373e-15,0,66,39
328,272,8.9373e-15,0,66,73
328,273,8.9373e-15,0,66,60
328,274,8.9373e-15,0,66,68
328,276,8.9373e-15,0,66,25
329,262,8.9373e-15,0,33,36
329,263,8.9373e-15,0,33,28
329,265,8.9373e-15,0,33,83
329,266,8.9373e-15,0,33,27
329,268,8.9373e-15,0,33,27
299,293,8.8818e-15,0,11,15
300,293,8.8818e-15,0,66,15
301,293,8.8818e-15,0,31,15
302,293,8.8818e-15,0,25,15
302,296,8.8818e-15,0,25,31
303,291,8.8818e-15,0,36,46
303,292,8.8818e-15,0,36,53
304,293,8.8818e-15,0,67,15
304,296,8.8818e-15,0,67,31
305,293,8.8818e-15,0,43,15
305,296,8.8818e-15,0,43,31
306,291,8.8818e-15,0,15,46
306,292,8.8818e-15,0,15,53
307,283,8.8818e-15,0,21,12
307,285,8.8818e-15,0,21,29
307,286,8.8818e-15,0,21,75
307,287,8.8818e-15,0,21,65
307,288,8.8818e-15,0,21,65
307,289,8.8818e-15,0,21,49
307,290,8.8818e-15,0,21,21
308,291,8.8818e-15,0,39,46
308,292,8.8818e-15,0,39,53
309,278,8.8818e-15,0,16,29
309,281,8.8818e-15,0,16,20
309,284,8.8818e-15,0,16,77
310,278,8.8818e-15,0,35,29
310,281,8.8818e-15,0,35,20
310,284,8.8818e-15,0,35,77
311,278,8.8818e-15,0,17,29
311,281,8.8818e-15,0,17,20
311,284,8.8818e-15,0,17,77
312,278,8.8818e-15,0,12,29
312,281,8.8818e-15,0,12,20
312,284,8.8818e-15,0,12,77
313,278,8.8818e-15,0,9,29
313,281,8.8818e-15,0,9,20
313,284,8.8818e-15,0,9,77
314,278,8.8818e-15,0,21,29
314,281,8.8818e-15,0,21,20
314,284,8.8818e-15,0,21,77
315,277,8.8818e-15,0,9,22
315,279,8.8818e-15,0,9,38
315,280,8.8818e-15,0,9,18
315,282,8.8818e-15,0,9,20
316,278,8.8818e-15,0,9,29
316,281,8.8818e-15,0,9,20
316,284,8.8818e-15,0,9,77
317,277,8.8818e-15,0,13,22
317,279,8.8818e-15,0,13,38
317,280,8.8818e-15,0,13,18
317,282,8.8818e-15,0,13,20
318,275,8.8818e-15,0,16,51
319,275,8.8818e-15,0,37,51
320,277,8.8818e-15,0,32,22
320,279,8.8818e-15,0,32,38
320,280,8.8818e-15,0,32,18
320,282,8.8818e-15,0,32,20
321,275,8.8818e-15,0,24,51
322,275,8.8818e-15,0,22,51
323,267,8.8818e-15,0,69,63
324,269,8.8818e-15,0,33,48
324,270,8.8818e-15,0,33,44
324,271,8.8818e-15,0,33,39
324,272,8.8818e-15,0,33,73
324,273,8.8818e-15,0,33,60
324,274,8.8818e-15,0,33,68
324,276,8.8818e-15,0,33,25
325,267,8.8818e-15,0,19,63
326,262,8.8818e-15,0,73,36
326,263,8.8818e-15,0,73,28
326,265,8.8818e-15,0,73,83
326,266,8.8818e-15,0,73,27
326,268,8.8818e-15,0,73,27
327,267,8.8818e-15,0,21,63
328,267,8.8818e-15,0,66,63
329,259,8.8818e-15,0,33,31
329,260,8.8818e-15,0,33,16
329,261,8.8818e-15,0,33,70
329,264,8.8818e-15,0,33,51
299,291,8.8263e-15,0,11,46
299,292,8.8263e-15,0,11,53
300,291,8.8263e-15,0,66,46
300,292,8.8263e-15,0,66,53
301,291,8.8263e-15,0,31,46
301,292,8.8263e-15,0,31,53
302,291,8.8263e-15,0,25,46
302,292,8.8263e-15,0,25,53
303,283,8.8263e-15,0,36,12
303,285,8.8263e-15,0,36,29
303,286,8.8263e-15,0,36,75
303,287,8.8263e-15,0,36,65
303,288,8.8263e-15,0,36,65
303,289,8.8263e-15,0,36,49
303,290,8.8263e-15,0,36,21
304,291,8.8263e-15,0,67,46
304,292,8.8263e-15,0,67,53
305,291,8.8263e-15,0,43,46
305,292,8.8263e-15,0,43,53
306,283,8.8263e-15,0,15,12
306,285,8.8263e-15,0,15,29
306,286,8.8263e-15,0,15,75
306,287,8.8263e-15,0,15,65
306,288,8.8263e-15,0,15,65
306,289,8.8263e-15,0,15,49
306,290,8.8263e-15,0,15,21
307,278,8.8263e-15,0,21,29
307,281,8.8263e-15,0,21,20
307,284,8.8263e-15,0,21,77
308,283,8.8263e-15,0,39,12
308,285,8.8263e-15,0,39,29
308,286,8.8263e-15,0,39,75
308,287,8.8263e-15,0,39,65
308,288,8.8263e-15,0,39,65
308,289,8.8263e-15,0,39,49
308,290,8.8263e-15,0,39,21
309,277,8.8263e-15,0,16,22
309,279,8.8263e-15,0,16,38
309,280,8.8263e-15,0,16,18
309,282,8.8263e-15,0,16,20
310,277,8.8263e-15,0,35,22
310,279,8.8263e-15,0,35,38
310,280,8.8263e-15,0,35,18
310,282,8.8263e-15,0,35,20
311,277,8.8263e-15,0,17,22
311,279,8.8263e-15,0,17,38
311,280,8.8263e-15,0,17,18
311,282,8.8263e-15,0,17,20
312,277,8.8263e-15,0,12,22
312,279,8.8263e-15,0,12,38
312,280,8.8263e-15,0,12,18
312,282,8.8263e-15,0,12,20
313,277,8.8263e-15,0,9,22
313,279,8.8263e-15,0,9,38
313,280,8.8263e-15,0,9,18
313,282,8.8263e-15,0,9,20
314,277,8.8263e-15,0,21,22
314,279,8.8263e-15,0,21,38
314,280,8.8263e-15,0,21,18
314,282,8.8263e-15,0,21,20
315,275,8.8263e-15,0,9,51
316,277,8.8263e-15,0,9,22
316,279,8.8263e-15,0,9,38
316,280,8.8263e-15,0,9,18
316,282,8.8263e-15,0,9,20
317,275,8.8263e-15,0,13,51
318,269,8.8263e-15,0,16,48
318,270,8.8263e-15,0,16,44
318,271,8.8263e-15,0,16,39
318,272,8.8263e-15,0,16,73
318,273,8.8263e-15,0,16,60
318,274,8.8263e-15,0,16,68
318,276,8.8263e-15,0,16,25
319,269,8.8263e-15,0,37,48
319,270,8.8263e-15,0,37,44
319,271,8.8263e-15,0,37,39
319,272,8.8263e-15,0,37,73
319,273,8.8263e-15,0,37,60
319,274,8.8263e-15,0,37,68
319,276,8.8263e-15,0,37,25
320,275,8.8263e-15,0,32,51
321,269,8.8263e-15,0,24,48
321,270,8.8263e-15,0,24,44
321,271,8.8263e-15,0,24,39
321,272,8.8263e-15,0,24,73
321,273,8.8263e-15,0,24,60
321,274,8.8263e-15,0,24,68
321,276,8.8263e-15,0,24,25
322,269,8.8263e-15,0,22,48
322,270,8.8263e-15,0,22,44
322,271,8.8263e-15,0,22,39
322,272,8.8263e-15,0,22,73
322,273,8.8263e-15,0,22,60
322,274,8.8263e-15,0,22,68
322,276,8.8263e-15,0,22,25
323,262,8.8263e-15,0,69,36
323,263,8.8263e-15,0,69,28
323,265,8.8263e-15,0,69,83
323,266,8.8263e-15,0,69,27
323,268,8.8263e-15,0,69,27
324,267,8.8263e-15,0,33,63
