240,179,2.8162,2.7939,46,57
268,257,2.1515,3.4187,27,42
269,179,2.0643,3.5471,48,57
41,9,1.7815,4.5028,57,59
271,170,1.6722,4.8313,39,56
44,12,1.6389,7.4508,45,29
203,164,1.6036,2.3264,17,13
297,82,1.583,3.8313,70,52
38,23,1.5819,4.5283,70,60
304,121,1.5401,3.5029,67,78
252,225,1.4963,3.6628,75,63
269,240,1.4844,2.864,48,46
42,23,1.4793,7.7287,30,60
290,275,1.4325,3.5582,21,51
307,157,1.3922,3.9526,21,21
326,275,1.2915,2.574,73,51
42,24,1.2878,7.6637,30,56
56,50,1.2789,7.0057,78,61
288,272,1.2541,2.6747,65,73
87,64,1.1877,4.7208,43,59
329,173,1.1875,2.8355,33,37
301,87,1.1793,4.3633,31,43
288,247,1.1764,2.6532,65,81
272,247,1.1615,3.4249,73,81
207,168,1.1515,6.4425,28,20
264,254,1.1469,3.7817,51,33
45,9,1.1367,6.2392,69,59
241,179,1.1118,3.669,76,57
329,177,1.1052,3.8423,33,22
201,182,1.105,7.5237,47,70
201,171,1.081,4.1219,47,36
83,66,1.0527,4.2355,41,37
207,172,1.0465,6.9537,28,21
200,171,1.0349,5.2057,77,36
119,65,1.025,3.664,51,68
319,292,1.0192,5.6266,37,53
38,9,1.0136,5.5549,70,59
259,226,1.0136,3.9582,31,25
269,177,1.0089,5.1911,48,22
243,167,1.0047,5.8068,48,35
273,166,1.0002,3.4711,60,42
256,226,0.99725,3.4424,40,25
123,83,0.98351,4.2679,58,41
253,185,0.98232,4.469,41,38
253,229,0.9734,3.4772,41,22
286,247,0.97117,3.4009,75,81
325,173,0.95756,4.0716,19,37
242,229,0.93868,3.182,34,22
137,104,0.927,8.4781,12,13
241,182,0.91813,3.4282,76,70
80,66,0.91077,4.6839,22,37
200,167,0.89624,3.3024,77,35
291,274,0.8936,2.6651,46,68
17,7,0.8886,5.036,17,37
20,6,0.88265,4.2949,87,50
204,168,0.88187,3.2698,59,20
286,250,0.87985,3.6735,75,83
240,177,0.87741,7.5805,46,22
329,269,0.87245,3.2835,33,48
203,168,0.87079,7.4427,17,20
328,284,0.87075,3.7641,66,77
297,83,0.86626,3.837,70,41
249,218,0.8605,3.6389,30,37
260,234,0.85538,6.308,16,15
21,10,0.84891,8.2492,94,92
15,9,0.84417,5.2248,85,59
273,167,0.84304,4.3096,60,35
94,66,0.842,4.2079,34,37
325,177,0.83769,7.5616,19,22
30,23,0.83379,5.9699,66,60
94,87,0.83375,3.1555,34,43
301,86,0.8303,3.6408,31,18
294,85,0.82859,3.2268,18,14
270,254,0.82811,4.4822,44,33
302,86,0.82807,3.4075,25,18
224,218,0.82656,3.8907,22,37
288,250,0.82119,6.9594,65,83
300,148,0.8203,3.2515,66,23
92,62,0.81712,3.5569,56,16
321,169,0.81383,4.3151,24,23
241,174,0.81359,3.4728,76,80
204,171,0.81146,3.8886,59,36
41,13,0.81128,3.463,57,76
208,175,0.79605,3.7561,27,37
268,262,0.79283,3.7982,27,36
30,18,0.7913,8.8315,66,32
23,13,0.78808,8.9798,60,76
321,166,0.78702,3.6211,24,42
308,121,0.78338,5.4882,39,78
274,166,0.77276,8.8063,68,42
204,175,0.76267,6.2665,59,37
17,6,0.7597,4.2263,17,50
107,69,0.75926,8.0734,49,45
110,97,0.7545,3.9996,17,19
16,10,0.74823,3.8424,84,92
208,172,0.74772,5.0581,27,21
322,290,0.74518,2.7593,22,21
20,10,0.74302,5.3643,87,92
20,13,0.7407,6.9264,87,76
120,61,0.73915,4.3312,67,40
326,287,0.73787,3.0135,73,65
260,230,0.72891,4.0537,16,14
225,218,0.72662,5.3481,63,37
122,65,0.72475,3.4738,30,68
257,229,0.71885,4.1337,42,22
146,121,0.7183,6.415,71,78
262,239,0.71812,6.3716,36,49
253,244,0.71621,4.6038,41,34
294,82,0.71351,2.9819,18,52
42,9,0.71079,4.7054,30,59
274,246,0.70745,3.8969,68,48
327,285,0.70292,2.8752,21,29
325,287,0.70155,3.9516,19,65
249,224,0.69857,3.6729,30,22
291,161,0.69784,3.4908,46,18
24,9,0.6971,8.8176,56,59
303,159,0.69516,3.5361,36,66
287,271,0.69424,3.3014,65,39
98,84,0.69378,10.28,27,44
205,182,0.69364,4.0709,51,70
291,149,0.69355,9.4672,46,35
114,97,0.69261,3.2645,53,19
19,10,0.69195,6.8837,91,92
76,69,0.68736,3.9345,52,45
13,6,0.68705,7.9732,76,50
15,8,0.68253,7.9195,85,74
287,173,0.68184,4.3866,65,37
107,99,0.68073,4.0551,49,25
128,104,0.67741,5.1773,13,13
292,161,0.67528,3.4601,53,18
301,82,0.67333,5.2687,31,52
323,287,0.67273,3.8861,69,65
267,261,0.67072,4.3335,63,70
33,9,0.67058,11.665,30,59
259,230,0.66997,6.1088,31,14
288,279,0.66997,4.5174,65,38
149,84,0.66938,15.79,35,44
286,272,0.66814,3.8439,75,73
30,22,0.66778,5.7857,66,67
220,187,0.66565,4.1952,29,55
210,175,0.66186,3.6228,35,37
42,13,0.66049,6.2119,30,76
35,26,0.65734,8.3901,57,32
323,173,0.65574,3.7605,69,37
282,254,0.65406,4.4002,20,33
21,13,0.64637,9.7853,94,76
272,244,0.64439,3.8267,73,34
61,53,0.64243,10.003,40,80
328,287,0.64038,2.6818,66,65
114,65,0.63826,3.4382,53,68
245,184,0.63487,6.6139,22,25
47,21,0.63417,10.04,88,94
21,14,0.63139,11.231,94,77
28,22,0.63038,5.5996,23,67
270,253,0.62974,5.1479,44,41
283,258,0.62953,4.951,12,17
270,247,0.62912,7.1258,44,81
250,244,0.62858,3.7473,83,34
56,49,0.6268,10.565,78,71
19,6,0.62639,7.4296,91,50
272,250,0.62463,4.2956,73,83
160,149,0.62406,4.9317,13,35
273,163,0.62207,3.809,60,41
205,171,0.61852,3.4066,51,36
240,180,0.61771,4.381,46,37
291,246,0.6171,6.8952,46,48
21,9,0.61444,7.707,94,59
257,233,0.61364,4.2285,42,57
120,63,0.61362,2.7266,67,36
21,6,0.61297,5.949,94,50
123,64,0.61237,4.3125,58,59
328,265,0.61201,3.4264,66,83
256,230,0.60779,3.7949,40,14
315,140,0.60392,13.739,9,9
329,287,0.60369,3.1513,33,65
286,279,0.60267,3.2472,75,38
14,8,0.60254,7.1929,77,74
270,257,0.60195,3.7964,44,42
97,84,0.59978,8.2165,19,44
114,107,0.59901,7.522,53,49
138,104,0.597,10.076,26,13
21,8,0.59625,10.233,94,74
200,164,0.59584,5.5965,77,13
249,219,0.59354,3.8565,30,24
262,238,0.59283,4.2573,36,16
274,197,0.59267,4.4234,68,87
45,13,0.59218,8.8542,69,76
269,241,0.59218,3.1701,48,76
288,274,0.59196,3.425,65,68
38,20,0.59128,5.183,70,87
205,175,0.5912,5.3884,51,37
252,187,0.59099,12.697,75,55
20,8,0.59069,7.625,87,74
272,166,0.58942,6.8927,73,42
23,15,0.58879,8.6768,60,85
243,170,0.58772,4.0057,48,56
200,163,0.58531,4.6948,77,41
18,6,0.58398,6.3369,32,50
268,242,0.58247,4.2727,27,34
253,242,0.58061,4.4686,41,34
134,101,0.57945,16.27,20,10
274,163,0.5794,10.562,68,41
29,22,0.57929,5.0203,11,67
328,286,0.57795,3.3457,66,75
225,185,0.57615,3.8824,63,38
159,146,0.57561,3.9226,66,71
244,27,0.57332,55.189,34,14
275,247,0.5705,2.5538,51,81
199,164,0.56896,7.225,18,13
248,74,0.56799,3.9537,15,44
41,4,0.56551,7.6889,57,22
42,6,0.56532,8.0367,30,50
25,18,0.56426,7.6671,67,32
265,247,0.56269,13.513,83,81
144,121,0.56246,3.3432,80,78
80,71,0.56241,3.5438,22,27
45,4,0.56003,4.9218,69,22
25,16,0.55973,11.15,67,84
324,275,0.55947,4.3544,33,51
140,134,0.55915,7.1506,9,20
47,20,0.55651,8.3026,88,87
201,175,0.55585,9.0091,47,37
120,92,0.55576,7.4158,67,56
163,75,0.55575,13.592,41,44
271,174,0.55517,4.2057,39,80
16,9,0.55351,5.8777,84,59
225,187,0.55339,9.0492,63,55
38,13,0.55323,4.2086,70,76
319,296,0.55193,3.5741,37,31
20,9,0.55073,4.7152,87,59
65,56,0.55038,15.607,68,78
37,14,0.54854,7.3095,39,77
239,183,0.54775,3.752,49,43
256,233,0.54754,4.1008,40,57
196,164,0.54709,6.1869,19,13
149,22,0.54701,41.915,35,67
21,15,0.54639,7.9895,94,85
20,14,0.5463,8.5715,87,77
16,8,0.54516,8.1611,84,74
38,15,0.54456,6.0977,70,85
269,173,0.54455,7.0735,48,37
288,276,0.54304,5.2756,65,25
249,186,0.54249,4.1299,30,27
313,141,0.54227,17.328,9,10
243,184,0.54224,3.5534,48,25
297,79,0.54103,4.2719,70,30
23,16,0.53839,8.2324,60,84
321,161,0.53815,3.5874,24,18
38,21,0.53682,7.4461,70,94
140,131,0.53634,10.931,9,17
25,6,0.53601,10.116,67,50
140,125,0.53567,10.57,9,14
282,251,0.53538,3.7912,20,24
65,53,0.53519,17.54,68,80
286,265,0.53265,8.9672,75,83
261,209,0.5326,26.986,70,53
43,36,0.53135,7.8672,26,29
30,20,0.53069,8.9215,66,87
268,253,0.53032,7.2075,27,41
298,85,0.52957,7.2434,22,14
276,251,0.52895,8.3031,25,24
34,21,0.52874,9.9993,69,94
252,226,0.5285,3.2322,75,25
298,86,0.52802,3.2822,22,18
111,67,0.52799,4.8162,32,31
286,270,0.52777,4.1189,75,44
17,8,0.52771,7.3334,17,74
47,19,0.52745,11.81,88,91
204,172,0.52554,5.0033,59,21
135,101,0.52503,15.128,10,10
95,63,0.5246,3.7365,31,36
45,8,0.52453,6.354,69,74
326,173,0.52412,6.4742,73,37
242,183,0.52401,3.5627,34,43
27,18,0.52377,6.6828,14,32
291,273,0.52283,3.3793,46,60
319,297,0.52213,5.9785,37,70
200,168,0.52181,5.4068,77,20
240,182,0.52119,5.1905,46,70
208,176,0.52115,6.7165,27,22
53,42,0.51997,16.072,80,30
34,20,0.51987,7.9088,69,87
39,23,0.51938,5.4585,25,60
293,79,0.51838,4.0605,15,30
308,92,0.51808,9.8973,39,56
298,89,0.51806,6.0986,22,21
210,182,0.51689,4.6333,35,70
42,20,0.51585,6.8446,30,87
197,163,0.51508,4.5143,87,41
140,104,0.51393,11.048,9,13
271,243,0.51358,3.8262,39,48
253,225,0.51346,3.5013,41,63
264,247,0.51144,10.533,51,81
252,30,0.51022,63.548,75,66
141,104,0.51004,13.906,10,13
19,9,0.509,7.4341,91,59
60,53,0.50877,9.0853,24,80
150,65,0.50861,13.83,33,68
15,6,0.50692,6.9897,85,50
250,178,0.50665,19.001,83,88
248,73,0.50518,6.3938,15,37
137,131,0.50402,6.5175,12,17
237,181,0.50391,6.8775,20,36
291,166,0.50384,7.3667,46,42
34,19,0.50368,6.9166,69,91
232,183,0.5026,3.83,50,43
161,150,0.50255,7.3924,18,33
76,68,0.50236,3.9106,52,34
323,169,0.5021,3.8657,69,23
25,19,0.50204,7.109,67,91
270,250,0.50089,4.2414,44,83
38,19,0.50067,5.5553,70,91
147,124,0.50026,3.6696,26,31
301,83,0.50024,3.504,31,41
225,183,0.49964,10.41,63,43
297,24,0.49937,28.043,70,56
100,81,0.49868,16.045,15,20
241,178,0.49835,7.6031,76,88
304,284,0.49828,36.747,67,77
326,286,0.49787,2.7419,73,75
245,22,0.49667,52.183,22,67
38,10,0.496,7.6584,70,92
14,6,0.49523,9.1681,77,50
19,8,0.49502,10.808,91,74
54,25,0.49416,10.664,54,67
139,101,0.49406,13.899,15,10
257,239,0.49334,6.8509,42,49
240,181,0.4927,2.9644,46,36
41,12,0.49243,3.4271,57,29
287,240,0.49221,11.214,65,46
297,119,0.49073,15.201,70,51
24,17,0.49021,7.6489,56,17
150,101,0.48976,14.8,33,10
309,60,0.48869,10.049,16,24
153,141,0.48688,20.432,12,10
308,64,0.48675,7.9169,39,59
22,6,0.48624,8.5509,67,50
110,84,0.48606,13.827,17,44
38,24,0.48591,7.1496,70,56
313,153,0.48551,14.005,9,12
255,222,0.48512,6.7044,22,9
31,18,0.4851,9.6479,55,32
61,50,0.48497,10.54,40,61
284,59,0.48483,49.963,77,22
17,9,0.48414,6.8784,17,59
309,90,0.48362,8.7473,16,16
289,167,0.48249,5.6037,49,35
34,27,0.48241,9.8777,69,14
28,9,0.48113,16.937,23,59
249,225,0.48043,3.4522,30,63
238,181,0.48019,5.0798,16,36
198,184,0.47963,4.285,31,25
304,119,0.47961,7.311,67,51
274,16,0.47903,53.602,68,84
304,123,0.47853,3.6236,67,58
100,85,0.47846,20.883,15,14
27,9,0.47826,13.932,14,59
328,269,0.47803,2.9181,66,48
296,67,0.47692,10.665,31,31
300,146,0.47688,3.5349,66,71
320,165,0.47667,5.6104,32,13
305,92,0.47622,5.029,43,56
283,259,0.47603,9.0793,12,31
212,131,0.47578,27.223,18,17
42,30,0.47567,13.757,30,66
29,23,0.47546,6.8677,11,60
19,13,0.47501,7.572,91,76
268,239,0.47459,3.6111,27,49
110,18,0.47456,35.962,17,32
296,246,0.47425,13.863,31,48
57,7,0.47402,13.695,25,37
324,287,0.47341,3.3231,33,65
220,6,0.47332,48.236,29,50
30,21,0.47297,8.9339,66,94
241,173,0.47277,7.89,76,37
193,163,0.47269,5.849,15,41
50,6,0.47245,7.7648,61,50
270,264,0.47243,4.2615,44,51
255,226,0.47222,3.5467,22,25
47,10,0.47222,9.1037,88,92
114,77,0.47192,14.788,53,26
98,73,0.47159,7.5177,27,37
110,98,0.47128,5.606,17,27
120,60,0.47106,7.2435,67,24
291,73,0.47028,11.506,46,37
298,37,0.47002,39.482,22,39
302,90,0.46987,3.7575,25,16
274,247,0.46931,3.6725,68,81
249,228,0.4693,6.7776,30,41
12,4,0.46925,9.0015,29,22
68,61,0.46863,18.299,34,40
293,82,0.46839,3.937,15,52
31,21,0.46765,10.865,55,94
274,249,0.46762,7.648,68,30
326,279,0.46727,2.7873,73,38
42,21,0.46676,9.068,30,94
273,197,0.46624,3.3828,60,87
267,239,0.46599,4.2473,63,49
23,9,0.46582,8.7705,60,59
97,65,0.46542,5.951,19,68
140,133,0.46541,7.285,9,10
91,62,0.46526,4.0574,64,16
10,4,0.46449,8.7001,92,22
278,247,0.46445,6.4348,29,81
87,66,0.46441,8.1552,43,37
208,200,0.46417,8.9749,27,77
279,272,0.46416,7.4946,38,73
273,161,0.46403,5.6861,60,18
180,67,0.46365,38.025,37,31
121,83,0.46355,9.2491,78,41
200,144,0.46313,28.207,77,80
171,34,0.46303,67.647,36,69
193,161,0.46299,6.5566,15,18
220,194,0.4624,4.0758,29,18
301,294,0.46203,7.8675,31,18
43,33,0.46195,12.735,26,30
150,126,0.46099,5.043,33,19
286,251,0.46071,5.3623,75,24
253,239,0.46039,9.3604,41,49
166,149,0.46037,14.797,42,35
38,16,0.46021,7.5652,70,84
42,25,0.46012,10.4,30,67
98,71,0.46007,3.4669,27,27
67,50,0.46002,23.16,31,61
296,160,0.45991,5.0183,31,13
313,139,0.45989,18.157,9,15
304,174,0.45968,35.294,67,80
81,70,0.45935,10.382,20,31
315,125,0.45932,13.502,9,14
252,218,0.45927,10.217,75,37
270,46,0.4591,55.783,44,49
194,163,0.4588,7.5526,18,41
305,90,0.45811,3.4898,43,16
244,87,0.45727,29.578,34,43
287,265,0.45707,8.1139,65,83
17,10,0.45698,4.0584,17,92
92,61,0.45683,6.4364,56,40
25,9,0.45658,11.615,67,59
197,53,0.45654,39.755,87,80
209,181,0.4565,8.9209,53,36
107,76,0.45615,12.848,49,52
278,251,0.45579,7.1117,29,24
296,22,0.45473,35.218,31,67
271,173,0.45472,4.6373,39,37
13,5,0.454,9.7943,76,64
182,175,0.45393,5.0068,70,37
116,48,0.45391,19.738,14,22
23,17,0.4536,7.4614,60,17
80,73,0.45334,8.0199,22,37
34,13,0.45288,6.3844,69,76
289,273,0.45255,3.4873,49,60
49,42,0.45214,9.0419,71,30
57,22,0.45214,13.279,25,67
107,71,0.45186,13.363,49,27
41,21,0.45162,10.81,57,94
59,53,0.45146,6.0483,22,80
245,220,0.45145,3.4336,22,29
152,142,0.45128,21.099,12,22
321,165,0.45126,3.9121,24,13
296,148,0.45044,3.8391,31,23
99,67,0.45034,4.618,25,31
284,19,0.45034,62.519,77,91
162,22,0.4501,46.863,72,67
34,8,0.45,12.671,69,74
153,135,0.44937,12.243,12,10
294,81,0.44905,3.6932,18,20
246,150,0.44905,15.783,48,33
252,229,0.44901,5.0818,75,22
12,5,0.44899,8.5072,29,64
54,9,0.44832,15.472,54,59
150,99,0.44826,12.921,33,25
83,22,0.44824,28.342,41,67
91,84,0.44808,7.5109,64,44
39,26,0.44795,10.112,25,32
30,19,0.44759,6.7333,66,91
214,181,0.44745,7.099,14,36
251,244,0.44731,6.2549,24,34
14,5,0.44671,11.454,77,64
193,66,0.44615,15.826,15,37
306,90,0.44606,8.1094,15,16
200,19,0.44588,61.042,77,91
329,240,0.44564,7.2904,33,46
87,48,0.44555,19.14,43,22
252,221,0.44483,6.055,75,26
131,4,0.44468,45.074,17,22
321,149,0.44339,13.285,24,35
29,7,0.44338,17.473,11,37
252,246,0.44317,7.1823,75,48
297,96,0.44311,11.596,70,44
18,10,0.44288,6.4931,32,92
84,18,0.44288,30.398,44,32
308,144,0.4428,3.9013,39,80
115,108,0.44265,6.704,25,16
196,163,0.4426,3.6815,19,41
300,123,0.44244,3.611,66,58
42,17,0.44204,10.647,30,17
179,65,0.44204,41.82,57,68
94,83,0.44178,4.4179,34,41
303,146,0.44161,3.5061,36,71
323,289,0.44078,3.9126,69,49
149,25,0.44064,38.309,35,67
135,4,0.44053,39.894,10,22
149,18,0.44043,44.953,35,32
265,254,0.44042,6.9755,83,33
22,10,0.44042,10.586,67,92
297,10,0.44029,39.711,70,92
185,148,0.43996,18.011,38,23
118,65,0.43992,7.4483,28,68
297,284,0.43938,26.526,70,77
162,119,0.43936,26.36,72,51
18,9,0.4393,8.6074,32,59
313,142,0.43904,13.383,9,22
53,21,0.43901,11.958,80,94
120,62,0.43759,3.3578,67,16
35,21,0.43757,9.6328,57,94
243,201,0.43755,3.6622,48,47
16,6,0.43752,5.056,84,50
133,104,0.43719,5.9793,10,13
149,131,0.43709,10.199,35,17
53,47,0.43693,12.415,80,88
118,22,0.43654,23.946,28,67
201,184,0.43634,4.0013,47,25
126,99,0.43618,3.2292,19,25
328,275,0.43613,10.317,66,51
153,131,0.43597,8.8246,12,17
131,104,0.43589,6.7567,17,13
304,297,0.43576,8.034,67,70
107,98,0.43554,7.8716,49,27
125,77,0.43519,6.1452,14,26
304,144,0.43503,3.6864,67,80
239,187,0.43488,15.482,49,55
201,167,0.43471,3.4532,47,35
106,88,0.43431,24.452,19,16
315,132,0.43412,14.746,9,15
46,4,0.43405,3.6411,49,22
301,48,0.43387,23.847,31,22
289,272,0.43384,3.1626,49,73
38,30,0.43355,8.3927,70,66
124,65,0.43339,5.5663,31,68
299,159,0.43312,3.5546,11,66
246,30,0.43258,56.757,48,66
328,270,0.43256,2.704,66,44
117,93,0.43244,8.4995,21,16
210,171,0.43229,5.7728,35,36
242,146,0.43223,30.731,34,71
274,250,0.43192,8.6735,68,83
320,162,0.43189,5.1501,32,72
286,269,0.43153,7.3262,75,48
219,188,0.43147,3.8628,24,31
317,299,0.43125,4.0755,13,11
286,264,0.4312,6.6568,75,51
326,247,0.43108,5.491,73,81
11,5,0.43097,7.9947,30,64
87,23,0.43075,21.547,43,60
247,166,0.43055,10.934,81,42
315,157,0.43014,2.7456,9,21
272,170,0.42954,6.9374,73,56
107,67,0.42921,5.0297,49,31
293,75,0.42912,3.2591,15,44
25,17,0.42902,8.9655,67,17
217,189,0.42883,3.2432,16,14
262,181,0.42868,11.088,36,36
249,187,0.42861,3.9243,30,55
94,84,0.42847,3.113,34,44
235,214,0.42844,6.8938,14,14
47,41,0.42831,6.7292,88,57
320,161,0.42802,3.3504,32,18
212,137,0.42722,34.026,18,12
257,38,0.4271,67.216,42,70
287,274,0.42693,7.6569,65,68
297,188,0.42686,20.534,70,31
151,131,0.42657,9.1713,7,17
22,9,0.42635,10.169,67,59
163,149,0.42625,9.3498,41,35
139,133,0.42621,6.9589,15,10
321,273,0.42621,4.9132,24,60
217,186,0.42608,3.3302,16,27
321,167,0.42607,6.1328,24,35
302,79,0.42604,10.646,25,30
291,244,0.42604,8.9074,46,34
84,73,0.4245,13.223,44,37
261,144,0.42436,50.975,70,80
234,227,0.42415,6.2633,15,18
292,186,0.42397,19.032,53,27
276,58,0.4239,40.908,25,18
97,25,0.42383,29.649,19,67
25,10,0.42361,13.389,67,92
268,38,0.42355,68.005,27,70
265,178,0.42354,10.547,83,88
84,76,0.42338,8.8673,44,52
34,28,0.42315,11.057,69,23
277,24,0.42288,39.032,22,56
233,185,0.42273,10.181,57,38
37,31,0.42265,7.9727,39,55
326,284,0.42249,6.2034,73,77
139,132,0.42186,7.653,15,15
297,121,0.42179,12.153,70,78
220,201,0.42179,7.8076,29,47
162,65,0.42179,21.373,72,68
41,23,0.42144,9.1796,57,60
15,7,0.42134,6.2591,85,37
287,279,0.42123,6.0044,65,38
322,314,0.4212,22.897,22,21
325,271,0.42098,8.2622,19,39
148,126,0.42094,5.6242,23,19
145,122,0.42082,3.3051,27,30
107,95,0.42069,11.974,49,31
296,149,0.42069,7.5105,31,35
24,12,0.42068,13.818,56,29
80,69,0.42056,6.2603,22,45
92,64,0.42048,4.4267,56,59
294,78,0.42036,5.1202,18,34
20,12,0.42033,9.1974,87,29
326,288,0.42025,4.1131,73,65
286,170,0.42011,10.968,75,56
201,18,0.42006,60.666,47,32
17,11,0.42,7.0637,17,30
214,201,0.41994,8.1024,14,47
24,18,0.41962,6.8926,56,32
246,194,0.41957,8.3507,48,18
326,245,0.41956,13.211,73,22
261,250,0.41922,13.753,70,83
289,169,0.41862,4.1664,49,23
324,290,0.41841,3.8222,33,21
182,171,0.41827,5.4649,70,36
119,67,0.41825,8.5666,51,31
197,16,0.41824,54.377,87,84
22,15,0.41818,9.0403,67,85
239,181,0.41793,3.0569,49,36
234,217,0.4179,13.843,15,16
273,59,0.41776,38.278,60,22
220,73,0.41756,5.048,29,37
304,146,0.4175,4.1182,67,71
151,143,0.41741,17.289,7,25
118,95,0.41728,7.1449,28,31
193,160,0.41726,6.9818,15,13
272,243,0.41723,6.08,73,48
285,276,0.41703,9.5215,29,25
47,16,0.41682,11.848,88,84
245,187,0.41663,3.0318,22,55
163,150,0.41651,6.5902,41,33
276,243,0.41583,14.202,25,48
328,322,0.4158,12.012,66,22
15,5,0.4157,10.461,85,64
16,7,0.41564,6.4729,84,37
319,299,0.41534,4.6453,37,11
276,87,0.41506,21.586,25,43
96,69,0.4149,7.6894,44,45
292,243,0.41482,17.676,53,48
106,100,0.41459,5.6901,19,15
26,20,0.4145,6.861,32,87
272,254,0.41442,7.5453,73,33
268,240,0.4138,3.5723,27,46
149,121,0.41373,14.174,35,78
209,202,0.41367,7.8082,53,21
288,273,0.4136,2.7174,65,60
13,7,0.41328,7.2509,76,37
272,41,0.41325,57.056,73,57
118,52,0.413,9.4854,28,19
45,21,0.41293,13.447,69,94
279,246,0.41289,7.8539,38,48
201,181,0.41288,11.932,47,36
243,218,0.41285,9.291,48,37
306,223,0.41276,38.423,15,29
244,23,0.41253,54.328,34,60
297,66,0.41228,8.5241,70,37
56,21,0.41219,14.398,78,94
274,75,0.41216,5.4339,68,44
284,247,0.4117,9.3499,77,81
329,323,0.41167,6.6442,33,69
289,271,0.41155,4.6536,49,39
279,247,0.41146,3.3256,38,81
241,205,0.4114,8.5369,76,51
98,70,0.41107,3.6444,27,31
250,20,0.41075,56.661,83,87
16,5,0.41026,8.9954,84,64
120,65,0.41017,5.4575,67,68
215,138,0.4099,31.198,25,26
284,265,0.40976,5.7716,77,83
39,30,0.40944,9.7171,25,66
213,133,0.40932,32.127,13,10
214,140,0.40922,37.633,14,9
286,274,0.40922,7.3118,75,68
150,125,0.4092,7.4338,33,14
106,99,0.4092,3.6918,19,25
27,16,0.4092,11.001,14,84
239,16,0.40917,74.561,49,84
287,269,0.40916,7.4704,65,48
80,70,0.40876,7.4992,22,31
300,87,0.40861,8.4326,66,43
245,226,0.4086,10.836,22,25
287,31,0.40822,63.835,65,55
119,18,0.40818,27.386,51,32
209,203,0.40813,7.2209,53,17
284,250,0.4077,8.1081,77,83
105,99,0.40752,6.6323,32,25
136,128,0.40738,3.9346,10,13
133,127,0.40721,7.1871,10,18
211,142,0.40709,46.455,14,22
140,130,0.40705,12.152,9,15
120,54,0.40688,12.63,67,54
224,187,0.40676,7.4778,22,55
37,15,0.40675,8.0808,39,85
131,102,0.40645,14.187,17,20
45,12,0.40613,6.1377,69,29
246,126,0.40585,15.72,48,19
326,285,0.40576,3.151,73,29
22,16,0.40572,7.088,67,84
13,4,0.40543,11.549,76,22
80,23,0.40539,30.544,22,60
107,93,0.40522,17.702,49,16
117,63,0.40493,3.7339,21,36
300,83,0.40483,4.8096,66,41
249,220,0.40458,3.539,30,29
167,69,0.4044,19.483,35,45
287,250,0.40415,6.3987,65,83
245,72,0.40378,14.519,22,19
37,13,0.40376,4.5061,39,76
65,50,0.40359,18.082,68,61
242,232,0.40356,3.8821,34,50
275,241,0.40351,17.052,51,76
327,284,0.40328,3.8874,21,77
61,24,0.40318,14.036,40,56
301,90,0.40289,4.1295,31,16
268,26,0.40259,61.984,27,32
194,187,0.40257,3.6068,18,55
293,76,0.40237,5.7907,15,52
201,93,0.40223,34.192,47,16
154,135,0.40207,7.9354,10,10
276,163,0.40198,15.654,25,41
32,11,0.4019,16.51,33,30
253,232,0.40175,7.7219,41,50
289,170,0.40161,4.2652,49,56
291,243,0.40111,12.649,46,48
307,158,0.40107,6.7006,21,26
268,233,0.40098,4.2862,27,57
138,132,0.40096,6.6125,26,15
35,28,0.40093,9.4112,57,23
187,78,0.40089,17.105,55,34
200,175,0.40085,10.876,77,37
107,65,0.40074,10.438,49,68
84,71,0.40066,7.9822,44,27
212,135,0.40063,32.662,18,10
188,41,0.4004,54.983,31,57
287,178,0.40027,12.905,65,88
161,149,0.4002,8.351,18,35
42,35,0.4002,7.9615,30,57
150,114,0.40014,14.401,33,53
232,201,0.40003,11.44,50,47
171,163,0.39997,8.4187,36,41
138,130,0.39989,8.8556,26,15
63,49,0.39988,13.23,36,71
241,225,0.39972,11.967,76,63
129,104,0.39968,6.1851,11,13
46,20,0.39966,11.609,49,87
242,228,0.39937,6.2447,34,41
248,57,0.39899,42.327,15,25
40,12,0.39897,6.3756,27,29
328,173,0.3987,6.7178,66,37
305,86,0.39855,6.7125,43,18
262,256,0.39851,6.1821,36,40
287,275,0.3985,7.1381,65,51
231,199,0.39841,19.657,19,18
161,82,0.39835,9.5159,18,52
151,133,0.39823,7.0314,7,10
156,147,0.39823,3.268,13,26
121,9,0.39816,31.923,78,59
256,229,0.39814,4.0483,40,22
291,119,0.39804,25.538,46,51
226,33,0.39786,68.972,25,30
229,183,0.39784,7.6796,22,43
306,299,0.39768,6.6843,15,11
269,182,0.39752,7.5687,48,70
12,6,0.39749,7.7355,29,50
319,170,0.39735,13.324,37,56
262,236,0.39731,9.0147,36,15
256,34,0.39728,70.259,40,69
56,45,0.39725,22.762,78,69
200,75,0.39723,18.088,77,44
125,31,0.39714,47.131,14,55
174,38,0.39708,66.452,80,70
265,250,0.39702,9.9624,83,83
269,249,0.39696,10.424,48,30
256,185,0.39694,8.5016,40,38
296,290,0.39689,9.7973,31,21
315,139,0.3967,16.253,9,15
257,242,0.39631,4.2394,42,34
314,140,0.39585,9.033,21,9
64,37,0.39583,33.379,59,39
248,76,0.3957,8.0293,15,52
329,271,0.39554,3.2514,33,39
286,254,0.39538,4.2172,75,33
257,238,0.39534,7.855,42,16
42,29,0.39532,15.956,30,11
57,38,0.39499,19.866,25,70
157,134,0.39454,8.8131,21,20
218,187,0.39449,3.5404,37,55
297,19,0.39432,36.446,70,91
319,291,0.39424,7.0853,37,46
329,265,0.39415,4.6508,33,83
214,137,0.39412,34.688,14,12
297,68,0.39401,10.696,70,34
143,115,0.39396,3.9613,25,25
38,25,0.39377,9.9466,70,67
19,12,0.39373,10.484,91,29
296,18,0.39371,39.32,31,32
244,24,0.39331,51.094,34,56
322,316,0.39327,16.153,22,9
65,55,0.39289,12.98,68,25
91,64,0.39269,7.9783,64,59
193,101,0.39266,15.149,15,10
319,149,0.39254,10.622,37,35
276,74,0.39243,3.5622,25,44
22,13,0.39241,11.463,67,76
317,138,0.39241,17.387,13,26
287,267,0.39238,12.519,65,63
122,111,0.39222,3.1518,30,32
233,183,0.39215,8.329,57,43
241,31,0.39215,73.923,76,55
87,81,0.39214,6.5161,43,20
312,213,0.39214,43.249,12,13
312,134,0.3921,18.84,12,20
29,17,0.39203,11.668,11,17
229,127,0.39177,22.868,22,18
300,287,0.3916,24.236,66,65
57,5,0.39153,13.537,25,64
121,10,0.39151,33.81,78,92
262,64,0.39144,45.648,36,59
131,125,0.39138,14.52,17,14
95,61,0.39135,8.9804,31,40
213,153,0.39121,24.296,13,12
95,67,0.39115,5.8024,31,31
162,54,0.39099,38.903,72,54
247,21,0.39096,49.807,81,94
106,52,0.39094,24.166,19,19
31,20,0.39092,9.4968,55,87
271,244,0.39081,2.8746,39,34
273,243,0.3908,7.3815,60,48
263,180,0.39073,14.509,28,37
293,245,0.39056,9.197,15,22
77,71,0.39045,3.4931,26,27
234,226,0.38956,7.6907,15,25
149,119,0.38953,16.951,35,51
309,234,0.3893,54.524,16,15
27,6,0.38926,13.221,14,50
212,154,0.38921,24.592,18,10
55,49,0.38918,8.2585,25,71
228,221,0.38898,7.9139,41,26
175,167,0.38895,8.7053,37,35
236,211,0.38893,13.208,15,14
119,64,0.38884,4.4186,51,59
328,267,0.38884,7.4118,66,63
247,30,0.38884,55.449,81,66
137,128,0.38858,6.4846,12,13
176,168,0.38858,8.45,22,20
213,181,0.38851,3.7981,13,36
77,66,0.38842,9.1657,26,37
308,96,0.38841,16.181,39,44
31,10,0.38816,12.459,55,92
178,91,0.38806,48.971,88,64
126,106,0.38792,5.0046,19,19
27,21,0.38782,5.4541,14,94
289,247,0.38782,5.1491,49,81
220,193,0.38778,5.0841,29,15
34,18,0.38769,10.117,69,32
291,110,0.38759,22.579,46,17
297,281,0.38743,22.784,70,20
287,268,0.38737,9.6091,65,27
158,151,0.38702,4.7367,26,7
274,73,0.38701,8.5193,68,37
220,55,0.38698,35.387,29,25
257,183,0.38692,8.8496,42,43
98,59,0.38665,22.429,27,22
187,34,0.38664,62.177,55,69
295,263,0.3866,32.49,32,28
45,38,0.38643,7.8413,69,70
214,136,0.38642,32.528,14,10
297,80,0.3863,6.2991,70,22
49,9,0.38612,10.222,71,59
147,125,0.38597,5.8055,26,14
326,319,0.38587,17.23,73,37
284,255,0.38571,8.4146,77,22
39,16,0.38559,10.364,25,84
220,71,0.3851,11.337,29,27
304,291,0.385,18.436,67,46
135,129,0.38497,6.4954,10,11
302,142,0.38494,14.985,25,22
325,172,0.38446,9.6379,19,21
93,63,0.38437,3.6757,16,36
246,193,0.38425,8.7738,48,15
140,132,0.38414,9.0175,9,15
41,6,0.38397,8.8918,57,50
137,102,0.38394,15.94,12,20
197,159,0.3839,10.392,87,66
297,148,0.38386,5.9952,70,23
186,157,0.38365,23.653,27,21
328,319,0.38364,20.967,66,37
276,42,0.38363,44.759,25,30
182,174,0.3836,4.0587,70,80
111,95,0.38351,9.3509,32,31
82,6,0.38348,32.436,52,50
292,274,0.3834,5.5348,53,68
235,151,0.38339,29.491,14,7
193,126,0.38334,8.2018,15,19
19,11,0.38334,8.935,91,30
33,21,0.38326,13.461,30,94
32,12,0.38304,14.252,33,29
123,79,0.383,6.2707,58,30
149,53,0.38291,32.36,35,80
161,125,0.38286,9.2905,18,14
321,243,0.38277,12.502,24,48
313,134,0.38275,15.69,9,20
212,202,0.3826,3.9958,18,21
262,254,0.38259,6.2877,36,33
144,96,0.38256,13.256,80,44
42,12,0.3825,6.2362,30,29
314,154,0.38226,8.8137,21,10
151,104,0.38225,13.283,7,13
214,131,0.3822,28.385,14,17
136,129,0.38172,7.3696,10,11
294,67,0.38152,15.262,18,31
94,25,0.38145,20.459,34,67
40,32,0.38143,9.8921,27,33
66,27,0.38142,31.215,37,14
140,101,0.38125,15.891,9,10
291,163,0.38119,6.462,46,41
180,11,0.38106,80.01,37,30
274,22,0.381,46.79,68,67
278,75,0.3809,11.072,29,44
209,197,0.3809,15.24,53,87
156,135,0.3809,6.9411,13,10
309,92,0.38078,9.905,16,56
50,22,0.3807,13.741,61,67
149,97,0.38068,12.322,35,19
106,98,0.38055,6.6982,19,27
44,26,0.38053,16.855,45,32
214,205,0.38051,7.3299,14,51
115,66,0.38048,8.1816,25,37
320,291,0.38046,5.4001,32,46
114,68,0.38033,6.6222,53,34
29,19,0.38027,7.1941,11,91
249,179,0.38012,16.711,30,57
313,215,0.38005,32.592,9,25
65,49,0.37994,18.711,68,71
112,48,0.37987,24.889,22,22
21,12,0.37975,12.252,94,29
291,245,0.37974,6.2183,46,22
292,200,0.37953,17.606,53,77
272,242,0.37947,5.8011,73,34
119,99,0.37939,13.229,51,25
274,170,0.37933,10.73,68,56
311,215,0.37932,37.875,17,25
230,221,0.37925,10.939,14,26
284,167,0.37918,19.466,77,35
241,197,0.37893,13.44,76,87
272,110,0.3789,29.129,73,17
241,170,0.37874,7.7322,76,56
118,38,0.37866,29.653,28,70
205,167,0.37862,6.6623,51,35
252,68,0.3786,23.214,75,34
31,19,0.37848,7.6564,55,91
285,255,0.37847,11.332,29,22
138,102,0.37843,18.033,26,20
207,164,0.37839,6.1267,28,13
252,23,0.37834,56.492,75,60
14,7,0.37832,7.9516,77,37
37,21,0.37828,11.165,39,94
298,264,0.37826,31.761,22,51
178,20,0.37819,70.394,88,87
257,197,0.37819,18.025,42,87
221,83,0.37818,21.741,26,41
59,52,0.37818,8.3109,22,19
326,274,0.37816,6.951,73,68
65,18,0.37801,30.374,68,32
146,35,0.37781,40.394,71,57
75,42,0.37762,38.855,44,30
228,216,0.37759,3.3901,41,14
329,322,0.37746,11.347,33,22
324,272,0.37744,7.5061,33,73
328,254,0.37744,3.1983,66,33
286,271,0.37734,4.4031,75,39
134,102,0.3773,15.424,20,20
280,174,0.37712,17.142,18,80
58,42,0.37699,20.925,18,30
64,44,0.37693,30.731,59,45
191,163,0.37692,10.051,14,41
47,40,0.37685,9.0706,88,27
150,139,0.37679,13.238,33,15
225,217,0.37668,7.0056,63,16
288,270,0.37668,5.9287,65,44
110,25,0.37667,31.288,17,67
113,97,0.37665,4.5266,13,19
288,265,0.37659,11.977,65,83
236,181,0.37657,8.3579,15,36
105,44,0.37653,45.797,32,45
284,49,0.37617,50.007,77,71
293,69,0.37613,11.282,15,45
262,233,0.37611,4.6092,36,57
174,23,0.37604,61.577,80,60
246,197,0.376,4.6617,48,87
