329,323,9.881e-15,6.6442,33,69
329,318,9.77e-15,23.504,33,16
329,319,9.77e-15,20.223,33,37
329,321,9.77e-15,14.869,33,24
329,322,9.77e-15,11.347,33,22
326,318,9.7145e-15,20.835,73,16
326,319,9.7145e-15,17.23,73,37
329,315,9.7145e-15,32.574,33,9
329,317,9.7145e-15,26.077,33,13
329,320,9.7145e-15,18.383,33,32
325,318,9.6589e-15,20.251,19,16
325,319,9.6589e-15,16.685,19,37
326,315,9.6589e-15,29.432,73,9
326,317,9.6589e-15,23.093,73,13
326,320,9.6589e-15,14.601,73,32
327,318,9.6589e-15,26.232,21,16
327,319,9.6589e-15,22.535,21,37
327,321,9.6589e-15,16.967,21,24
328,318,9.6589e-15,24.668,66,16
328,319,9.6589e-15,20.967,66,37
328,321,9.6589e-15,16.039,66,24
328,322,9.6589e-15,12.012,66,22
329,309,9.6589e-15,43.218,33,16
329,310,9.6589e-15,43.757,33,35
329,311,9.6589e-15,39.013,33,17
329,312,9.6589e-15,38.932,33,12
329,313,9.6589e-15,35.483,33,9
329,314,9.6589e-15,35.441,33,21
329,316,9.6589e-15,27.376,33,9
323,315,9.6034e-15,24.008,69,9
323,317,9.6034e-15,17.288,69,13
324,318,9.6034e-15,16.713,33,16
325,315,9.6034e-15,29.913,19,9
325,317,9.6034e-15,23.2,19,13
326,309,9.6034e-15,36.528,73,16
326,310,9.6034e-15,38.514,73,35
326,311,9.6034e-15,33.474,73,17
326,312,9.6034e-15,35.032,73,12
326,313,9.6034e-15,31.462,73,9
326,314,9.6034e-15,32.504,73,21
326,316,9.6034e-15,25.322,73,9
327,315,9.6034e-15,35.377,21,9
327,317,9.6034e-15,28.771,21,13
327,320,9.6034e-15,20.154,21,32
328,315,9.6034e-15,33.177,66,9
328,317,9.6034e-15,26.749,66,13
328,320,9.6034e-15,19.06,66,32
329,307,9.6034e-15,36.841,33,21
323,309,9.5479e-15,33.619,69,16
323,310,9.5479e-15,33.992,69,35
323,311,9.5479e-15,28.651,69,17
323,312,9.5479e-15,28.936,69,12
323,313,9.5479e-15,26.021,69,9
323,314,9.5479e-15,26.284,69,21
323,316,9.5479e-15,19.324,69,9
324,315,9.5479e-15,26.141,33,9
324,317,9.5479e-15,19.524,33,13
325,309,9.5479e-15,38.598,19,16
325,310,9.5479e-15,39.61,19,35
325,311,9.5479e-15,34.088,19,17
325,312,9.5479e-15,34.872,19,12
325,313,9.5479e-15,31.897,19,9
325,314,9.5479e-15,32.37,19,21
325,316,9.5479e-15,25.403,19,9
326,307,9.5479e-15,31.807,73,21
327,309,9.5479e-15,43.98,21,16
327,310,9.5479e-15,45.385,21,35
327,311,9.5479e-15,40.143,21,17
327,312,9.5479e-15,41.059,21,12
327,313,9.5479e-15,37.711,21,9
327,314,9.5479e-15,38.247,21,21
327,316,9.5479e-15,30.671,21,9
328,309,9.5479e-15,42.945,66,16
328,310,9.5479e-15,43.974,66,35
328,311,9.5479e-15,39.297,66,17
328,312,9.5479e-15,39.733,66,12
328,313,9.5479e-15,36.023,66,9
328,314,9.5479e-15,36.343,66,21
328,316,9.5479e-15,28.191,66,9
329,303,9.5479e-15,31.024,33,36
329,306,9.5479e-15,36.003,33,15
329,308,9.5479e-15,41.19,33,39
321,315,9.4924e-15,16.615,24,9
322,315,9.4924e-15,20.538,22,9
323,307,9.4924e-15,27.955,69,21
324,309,9.4924e-15,34.077,33,16
324,310,9.4924e-15,35.428,33,35
324,311,9.4924e-15,30.006,33,17
324,312,9.4924e-15,31.132,33,12
324,313,9.4924e-15,27.967,33,9
324,314,9.4924e-15,28.755,33,21
324,316,9.4924e-15,21.978,33,9
325,307,9.4924e-15,33.431,19,21
326,303,9.4924e-15,26.917,73,36
326,306,9.4924e-15,29.924,73,15
326,308,9.4924e-15,35.16,73,39
327,307,9.4924e-15,38.681,21,21
328,307,9.4924e-15,36.79,66,21
329,299,9.4924e-15,27.676,33,11
329,300,9.4924e-15,28.921,33,66
329,301,9.4924e-15,32.385,33,31
329,302,9.4924e-15,33.461,33,25
329,304,9.4924e-15,35.436,33,67
329,305,9.4924e-15,37.862,33,43
318,309,9.4369e-15,19.251,16,16
318,310,9.4369e-15,18.529,16,35
318,311,9.4369e-15,14.825,16,17
318,312,9.4369e-15,13.326,16,12
319,309,9.4369e-15,18.606,37,16
319,310,9.4369e-15,18.973,37,35
319,311,9.4369e-15,14.316,37,17
319,312,9.4369e-15,14.848,37,12
319,313,9.4369e-15,11.368,37,9
321,309,9.4369e-15,26.871,24,16
321,310,9.4369e-15,26.998,24,35
321,311,9.4369e-15,21.916,24,17
321,312,9.4369e-15,22.003,24,12
321,313,9.4369e-15,18.97,24,9
321,314,9.4369e-15,19.338,24,21
322,309,9.4369e-15,30.073,22,16
322,310,9.4369e-15,30.426,22,35
322,311,9.4369e-15,25.221,22,17
322,312,9.4369e-15,25.555,22,12
322,313,9.4369e-15,22.489,22,9
322,314,9.4369e-15,22.897,22,21
322,316,9.4369e-15,16.153,22,9
323,303,9.4369e-15,21.731,69,36
323,306,9.4369e-15,25.739,69,15
323,308,9.4369e-15,31.956,69,39
324,307,9.4369e-15,29.136,33,21
325,303,9.4369e-15,27.518,19,36
325,306,9.4369e-15,30.936,19,15
325,308,9.4369e-15,37.179,19,39
326,299,9.4369e-15,21.163,73,11
326,300,9.4369e-15,22.527,73,66
326,301,9.4369e-15,25.119,73,31
326,302,9.4369e-15,25.949,73,25
326,304,9.4369e-15,29.081,73,67
326,305,9.4369e-15,31.119,73,43
327,303,9.4369e-15,33.185,21,36
327,306,9.4369e-15,36.801,21,15
327,308,9.4369e-15,42.422,21,39
328,303,9.4369e-15,31.439,66,36
328,306,9.4369e-15,36.022,66,15
328,308,9.4369e-15,40.876,66,39
329,294,9.4369e-15,23.192,33,18
329,295,9.4369e-15,23.058,33,32
329,297,9.4369e-15,26.413,33,70
329,298,9.4369e-15,28.431,33,22
315,309,9.3814e-15,13.15,9,16
317,309,9.3814e-15,14.073,13,16
317,310,9.3814e-15,13.834,13,35
317,311,9.3814e-15,9.5607,13,17
318,307,9.3814e-15,12.776,16,21
319,307,9.3814e-15,12.991,37,21
320,309,9.3814e-15,22.615,32,16
320,310,9.3814e-15,22.774,32,35
320,311,9.3814e-15,17.368,32,17
320,312,9.3814e-15,17.816,32,12
320,313,9.3814e-15,15.134,32,9
320,314,9.3814e-15,15.893,32,21
321,307,9.3814e-15,20.639,24,21
322,307,9.3814e-15,24.31,22,21
323,299,9.3814e-15,17.827,69,11
323,300,9.3814e-15,20.61,69,66
323,301,9.3814e-15,23.54,69,31
323,302,9.3814e-15,23.467,69,25
323,304,9.3814e-15,26.295,69,67
323,305,9.3814e-15,28.607,69,43
324,303,9.3814e-15,23.528,33,36
324,306,9.3814e-15,26.687,33,15
324,308,9.3814e-15,32.704,33,39
325,299,9.3814e-15,22.656,19,11
325,300,9.3814e-15,25.253,19,66
325,301,9.3814e-15,27.992,19,31
325,302,9.3814e-15,27.902,19,25
325,304,9.3814e-15,31.299,19,67
325,305,9.3814e-15,33.49,19,43
326,294,9.3814e-15,14.55,73,18
326,295,9.3814e-15,16.164,73,32
326,297,9.3814e-15,18.871,73,70
326,298,9.3814e-15,20.43,73,22
327,299,9.3814e-15,28.186,21,11
327,300,9.3814e-15,29.891,21,66
327,301,9.3814e-15,32.754,21,31
327,302,9.3814e-15,33.335,21,25
327,304,9.3814e-15,36.415,21,67
327,305,9.3814e-15,38.589,21,43
328,299,9.3814e-15,27.366,66,11
328,300,9.3814e-15,28.18,66,66
328,301,9.3814e-15,31.505,66,31
328,302,9.3814e-15,32.919,66,25
328,304,9.3814e-15,34.962,66,67
328,305,9.3814e-15,37.287,66,43
329,293,9.3814e-15,18.649,33,15
329,296,9.3814e-15,24.078,33,31
315,307,9.3259e-15,6.0243,9,21
316,309,9.3259e-15,16.062,9,16
316,310,9.3259e-15,14.547,9,35
317,307,9.3259e-15,8.8053,13,21
318,303,9.3259e-15,6.0204,16,36
318,306,9.3259e-15,12.07,16,15
318,308,9.3259e-15,17.457,16,39
319,303,9.3259e-15,7.035,37,36
319,306,9.3259e-15,11.201,37,15
319,308,9.3259e-15,16.853,37,39
320,307,9.3259e-15,17.497,32,21
321,303,9.3259e-15,14.604,24,36
321,306,9.3259e-15,19.129,24,15
321,308,9.3259e-15,24.994,24,39
322,303,9.3259e-15,18.148,22,36
322,306,9.3259e-15,22.272,22,15
322,308,9.3259e-15,28.306,22,39
323,294,9.3259e-15,15.381,69,18
323,295,9.3259e-15,12.924,69,32
323,297,9.3259e-15,18.163,69,70
323,298,9.3259e-15,19.203,69,22
324,299,9.3259e-15,18.183,33,11
324,300,9.3259e-15,20.646,33,66
324,301,9.3259e-15,23.278,33,31
324,302,9.3259e-15,23.41,33,25
324,304,9.3259e-15,26.747,33,67
324,305,9.3259e-15,28.891,33,43
325,294,9.3259e-15,18.368,19,18
325,295,9.3259e-15,17.604,19,32
325,297,9.3259e-15,22.135,19,70
325,298,9.3259e-15,23.29,19,22
326,293,9.3259e-15,10.781,73,15
326,296,9.3259e-15,17.344,73,31
327,294,9.3259e-15,22.456,21,18
327,295,9.3259e-15,23.376,21,32
327,297,9.3259e-15,26.56,21,70
327,298,9.3259e-15,28.191,21,22
328,294,9.3259e-15,21.703,66,18
328,295,9.3259e-15,22.899,66,32
328,297,9.3259e-15,25.298,66,70
328,298,9.3259e-15,27.31,66,22
329,291,9.3259e-15,15.311,33,46
329,292,9.3259e-15,18.388,33,53
313,307,9.2704e-15,3.5318,9,21
314,307,9.2704e-15,4.2004,21,21
315,303,9.2704e-15,3.3293,9,36
315,306,9.2704e-15,9.8392,9,15
315,308,9.2704e-15,11.457,9,39
316,307,9.2704e-15,8.9023,9,21
317,303,9.2704e-15,2.8657,13,36
317,306,9.2704e-15,6.5066,13,15
317,308,9.2704e-15,12.522,13,39
318,299,9.2704e-15,7.845,16,11
318,300,9.2704e-15,10.609,16,66
318,301,9.2704e-15,13.348,16,31
318,302,9.2704e-15,13.162,16,25
318,304,9.2704e-15,13.217,16,67
318,305,9.2704e-15,15.706,16,43
319,299,9.2704e-15,4.6453,37,11
319,300,9.2704e-15,6.5006,37,66
319,301,9.2704e-15,9.4412,37,31
319,302,9.2704e-15,10.228,37,25
319,304,9.2704e-15,11.508,37,67
319,305,9.2704e-15,13.908,37,43
320,303,9.2704e-15,11.138,32,36
320,306,9.2704e-15,14.635,32,15
320,308,9.2704e-15,21.211,32,39
321,299,9.2704e-15,11.639,24,11
321,300,9.2704e-15,13.71,24,66
321,301,9.2704e-15,17.193,24,31
321,302,9.2704e-15,17.584,24,25
321,304,9.2704e-15,19.468,24,67
321,305,9.2704e-15,21.974,24,43
322,299,9.2704e-15,14.326,22,11
322,300,9.2704e-15,17.047,22,66
322,301,9.2704e-15,20.007,22,31
322,302,9.2704e-15,20.127,22,25
322,304,9.2704e-15,22.657,22,67
322,305,9.2704e-15,24.994,22,43
323,293,9.2704e-15,13.103,69,15
323,296,9.2704e-15,15.62,69,31
324,294,9.2704e-15,13.541,33,18
324,295,9.2704e-15,13.255,33,32
324,297,9.2704e-15,17.364,33,70
324,298,9.2704e-15,18.782,33,22
325,293,9.2704e-15,15.645,19,15
325,296,9.2704e-15,19.87,19,31
326,291,9.2704e-15,9.3741,73,46
326,292,9.2704e-15,11.512,73,53
327,293,9.2704e-15,18.435,21,15
327,296,9.2704e-15,24.747,21,31
328,293,9.2704e-15,16.698,66,15
328,296,9.2704e-15,23.175,66,31
329,283,9.2704e-15,9.9653,33,12
329,285,9.2704e-15,5.9543,33,29
329,286,9.2704e-15,6.6886,33,75
329,287,9.2704e-15,3.1513,33,65
329,288,9.2704e-15,6.5024,33,65
329,289,9.2704e-15,8.9476,33,49
329,290,9.2704e-15,11.993,33,21
309,303,9.2149e-15,6.6819,16,36
310,303,9.2149e-15,7.9958,35,36
311,303,9.2149e-15,6.7691,17,36
312,303,9.2149e-15,7.5212,12,36
312,306,9.2149e-15,5.708,12,15
313,303,9.2149e-15,3.0971,9,36
313,306,9.2149e-15,3.5492,9,15
314,303,9.2149e-15,4.5685,21,36
314,306,9.2149e-15,7.4839,21,15
314,308,9.2149e-15,7.4358,21,39
315,299,9.2149e-15,10.323,9,11
315,300,9.2149e-15,10.752,9,66
315,301,9.2149e-15,12.661,9,31
315,302,9.2149e-15,11.96,9,25
315,304,9.2149e-15,10.113,9,67
315,305,9.2149e-15,12.294,9,43
316,303,9.2149e-15,4.2742,9,36
316,306,9.2149e-15,11.055,9,15
316,308,9.2149e-15,14.177,9,39
317,299,9.2149e-15,4.0755,13,11
317,300,9.2149e-15,7.1552,13,66
317,301,9.2149e-15,9.1851,13,31
317,302,9.2149e-15,8.0059,13,25
317,304,9.2149e-15,8.299,13,67
317,305,9.2149e-15,10.499,13,43
318,294,9.2149e-15,12.395,16,18
318,295,9.2149e-15,7.6489,16,32
318,297,9.2149e-15,11.355,16,70
318,298,9.2149e-15,11.827,16,22
319,294,9.2149e-15,7.2091,37,18
319,295,9.2149e-15,4.4487,37,32
319,297,9.2149e-15,5.9785,37,70
319,298,9.2149e-15,7.4504,37,22
320,299,9.2149e-15,7.8676,32,11
320,300,9.2149e-15,11.393,32,66
320,301,9.2149e-15,14.228,32,31
320,302,9.2149e-15,13.512,32,25
320,304,9.2149e-15,15.961,32,67
320,305,9.2149e-15,18.197,32,43
321,294,9.2149e-15,11.401,24,18
321,295,9.2149e-15,7.4914,24,32
321,297,9.2149e-15,12.342,24,70
321,298,9.2149e-15,13.942,24,22
322,294,9.2149e-15,12.248,22,18
322,295,9.2149e-15,9.6217,22,32
322,297,9.2149e-15,14.818,22,70
322,298,9.2149e-15,15.716,22,22
323,291,9.2149e-15,7.97,69,46
323,292,9.2149e-15,10.031,69,53
324,293,9.2149e-15,11.246,33,15
324,296,9.2149e-15,15.161,33,31
325,291,9.2149e-15,11.426,19,46
325,292,9.2149e-15,13.777,19,53
326,283,9.2149e-15,9.0192,73,12
326,285,9.2149e-15,3.151,73,29
326,286,9.2149e-15,2.7419,73,75
326,287,9.2149e-15,3.0135,73,65
326,288,9.2149e-15,4.1131,73,65
326,289,9.2149e-15,7.4309,73,49
326,290,9.2149e-15,7.6344,73,21
327,291,9.2149e-15,15.965,21,46
327,292,9.2149e-15,18.592,21,53
328,291,9.2149e-15,14.57,66,46
328,292,9.2149e-15,17.592,66,53
329,278,9.2149e-15,14.147,33,29
329,281,9.2149e-15,13.015,33,20
329,284,9.2149e-15,6.801,33,77
309,299,9.1593e-15,12.296,16,11
309,300,9.1593e-15,10.986,16,66
309,301,9.1593e-15,8.8989,16,31
309,302,9.1593e-15,7.4897,16,25
310,299,9.1593e-15,13.868,35,11
310,300,9.1593e-15,12.758,35,66
310,301,9.1593e-15,11.305,35,31
310,302,9.1593e-15,9.7076,35,25
310,304,9.1593e-15,7.2807,35,67
311,299,9.1593e-15,10.255,17,11
311,300,9.1593e-15,11.334,17,66
311,301,9.1593e-15,9.6926,17,31
311,302,9.1593e-15,6.7491,17,25
311,304,9.1593e-15,8.0299,17,67
311,305,9.1593e-15,6.0075,17,43
312,299,9.1593e-15,12.827,12,11
312,300,9.1593e-15,13.227,12,66
312,301,9.1593e-15,12.96,12,31
312,302,9.1593e-15,10.431,12,25
312,304,9.1593e-15,10.395,12,67
312,305,9.1593e-15,8.9452,12,43
313,299,9.1593e-15,9.0356,9,11
313,300,9.1593e-15,9.2681,9,66
313,301,9.1593e-15,9.2152,9,31
313,302,9.1593e-15,6.9616,9,25
313,304,9.1593e-15,6.9456,9,67
313,305,9.1593e-15,7.0372,9,43
314,299,9.1593e-15,11.945,21,11
314,300,9.1593e-15,11.96,21,66
314,301,9.1593e-15,12.674,21,31
314,302,9.1593e-15,10.854,21,25
314,304,9.1593e-15,8.5775,21,67
314,305,9.1593e-15,10.263,21,43
315,294,9.1593e-15,17.147,9,18
315,295,9.1593e-15,14.158,9,32
315,297,9.1593e-15,14.559,9,70
315,298,9.1593e-15,14.136,9,22
316,299,9.1593e-15,9.5822,9,11
316,300,9.1593e-15,10.996,9,66
316,301,9.1593e-15,13.546,9,31
316,302,9.1593e-15,13.067,9,25
316,304,9.1593e-15,11.995,9,67
316,305,9.1593e-15,14.272,9,43
317,294,9.1593e-15,11.163,13,18
317,295,9.1593e-15,7.4725,13,32
317,297,9.1593e-15,10.233,13,70
317,298,9.1593e-15,8.7937,13,22
318,293,9.1593e-15,11.918,16,15
318,296,9.1593e-15,8.1866,16,31
319,293,9.1593e-15,6.8677,37,15
319,296,9.1593e-15,3.5741,37,31
320,294,9.1593e-15,9.8125,32,18
320,295,9.1593e-15,4.7216,32,32
320,297,9.1593e-15,10.783,32,70
320,298,9.1593e-15,10.431,32,22
321,293,9.1593e-15,8.9978,24,15
321,296,9.1593e-15,9.5768,24,31
322,293,9.1593e-15,10.29,22,15
322,296,9.1593e-15,12.221,22,31
323,283,9.1593e-15,16.275,69,12
323,285,9.1593e-15,10.422,69,29
323,286,9.1593e-15,7.9096,69,75
323,287,9.1593e-15,3.8861,69,65
323,288,9.1593e-15,3.5471,69,65
323,289,9.1593e-15,3.9126,69,49
323,290,9.1593e-15,4.9872,69,21
324,291,9.1593e-15,6.9616,33,46
324,292,9.1593e-15,9.0632,33,53
325,283,9.1593e-15,12.674,19,12
325,285,9.1593e-15,6.4022,19,29
325,286,9.1593e-15,5.6222,19,75
325,287,9.1593e-15,3.9516,19,65
325,288,9.1593e-15,5.2514,19,65
325,289,9.1593e-15,7.4761,19,49
325,290,9.1593e-15,8.2021,19,21
326,278,9.1593e-15,6.0526,73,29
326,281,9.1593e-15,6.0025,73,20
326,284,9.1593e-15,6.2034,73,77
327,283,9.1593e-15,7.3226,21,12
327,285,9.1593e-15,2.8752,21,29
327,286,9.1593e-15,4.9039,21,75
327,287,9.1593e-15,3.8464,21,65
327,288,9.1593e-15,7.449,21,65
327,289,9.1593e-15,11.119,21,49
327,290,9.1593e-15,13.084,21,21
328,283,9.1593e-15,5.778,66,12
328,285,9.1593e-15,3.2796,66,29
328,286,9.1593e-15,3.3457,66,75
328,287,9.1593e-15,2.6818,66,65
328,288,9.1593e-15,5.5899,66,65
328,289,9.1593e-15,8.8916,66,49
328,290,9.1593e-15,11.749,66,21
329,277,9.1593e-15,15.966,33,22
329,279,9.1593e-15,10.774,33,38
329,280,9.1593e-15,12.274,33,18
329,282,9.1593e-15,10.605,33,20
307,299,9.1038e-15,8.8037,21,11
307,300,9.1038e-15,7.1945,21,66
307,301,9.1038e-15,6.8718,21,31
309,294,9.1038e-15,18.816,16,18
309,295,9.1038e-15,17.499,16,32
309,297,9.1038e-15,15.219,16,70
309,298,9.1038e-15,13.014,16,22
310,294,9.1038e-15,21.674,35,18
310,295,9.1038e-15,19.556,35,32
310,297,9.1038e-15,17.653,35,70
310,298,9.1038e-15,15.935,35,22
311,294,9.1038e-15,17.484,17,18
311,295,9.1038e-15,14.971,17,32
311,297,9.1038e-15,14.974,17,70
311,298,9.1038e-15,11.713,17,22
312,294,9.1038e-15,20.487,12,18
312,295,9.1038e-15,17.531,12,32
312,297,9.1038e-15,17.697,12,70
312,298,9.1038e-15,15.643,12,22
313,294,9.1038e-15,16.887,9,18
313,295,9.1038e-15,14.077,9,32
313,297,9.1038e-15,13.813,9,70
313,298,9.1038e-15,11.888,9,22
314,294,9.1038e-15,19.487,21,18
314,295,9.1038e-15,16.426,21,32
314,297,9.1038e-15,16.553,21,70
314,298,9.1038e-15,15.094,21,22
315,293,9.1038e-15,16.98,9,15
315,296,9.1038e-15,11.349,9,31
316,294,9.1038e-15,16.313,9,18
316,295,9.1038e-15,13.155,9,32
316,297,9.1038e-15,13.83,9,70
316,298,9.1038e-15,14.158,9,22
317,293,9.1038e-15,12.062,13,15
317,296,9.1038e-15,7.3892,13,31
318,291,9.1038e-15,10.031,16,46
318,292,9.1038e-15,10.375,16,53
319,291,9.1038e-15,7.0853,37,46
319,292,9.1038e-15,5.6266,37,53
320,293,9.1038e-15,7.9843,32,15
320,296,9.1038e-15,8.07,32,31
321,291,9.1038e-15,4.6552,24,46
321,292,9.1038e-15,6.2129,24,53
322,291,9.1038e-15,5.6486,22,46
322,292,9.1038e-15,7.108,22,53
323,278,9.1038e-15,14.453,69,29
323,281,9.1038e-15,14.255,69,20
323,284,9.1038e-15,13.255,69,77
324,283,9.1038e-15,13.017,33,12
324,285,9.1038e-15,7.036,33,29
324,286,9.1038e-15,4.3774,33,75
324,287,9.1038e-15,3.3231,33,65
324,288,9.1038e-15,2.9298,33,65
324,289,9.1038e-15,5.0811,33,49
324,290,9.1038e-15,3.8222,33,21
325,278,9.1038e-15,12.42,19,29
325,281,9.1038e-15,10.847,19,20
325,284,9.1038e-15,9.5699,19,77
326,277,9.1038e-15,5.6318,73,22
326,279,9.1038e-15,2.7873,73,38
326,280,9.1038e-15,3.5658,73,18
326,282,9.1038e-15,7.1175,73,20
327,278,9.1038e-15,11.008,21,29
327,281,9.1038e-15,9.2076,21,20
327,284,9.1038e-15,3.8874,21,77
328,278,9.1038e-15,10.17,66,29
328,281,9.1038e-15,9.0174,66,20
328,284,9.1038e-15,3.7641,66,77
329,275,9.1038e-15,12.501,33,51
306,299,9.0483e-15,6.6843,15,11
306,300,9.0483e-15,7.0209,15,66
307,294,9.0483e-15,16.358,21,18
307,295,9.0483e-15,13.948,21,32
307,297,9.0483e-15,12.358,21,70
307,298,9.0483e-15,11.18,21,22
308,299,9.0483e-15,10.668,39,11
308,300,9.0483e-15,8.9369,39,66
308,301,9.0483e-15,7.6926,39,31
308,302,9.0483e-15,6.9923,39,25
309,293,9.0483e-15,21.053,16,15
309,296,9.0483e-15,16.665,16,31
310,293,9.0483e-15,23.156,35,15
310,296,9.0483e-15,18.276,35,31
311,293,9.0483e-15,19.529,17,15
311,296,9.0483e-15,14.87,17,31
312,293,9.0483e-15,21.761,12,15
312,296,9.0483e-15,16.853,12,31
313,293,9.0483e-15,17.991,9,15
313,296,9.0483e-15,13.122,9,31
314,293,9.0483e-15,19.866,21,15
314,296,9.0483e-15,14.564,21,31
315,291,9.0483e-15,16.803,9,46
315,292,9.0483e-15,17.08,9,53
316,293,9.0483e-15,15.371,9,15
316,296,9.0483e-15,9.6479,9,31
317,291,9.0483e-15,10.825,13,46
317,292,9.0483e-15,11.061,13,53
318,283,9.0483e-15,30.123,16,12
318,285,9.0483e-15,25.873,16,29
318,286,9.0483e-15,22.109,16,75
318,287,9.0483e-15,20.483,16,65
318,288,9.0483e-15,16.688,16,65
318,289,9.0483e-15,12.381,16,49
318,290,9.0483e-15,10.635,16,21
319,283,9.0483e-15,26.476,37,12
319,285,9.0483e-15,22.159,37,29
319,286,9.0483e-15,18.394,37,75
319,287,9.0483e-15,16.767,37,65
319,288,9.0483e-15,12.976,37,65
319,289,9.0483e-15,8.7499,37,49
319,290,9.0483e-15,7.0006,37,21
320,291,9.0483e-15,5.4001,32,46
320,292,9.0483e-15,5.2893,32,53
321,283,9.0483e-15,22.097,24,12
321,285,9.0483e-15,17.162,24,29
321,286,9.0483e-15,13.465,24,75
321,287,9.0483e-15,11.839,24,65
321,288,9.0483e-15,7.8135,24,65
321,289,9.0483e-15,4.0842,24,49
321,290,9.0483e-15,3.3788,24,21
322,283,9.0483e-15,18.241,22,12
322,285,9.0483e-15,13.082,22,29
322,286,9.0483e-15,9.468,22,75
322,287,9.0483e-15,7.8248,22,65
322,288,9.0483e-15,3.7912,22,65
322,289,9.0483e-15,3.3767,22,49
322,290,9.0483e-15,2.7593,22,21
323,277,9.0483e-15,13.753,69,22
323,279,9.0483e-15,10.551,69,38
323,280,9.0483e-15,11.852,69,18
323,282,9.0483e-15,13.471,69,20
324,278,9.0483e-15,10.526,33,29
324,281,9.0483e-15,9.8597,33,20
324,284,9.0483e-15,10.024,33,77
325,277,9.0483e-15,12.575,19,22
325,279,9.0483e-15,9.2137,19,38
325,280,9.0483e-15,9.0458,19,18
325,282,9.0483e-15,11.068,19,20
326,275,9.0483e-15,2.574,73,51
327,277,9.0483e-15,12.515,21,22
327,279,9.0483e-15,7.7256,21,38
327,280,9.0483e-15,7.9825,21,18
327,282,9.0483e-15,6.9548,21,20
328,277,9.0483e-15,12.698,66,22
328,279,9.0483e-15,7.1871,66,38
328,280,9.0483e-15,9.3252,66,18
328,282,9.0483e-15,6.1694,66,20
329,269,9.0483e-15,3.2835,33,48
329,270,9.0483e-15,3.1811,33,44
329,271,9.0483e-15,3.2514,33,39
329,272,9.0483e-15,6.8152,33,73
329,273,9.0483e-15,10.214,33,60
329,274,9.0483e-15,12.646,33,68
329,276,9.0483e-15,14.34,33,25
303,294,8.9928e-15,10.67,36,18
303,295,8.9928e-15,8.532,36,32
303,297,8.9928e-15,7.2199,36,70
305,299,8.9928e-15,6.6858,43,11
306,294,8.9928e-15,13.599,15,18
306,295,8.9928e-15,11.199,15,32
306,297,8.9928e-15,11.291,15,70
306,298,8.9928e-15,7.8422,15,22
307,293,8.9928e-15,16.929,21,15
307,296,8.9928e-15,12.038,21,31
308,294,8.9928e-15,18.233,39,18
308,295,8.9928e-15,16.352,39,32
308,297,8.9928e-15,13.89,39,70
308,298,8.9928e-15,12.636,39,22
309,291,8.9928e-15,26.403,16,46
309,292,8.9928e-15,22.489,16,53
310,291,8.9928e-15,27.76,35,46
310,292,8.9928e-15,24.365,35,53
311,291,8.9928e-15,23.158,17,46
311,292,8.9928e-15,19.768,17,53
312,291,8.9928e-15,24.171,12,46
312,292,8.9928e-15,21.796,12,53
313,291,8.9928e-15,19.888,9,46
313,292,8.9928e-15,18.161,9,53
314,291,8.9928e-15,20.365,21,46
314,292,8.9928e-15,19.91,21,53
315,283,8.9928e-15,37.94,9,12
315,285,8.9928e-15,34.474,9,29
315,286,8.9928e-15,29.881,9,75
315,287,8.9928e-15,29.183,9,65
315,288,8.9928e-15,25.497,9,65
315,289,8.9928e-15,21.047,9,49
315,290,8.9928e-15,19.662,9,21
316,291,8.9928e-15,12.242,9,46
316,292,8.9928e-15,14.804,9,53
317,283,8.9928e-15,31.871,13,12
317,285,8.9928e-15,28.062,13,29
317,286,8.9928e-15,23.78,13,75
317,287,8.9928e-15,22.677,13,65
317,288,8.9928e-15,19.05,13,65
317,289,8.9928e-15,14.491,13,49
317,290,8.9928e-15,13.098,13,21
318,278,8.9928e-15,23.324,16,29
318,281,8.9928e-15,26.428,16,20
318,284,8.9928e-15,28.057,16,77
319,278,8.9928e-15,19.631,37,29
319,281,8.9928e-15,22.894,37,20
319,284,8.9928e-15,24.352,37,77
320,283,8.9928e-15,24.257,32,12
320,285,8.9928e-15,19.805,32,29
320,286,8.9928e-15,16.062,32,75
320,287,8.9928e-15,14.784,32,65
320,288,8.9928e-15,10.881,32,65
320,289,8.9928e-15,7.4921,32,49
320,290,8.9928e-15,4.5756,32,21
321,278,8.9928e-15,16.949,24,29
321,281,8.9928e-15,18.643,24,20
321,284,8.9928e-15,19.63,24,77
322,278,8.9928e-15,14.418,22,29
322,281,8.9928e-15,15.125,22,20
322,284,8.9928e-15,15.617,22,77
323,275,8.9928e-15,7.7046,69,51
324,277,8.9928e-15,9.6631,33,22
324,279,8.9928e-15,7.0409,33,38
324,280,8.9928e-15,7.1984,33,18
324,282,8.9928e-15,10.675,33,20
325,275,8.9928e-15,8.0042,19,51
326,269,8.9928e-15,8.9526,73,48
326,270,8.9928e-15,7.4416,73,44
326,271,8.9928e-15,8.2346,73,39
326,272,8.9928e-15,8.7372,73,73
326,273,8.9928e-15,8.7681,73,60
326,274,8.9928e-15,6.951,73,68
326,276,8.9928e-15,4.5999,73,25
327,275,8.9928e-15,10.416,21,51
328,275,8.9928e-15,10.317,66,51
329,267,8.9928e-15,8.5486,33,63
300,294,8.9373e-15,6.5977,66,18
301,294,8.9373e-15,7.8675,31,18
301,295,8.9373e-15,6.7371,31,32
302,294,8.9373e-15,8.5495,25,18
302,295,8.9373e-15,7.5262,25,32
303,293,8.9373e-15,12.353,36,15
303,296,8.9373e-15,7.5695,36,31
304,294,8.9373e-15,12.266,67,18
304,295,8.9373e-15,10.346,67,32
304,297,8.9373e-15,8.034,67,70
304,298,8.9373e-15,6.9744,67,22
305,294,8.9373e-15,13.324,43,18
305,295,8.9373e-15,12.205,43,32
305,297,8.9373e-15,9.4683,43,70
305,298,8.9373e-15,7.8159,43,22
306,293,8.9373e-15,15.76,15,15
306,296,8.9373e-15,11.259,15,31
307,291,8.9373e-15,20.268,21,46
307,292,8.9373e-15,18.088,21,53
308,293,8.9373e-15,19.499,39,15
308,296,8.9373e-15,14.738,39,31
309,283,8.9373e-15,45.558,16,12
309,285,8.9373e-15,42.656,16,29
309,286,8.9373e-15,38.981,16,75
309,287,8.9373e-15,38.832,16,65
309,288,8.9373e-15,35.003,16,65
309,289,8.9373e-15,31.577,16,49
309,290,8.9373e-15,28.555,16,21
310,283,8.9373e-15,47.438,35,12
310,285,8.9373e-15,44.354,35,29
310,286,8.9373e-15,40.317,35,75
310,287,8.9373e-15,39.79,35,65
310,288,8.9373e-15,36.131,35,65
310,289,8.9373e-15,32.076,35,49
310,290,8.9373e-15,29.441,35,21
311,283,8.9373e-15,43.18,17,12
311,285,8.9373e-15,39.443,17,29
311,286,8.9373e-15,35.847,17,75
311,287,8.9373e-15,35.032,17,65
311,288,8.9373e-15,31.229,17,65
311,289,8.9373e-15,27.627,17,49
311,290,8.9373e-15,24.538,17,21
312,283,8.9373e-15,44.521,12,12
312,285,8.9373e-15,40.57,12,29
312,286,8.9373e-15,36.846,12,75
312,287,8.9373e-15,35.51,12,65
312,288,8.9373e-15,31.686,12,65
312,289,8.9373e-15,27.507,12,49
312,290,8.9373e-15,25.25,12,21
313,283,8.9373e-15,40.546,9,12
313,285,8.9373e-15,36.913,9,29
313,286,8.9373e-15,32.792,9,75
313,287,8.9373e-15,31.868,9,65
313,288,8.9373e-15,28.211,9,65
313,289,8.9373e-15,23.845,9,49
313,290,8.9373e-15,21.734,9,21
314,283,8.9373e-15,41.444,21,12
314,285,8.9373e-15,37.647,21,29
314,286,8.9373e-15,33.403,21,75
314,287,8.9373e-15,32.26,21,65
314,288,8.9373e-15,28.613,21,65
314,289,8.9373e-15,24.015,21,49
314,290,8.9373e-15,22.486,21,21
315,278,8.9373e-15,30.338,9,29
315,281,8.9373e-15,34.474,9,20
315,284,8.9373e-15,36.303,9,77
316,283,8.9373e-15,33.482,9,12
316,285,8.9373e-15,29.893,9,29
316,286,8.9373e-15,25.177,9,75
316,287,8.9373e-15,24.247,9,65
316,288,8.9373e-15,20.764,9,65
316,289,8.9373e-15,16.128,9,49
316,290,8.9373e-15,15.551,9,21
317,278,8.9373e-15,24.775,13,29
317,281,8.9373e-15,28.405,13,20
317,284,8.9373e-15,30.023,13,77
318,277,8.9373e-15,20.599,16,22
318,279,8.9373e-15,20.925,16,38
318,280,8.9373e-15,23.673,16,18
318,282,8.9373e-15,24.537,16,20
319,277,8.9373e-15,16.525,37,22
319,279,8.9373e-15,17.392,37,38
319,280,8.9373e-15,20.142,37,18
319,282,8.9373e-15,21.147,37,20
320,278,8.9373e-15,17.765,32,29
320,281,8.9373e-15,20.313,32,20
320,284,8.9373e-15,22.133,32,77
321,277,8.9373e-15,14.675,24,22
321,279,8.9373e-15,13.507,24,38
321,280,8.9373e-15,16.008,24,18
321,282,8.9373e-15,17.202,24,20
322,277,8.9373e-15,12.771,22,22
322,279,8.9373e-15,10.376,22,38
322,280,8.9373e-15,12.611,22,18
322,282,8.9373e-15,14.37,22,20
323,269,8.9373e-15,10.954,69,48
323,270,8.9373e-15,7.9111,69,44
323,271,8.9373e-15,5.0672,69,39
323,272,8.9373e-15,6.6423,69,73
323,273,8.9373e-15,8.5426,69,60
323,274,8.9373e-15,9.2236,69,68
323,276,8.9373e-15,11.218,69,25
324,275,8.9373e-15,4.3544,33,51
325,269,8.9373e-15,10.9,19,48
325,270,8.9373e-15,8.3982,19,44
325,271,8.9373e-15,8.2622,19,39
325,272,8.9373e-15,9.5197,19,73
325,273,8.9373e-15,10.985,19,60
325,274,8.9373e-15,11.007,19,68
325,276,8.9373e-15,11.687,19,25
326,267,8.9373e-15,12.865,73,63
327,269,8.9373e-15,6.5408,21,48
327,270,8.9373e-15,6.247,21,44
327,271,8.9373e-15,8.4638,21,39
327,272,8.9373e-15,9.8254,21,73
327,273,8.9373e-15,12.509,21,60
327,274,8.9373e-15,13.811,21,68
327,276,8.9373e-15,12.386,21,25
328,269,8.9373e-15,2.9181,66,48
328,270,8.9373e-15,2.704,66,44
328,271,8.9373e-15,4.7301,66,39
328,272,8.9373e-15,5.7541,66,73
328,273,8.9373e-15,8.9994,66,60
328,274,8.9373e-15,11.375,66,68
328,276,8.9373e-15,11.653,66,25
329,262,8.9373e-15,12.307,33,36
329,263,8.9373e-15,8.3781,33,28
329,265,8.9373e-15,4.6508,33,83
329,266,8.9373e-15,6.4297,33,27
329,268,8.9373e-15,6.6096,33,27
299,293,8.8818e-15,6.7538,11,15
300,293,8.8818e-15,7.2433,66,15
301,293,8.8818e-15,9.1631,31,15
302,293,8.8818e-15,11.032,25,15
302,296,8.8818e-15,6.8744,25,31
303,291,8.8818e-15,15.289,36,46
303,292,8.8818e-15,13.42,36,53
304,293,8.8818e-15,13.442,67,15
304,296,8.8818e-15,8.6489,67,31
305,293,8.8818e-15,15.293,43,15
305,296,8.8818e-15,10.745,43,31
306,291,8.8818e-15,19.652,15,46
306,292,8.8818e-15,16.084,15,53
307,283,8.8818e-15,40.334,21,12
307,285,8.8818e-15,37.352,21,29
307,286,8.8818e-15,32.885,21,75
307,287,8.8818e-15,32.752,21,65
307,288,8.8818e-15,28.812,21,65
307,289,8.8818e-15,25.139,21,49
307,290,8.8818e-15,22.82,21,21
308,291,8.8818e-15,24.461,39,46
308,292,8.8818e-15,21.039,39,53
309,278,8.8818e-15,35.651,16,29
309,281,8.8818e-15,40.46,16,20
309,284,8.8818e-15,44.616,16,77
310,278,8.8818e-15,38.115,35,29
310,281,8.8818e-15,42.916,35,20
310,284,8.8818e-15,46.263,35,77
311,278,8.8818e-15,34.21,17,29
311,281,8.8818e-15,38.334,17,20
311,284,8.8818e-15,41.66,17,77
312,278,8.8818e-15,36.296,12,29
312,281,8.8818e-15,40.236,12,20
312,284,8.8818e-15,42.751,12,77
313,278,8.8818e-15,32.326,9,29
313,281,8.8818e-15,36.51,9,20
313,284,8.8818e-15,38.922,9,77
314,278,8.8818e-15,33.699,21,29
314,281,8.8818e-15,37.759,21,20
314,284,8.8818e-15,39.646,21,77
315,277,8.8818e-15,27.637,9,22
315,279,8.8818e-15,28.869,9,38
315,280,8.8818e-15,31.749,9,18
315,282,8.8818e-15,31.133,9,20
316,278,8.8818e-15,26.835,9,29
316,281,8.8818e-15,30.515,9,20
316,284,8.8818e-15,31.666,9,77
317,277,8.8818e-15,21.819,13,22
317,279,8.8818e-15,22.777,13,38
317,280,8.8818e-15,25.65,13,18
317,282,8.8818e-15,25.603,13,20
318,275,8.8818e-15,16.477,16,51
319,275,8.8818e-15,12.922,37,51
320,277,8.8818e-15,15.04,32,22
320,279,8.8818e-15,14.997,32,38
320,280,8.8818e-15,17.589,32,18
320,282,8.8818e-15,19.268,32,20
321,275,8.8818e-15,9.106,24,51
322,275,8.8818e-15,6.4776,22,51
323,267,8.8818e-15,17.092,69,63
324,269,8.8818e-15,11.38,33,48
324,270,8.8818e-15,7.6475,33,44
324,271,8.8818e-15,6.8539,33,39
324,272,8.8818e-15,7.5061,33,73
324,273,8.8818e-15,8.9025,33,60
324,274,8.8818e-15,6.9843,33,68
324,276,8.8818e-15,8.2102,33,25
325,267,8.8818e-15,15.75,19,63
326,262,8.8818e-15,15.496,73,36
326,263,8.8818e-15,12.028,73,28
326,265,8.8818e-15,8.4726,73,83
326,266,8.8818e-15,10.15,73,27
326,268,8.8818e-15,11.229,73,27
327,267,8.8818e-15,8.6761,21,63
328,267,8.8818e-15,7.4118,66,63
329,259,8.8818e-15,15.977,33,31
329,260,8.8818e-15,16.853,33,16
329,261,8.8818e-15,15.6,33,70
329,264,8.8818e-15,6.2168,33,51
299,291,8.8263e-15,10.865,11,46
299,292,8.8263e-15,7.3008,11,53
300,291,8.8263e-15,11.914,66,46
300,292,8.8263e-15,8.9477,66,53
301,291,8.8263e-15,14.82,31,46
301,292,8.8263e-15,11.135,31,53
302,291,8.8263e-15,16.424,25,46
302,292,8.8263e-15,12.417,25,53
303,283,8.8263e-15,35.933,36,12
303,285,8.8263e-15,32.316,36,29
303,286,8.8263e-15,28.162,36,75
303,287,8.8263e-15,27.294,36,65
303,288,8.8263e-15,23.65,36,65
303,289,8.8263e-15,19.335,36,49
303,290,8.8263e-15,17.204,36,21
304,291,8.8263e-15,18.436,67,46
304,292,8.8263e-15,14.961,67,53
305,291,8.8263e-15,20.649,43,46
305,292,8.8263e-15,16.974,43,53
306,283,8.8263e-15,39.548,15,12
306,285,8.8263e-15,35.95,15,29
306,286,8.8263e-15,32.412,15,75
306,287,8.8263e-15,31.78,15,65
306,288,8.8263e-15,28.056,15,65
306,289,8.8263e-15,24.563,15,49
306,290,8.8263e-15,21.309,15,21
307,278,8.8263e-15,31.513,21,29
307,281,8.8263e-15,36.293,21,20
307,284,8.8263e-15,39.12,21,77
308,283,8.8263e-15,43.789,39,12
308,285,8.8263e-15,40.982,39,29
308,286,8.8263e-15,36.815,39,75
308,287,8.8263e-15,36.808,39,65
308,288,8.8263e-15,32.887,39,65
308,289,8.8263e-15,29.524,39,49
308,290,8.8263e-15,26.706,39,21
309,277,8.8263e-15,31.224,16,22
309,279,8.8263e-15,35.968,16,38
309,280,8.8263e-15,37.778,16,18
309,282,8.8263e-15,38.743,16,20
310,277,8.8263e-15,34.371,35,22
310,279,8.8263e-15,37.88,35,38
310,280,8.8263e-15,40.378,35,18
310,282,8.8263e-15,40.37,35,20
311,277,8.8263e-15,29.825,17,22
311,279,8.8263e-15,33.405,17,38
311,280,8.8263e-15,35.511,17,18
311,282,8.8263e-15,36.966,17,20
312,277,8.8263e-15,32.553,12,22
312,279,8.8263e-15,34.93,12,38
312,280,8.8263e-15,37.533,12,18
312,282,8.8263e-15,38.204,12,20
313,277,8.8263e-15,29.073,9,22
313,279,8.8263e-15,31.083,9,38
313,280,8.8263e-15,33.808,9,18
313,282,8.8263e-15,33.901,9,20
314,277,8.8263e-15,30.867,21,22
314,279,8.8263e-15,32.203,21,38
314,280,8.8263e-15,35.017,21,18
314,282,8.8263e-15,34.778,21,20
315,275,8.8263e-15,24.386,9,51
316,277,8.8263e-15,24.272,9,22
316,279,8.8263e-15,24.818,9,38
316,280,8.8263e-15,27.779,9,18
316,282,8.8263e-15,26.992,9,20
317,275,8.8263e-15,18.273,13,51
318,269,8.8263e-15,26.386,16,48
318,270,8.8263e-15,23.441,16,44
318,271,8.8263e-15,18.893,16,39
318,272,8.8263e-15,17.239,16,73
318,273,8.8263e-15,10.144,16,60
318,274,8.8263e-15,14.678,16,68
318,276,8.8263e-15,18.494,16,25
319,269,8.8263e-15,23.604,37,48
319,270,8.8263e-15,20.205,37,44
319,271,8.8263e-15,15.801,37,39
319,272,8.8263e-15,13.882,37,73
319,273,8.8263e-15,7.9249,37,60
319,274,8.8263e-15,11.426,37,68
319,276,8.8263e-15,15.131,37,25
320,275,8.8263e-15,10.438,32,51
321,269,8.8263e-15,18.466,24,48
321,270,8.8263e-15,15.134,24,44
321,271,8.8263e-15,10.705,24,39
321,272,8.8263e-15,9.4602,24,73
321,273,8.8263e-15,4.9132,24,60
321,274,8.8263e-15,8.0929,24,68
321,276,8.8263e-15,11.846,24,25
322,269,8.8263e-15,15.51,22,48
322,270,8.8263e-15,11.758,22,44
322,271,8.8263e-15,8.1726,22,39
322,272,8.8263e-15,7.3596,22,73
322,273,8.8263e-15,7.3889,22,60
322,274,8.8263e-15,7.311,22,68
322,276,8.8263e-15,9.9485,22,25
323,262,8.8263e-15,20.665,69,36
323,263,8.8263e-15,17.045,69,28
323,265,8.8263e-15,13.511,69,83
323,266,8.8263e-15,15.622,69,27
323,268,8.8263e-15,13.996,69,27
324,267,8.8263e-15,16.801,33,63
